brand,model,launch_price_inr,launch_year,age_years,city,seller_type,ram_gb,storage_gb,processor,display_hz,battery_health_pct,camera_mp,condition,screen_crack,scratches,box,charger,invoice,warranty,network,repair_history,estimated_resale_price_inr
Apple,iPhone 11,49999,2022,4,Pune,Individual,12,64,Dimensity 9200,120,74,50,Good,No,,Yes,Yes,Yes,No,5G,,17800
OnePlus,Nord 3,33999,2025,1,Delhi,Individual,6,256,Snapdragon 695,90,91,108,Good,No,Moderate,No,Yes,No,No,5G,,21300
Realme,11 Pro+,32999,2026,0,Noida,Individual,12,256,A16 Bionic,120,98,108,Good,No,Moderate,Yes,No,No,Yes,5G,,22700
Xiaomi,Redmi Note 12 Pro,25999,2023,3,Kolkata,Individual,8,128,Snapdragon 7 Gen 3,120,74,64,Excellent,No,,Yes,Yes,No,No,5G,,11300
iQOO,Z9,21999,2023,3,Patna,Individual,6,512,Dimensity 8200,90,79,108,Excellent,No,Minor,Yes,Yes,Yes,No,5G,,9100
OnePlus,9 Pro,64999,2025,1,Delhi,Dealer,8,256,A16 Bionic,90,90,64,Good,No,Moderate,Yes,Yes,No,No,5G,Screen Replaced,39300
Xiaomi,Redmi Note 13 Pro,29999,2024,2,Hyderabad,Individual,12,256,Dimensity 9200,90,81,64,Fair,No,,No,Yes,No,No,5G,Battery Replaced,12000
Apple,iPhone 12,65999,2024,2,Delhi,Individual,12,256,A17 Pro,120,95,64,Good,No,,Yes,Yes,No,No,5G,,36900
Oppo,Reno 10,32999,2022,4,Chennai,Individual,16,128,Tensor G3,90,80,50,Good,No,Moderate,Yes,Yes,Yes,No,5G,,9700
Realme,GT Neo 3,36999,2021,5,Patna,Individual,12,128,Dimensity 7200,120,71,64,Fair,No,Moderate,Yes,No,No,No,5G,,7400
Motorola,G84,19999,2023,3,Lucknow,Individual,8,256,Tensor G3,120,75,108,Good,No,Minor,No,Yes,No,No,5G,,8000
Google,Pixel 7a,43999,2024,2,Bengaluru,Dealer,8,64,Tensor G2,60,90,64,Good,No,,Yes,Yes,Yes,No,5G,,24700
Oppo,Reno 10,32999,2023,3,Pune,Dealer,8,128,A17 Pro,120,69,64,Poor,No,,No,Yes,Yes,No,5G,,8600
Samsung,Galaxy S23,74999,2022,4,Hyderabad,Individual,4,128,A15 Bionic,120,69,64,Fair,Yes,,No,Yes,No,No,5G,Battery Replaced,15100
iQOO,12,52999,2024,2,Jaipur,Individual,12,128,Tensor G2,120,85,50,Good,No,Minor,Yes,Yes,Yes,No,5G,,25400
Samsung,Galaxy S21 FE,54999,2023,3,Kolkata,Individual,12,128,A15 Bionic,90,68,108,Good,No,,No,No,No,No,5G,,21600
Xiaomi,Redmi Note 12 Pro,25999,2026,0,Noida,Individual,4,512,Snapdragon 8 Gen 3,120,98,64,Poor,No,,No,Yes,Yes,No,5G,Battery Replaced,12400
Xiaomi,Poco F5,29999,2024,2,Hyderabad,Individual,16,128,Snapdragon 695,90,81,108,Fair,Yes,,Yes,No,No,No,5G,,8800
Samsung,Galaxy S22,62999,2024,2,Delhi,Individual,12,256,A15 Bionic,120,84,50,Poor,No,,Yes,No,Yes,No,5G,Battery Replaced,21100
Apple,iPhone 12,65999,2025,1,Kolkata,Dealer,12,64,Snapdragon 8 Gen 2,60,81,48,Excellent,No,Minor,No,Yes,Yes,No,5G,Battery Replaced,48500
Samsung,Galaxy S21 FE,54999,2024,2,Noida,Individual,12,256,Snapdragon 695,120,87,50,Excellent,No,Moderate,No,No,No,No,5G,Battery Replaced,29900
Xiaomi,Xiaomi 13 Pro,79999,2024,2,Bengaluru,Dealer,12,256,Tensor G3,90,87,48,Fair,No,,Yes,Yes,Yes,No,5G,,34700
Oppo,F25,23999,2024,2,Kolkata,Individual,4,128,Tensor G3,90,77,200,Poor,No,,No,No,No,No,5G,,7400
OnePlus,9 Pro,64999,2025,1,Jaipur,Individual,6,512,Tensor G3,60,90,64,Good,No,,Yes,No,No,No,5G,,38700
iQOO,12,52999,2022,4,Noida,Dealer,16,128,Snapdragon 8 Gen 3,60,78,108,Fair,No,Moderate,Yes,Yes,No,No,5G,,13800
Samsung,Galaxy S21 FE,54999,2022,4,Bengaluru,Dealer,6,128,Dimensity 7200,90,69,108,Fair,No,,No,Yes,No,No,5G,,15800
Samsung,Galaxy S23,74999,2024,2,Patna,Dealer,8,64,Snapdragon 8 Gen 2,90,87,50,Good,No,Moderate,No,Yes,No,No,5G,,40300
Apple,iPhone 15,89999,2021,5,Kolkata,Individual,12,128,Dimensity 9200,120,67,48,Poor,No,,Yes,Yes,Yes,No,4G,,17400
Vivo,V29,32999,2021,5,Delhi,Dealer,12,256,A15 Bionic,90,66,108,Poor,No,,Yes,Yes,No,No,4G,,5400
OnePlus,Nord 3,33999,2023,3,Pune,Individual,6,128,A16 Bionic,120,73,48,Poor,Yes,Moderate,No,Yes,No,No,5G,Screen Replaced,6300
Xiaomi,Redmi Note 13 Pro,29999,2023,3,Patna,Individual,8,256,Dimensity 8200,90,79,200,Poor,No,Heavy,Yes,Yes,Yes,No,5G,,8100
Motorola,G84,19999,2025,1,Mumbai,Dealer,8,128,Dimensity 7200,120,80,200,Good,No,Moderate,No,No,No,No,5G,Battery Replaced,11500
OnePlus,Nord 3,33999,2022,4,Noida,Dealer,8,128,Snapdragon 8 Gen 3,60,74,200,Fair,No,Moderate,Yes,No,Yes,No,5G,,10000
Samsung,Galaxy M35,22999,2022,4,Patna,Dealer,6,512,Dimensity 9200,120,73,108,Excellent,No,Minor,No,Yes,Yes,No,5G,Battery Replaced,8400
OnePlus,Nord 3,33999,2022,4,Mumbai,Dealer,8,64,Snapdragon 695,120,72,50,Poor,No,Minor,Yes,Yes,No,No,5G,,7600
Apple,iPhone 12,65999,2023,3,Hyderabad,Dealer,12,128,Snapdragon 695,90,83,50,Good,Yes,Minor,No,Yes,No,No,5G,,21200
Realme,Narzo 70,19999,2024,2,Kolkata,Individual,8,256,Snapdragon 8 Gen 2,90,82,108,Excellent,No,Minor,Yes,Yes,Yes,No,5G,,9900
Apple,iPhone 11,49999,2024,2,Noida,Individual,8,256,Dimensity 8200,120,89,108,Excellent,Yes,Moderate,Yes,No,No,No,5G,,21300
Vivo,V29,32999,2026,0,Kolkata,Individual,4,128,Tensor G2,90,93,108,Good,No,Moderate,No,No,Yes,Yes,5G,,21900
OnePlus,11R,39999,2025,1,Lucknow,Dealer,8,128,Tensor G2,90,94,64,Excellent,No,Minor,Yes,No,No,No,5G,,27300
Realme,GT Neo 3,36999,2022,4,Bengaluru,Individual,12,128,A15 Bionic,90,75,200,Excellent,No,Moderate,No,Yes,Yes,No,5G,,12400
iQOO,Neo 9 Pro,37999,2024,2,Jaipur,Individual,16,256,Dimensity 7200,90,89,108,Good,No,Moderate,Yes,Yes,Yes,No,5G,Battery Replaced,19500
Motorola,G84,19999,2024,2,Bengaluru,Individual,8,256,Snapdragon 8 Gen 2,90,86,50,Excellent,Yes,Minor,Yes,Yes,Yes,No,5G,,7900
Xiaomi,Redmi Note 13 Pro,29999,2025,1,Pune,Individual,12,256,A17 Pro,90,90,48,Good,No,Minor,No,No,Yes,No,5G,,17700
Motorola,G84,19999,2025,1,Noida,Individual,16,128,Dimensity 9200,90,81,48,Good,No,,No,Yes,No,No,5G,,11800
Samsung,Galaxy M35,22999,2024,2,Mumbai,Dealer,6,128,Snapdragon 8 Gen 3,120,85,200,Excellent,No,Minor,No,Yes,Yes,No,5G,,12600
OnePlus,9 Pro,64999,2024,2,Pune,Individual,8,64,Tensor G2,90,77,108,Fair,No,Minor,No,Yes,Yes,No,5G,Motherboard Repair,22200
Oppo,Find X5,69999,2023,3,Mumbai,Individual,8,128,Dimensity 8200,90,83,50,Excellent,No,Minor,Yes,Yes,Yes,No,5G,,29300
Oppo,Find X5,69999,2024,2,Bengaluru,Individual,8,256,Dimensity 7200,120,78,50,Poor,No,Minor,Yes,Yes,Yes,No,5G,,21400
Oppo,F25,23999,2024,2,Lucknow,Dealer,4,64,Snapdragon 8 Gen 2,120,87,50,Good,No,Minor,Yes,Yes,Yes,No,5G,,11200
Xiaomi,Poco F5,29999,2023,3,Pune,Dealer,12,128,Snapdragon 8 Gen 2,60,79,64,Fair,Yes,,Yes,No,Yes,No,5G,,7300
Apple,iPhone 12,65999,2024,2,Kolkata,Individual,8,64,A15 Bionic,120,79,64,Poor,No,,Yes,No,Yes,No,5G,,25000
Vivo,X90,59999,2023,3,Hyderabad,Individual,8,256,Snapdragon 8 Gen 3,120,80,200,Fair,No,,No,Yes,Yes,No,5G,,18900
Samsung,Galaxy S23,74999,2023,3,Chennai,Individual,8,64,Snapdragon 695,90,83,200,Excellent,No,Heavy,No,Yes,Yes,No,5G,,35800
iQOO,12,52999,2023,3,Hyderabad,Individual,8,128,Tensor G3,90,72,64,Fair,No,Minor,Yes,Yes,Yes,No,5G,,17400
Xiaomi,Redmi Note 12 Pro,25999,2023,3,Kolkata,Individual,8,128,Snapdragon 695,90,80,50,Excellent,No,,Yes,No,Yes,No,5G,,10600
Apple,iPhone 15,89999,2021,5,Jaipur,Dealer,16,256,Snapdragon 8 Gen 3,60,65,108,Good,Yes,,No,Yes,Yes,No,5G,,19100
Samsung,Galaxy S22,62999,2024,2,Jaipur,Individual,4,256,A16 Bionic,90,85,108,Poor,No,,Yes,No,Yes,No,5G,,22600
Apple,iPhone 13,69999,2023,3,Pune,Individual,12,128,Snapdragon 695,60,80,50,Good,No,Minor,Yes,No,No,No,5G,,30900
Apple,iPhone 13,69999,2022,4,Noida,Dealer,6,128,Dimensity 9200,90,79,200,Excellent,No,,No,Yes,No,No,5G,,27300
Oppo,Find X5,69999,2022,4,Mumbai,Individual,12,64,Snapdragon 7 Gen 3,120,74,200,Good,No,,No,No,No,No,5G,,20400
Apple,iPhone 11,49999,2022,4,Mumbai,Dealer,8,128,A17 Pro,120,73,48,Fair,No,,Yes,No,Yes,No,5G,,16600
Samsung,Galaxy M35,22999,2023,3,Pune,Dealer,4,512,Dimensity 8200,60,88,48,Good,No,Moderate,Yes,Yes,Yes,No,5G,,10500
Vivo,T3,22999,2021,5,Jaipur,Individual,12,512,Dimensity 8200,120,75,200,Poor,No,Moderate,No,Yes,Yes,No,4G,Battery Replaced,3800
Samsung,Galaxy A54,38999,2024,2,Patna,Dealer,8,512,A16 Bionic,120,78,200,Excellent,No,,No,Yes,No,No,5G,,22500
Nothing,Phone (2),44999,2025,1,Hyderabad,Individual,8,256,Tensor G2,90,85,64,Poor,No,,No,No,No,No,5G,Screen Replaced,16800
Xiaomi,Redmi Note 12 Pro,25999,2024,2,Hyderabad,Individual,12,128,Snapdragon 7 Gen 3,90,87,64,Excellent,No,,Yes,Yes,No,No,5G,Battery Replaced,13800
Apple,iPhone 15,89999,2023,3,Hyderabad,Individual,6,128,Tensor G2,120,77,48,Fair,No,Heavy,Yes,Yes,Yes,No,5G,,38200
Nothing,Phone (2),44999,2022,4,Noida,Dealer,8,128,Dimensity 8200,120,81,48,Excellent,Yes,Minor,Yes,Yes,Yes,No,5G,,11300
Xiaomi,Poco F5,29999,2023,3,Patna,Individual,6,128,Dimensity 8200,60,80,200,Good,No,Minor,No,Yes,No,No,5G,,11100
Nothing,Phone (1),32999,2024,2,Kolkata,Dealer,8,128,Dimensity 9200,120,84,48,Fair,No,Minor,Yes,Yes,Yes,No,5G,,13900
Samsung,Galaxy A54,38999,2026,0,Jaipur,Dealer,16,128,Snapdragon 8 Gen 3,90,97,108,Excellent,No,Minor,Yes,Yes,Yes,Yes,5G,Battery Replaced,34600
Motorola,G84,19999,2025,1,Pune,Individual,12,256,Snapdragon 8 Gen 2,120,96,108,Good,No,Minor,Yes,No,No,No,5G,Battery Replaced,12100
iQOO,12,52999,2024,2,Bengaluru,Dealer,12,256,Tensor G3,90,85,48,Fair,No,Moderate,No,Yes,No,No,5G,,21700
OnePlus,12,64999,2023,3,Pune,Individual,8,512,Dimensity 9200,60,78,48,Good,No,,Yes,Yes,Yes,No,5G,,28200
iQOO,Z9,21999,2023,3,Patna,Individual,8,256,Dimensity 9200,90,84,200,Excellent,No,Moderate,No,Yes,Yes,No,5G,,9900
Xiaomi,Poco F5,29999,2026,0,Chennai,Individual,12,128,Snapdragon 8 Gen 2,120,91,64,Fair,Yes,Moderate,No,Yes,No,Yes,5G,,13600
OnePlus,11R,39999,2024,2,Chennai,Dealer,12,128,Tensor G2,120,88,200,Fair,No,Moderate,No,No,Yes,No,5G,,18000
Motorola,Edge 50 Pro,34999,2022,4,Jaipur,Individual,6,128,Snapdragon 8 Gen 2,120,72,108,Excellent,No,,No,Yes,No,No,5G,,12100
Vivo,T3,22999,2022,4,Chennai,Individual,6,512,A16 Bionic,90,85,108,Poor,No,Moderate,Yes,No,Yes,No,5G,,4800
Apple,iPhone 15,89999,2021,5,Mumbai,Individual,4,256,Snapdragon 8 Gen 3,120,67,48,Excellent,Yes,Moderate,Yes,Yes,No,No,5G,Motherboard Repair,14900
Realme,Narzo 70,19999,2025,1,Bengaluru,Individual,12,128,Dimensity 9200,90,92,48,Excellent,No,,No,No,No,No,5G,,12600
Google,Pixel 7a,43999,2023,3,Kolkata,Individual,8,128,Tensor G2,120,83,50,Excellent,Yes,Minor,Yes,Yes,Yes,No,5G,,14600
Motorola,Edge 50 Pro,34999,2023,3,Lucknow,Individual,8,128,Dimensity 8200,120,84,48,Good,No,,Yes,Yes,No,No,5G,,13800
Motorola,G84,19999,2024,2,Hyderabad,Individual,8,128,Tensor G2,90,85,50,Fair,No,Moderate,No,No,Yes,No,5G,,8600
Xiaomi,Xiaomi 13 Pro,79999,2026,0,Lucknow,Individual,6,128,Tensor G3,90,96,64,Good,No,Moderate,No,Yes,No,Yes,5G,Screen Replaced,52400
Samsung,Galaxy M35,22999,2024,2,Lucknow,Individual,6,128,Tensor G2,60,85,48,Excellent,No,Minor,No,No,Yes,No,5G,,13400
Vivo,X90,59999,2024,2,Pune,Individual,16,256,Snapdragon 8 Gen 2,90,81,200,Good,No,Minor,Yes,Yes,Yes,No,5G,,27700
Apple,iPhone 13,69999,2024,2,Chennai,Individual,6,128,A15 Bionic,90,88,108,Good,No,Minor,No,Yes,Yes,No,5G,Battery Replaced,41200
Oppo,Reno 10,32999,2026,0,Chennai,Individual,6,256,Snapdragon 695,60,100,48,Excellent,No,,Yes,Yes,No,Yes,5G,Screen Replaced,22300
Vivo,T3,22999,2022,4,Bengaluru,Individual,8,256,A15 Bionic,90,75,48,Good,No,Moderate,Yes,Yes,No,No,5G,,7100
OnePlus,9 Pro,64999,2026,0,Delhi,Individual,8,128,Dimensity 9200,120,96,108,Good,No,Minor,No,Yes,Yes,Yes,5G,,49400
Realme,GT Neo 3,36999,2026,0,Delhi,Dealer,16,128,Dimensity 8200,120,89,50,Good,No,Minor,No,Yes,No,Yes,5G,Screen Replaced,24300
OnePlus,12,64999,2022,4,Chennai,Individual,8,256,A16 Bionic,90,76,50,Fair,No,Minor,No,Yes,No,No,5G,,17800
Vivo,X90,59999,2023,3,Mumbai,Individual,12,128,A15 Bionic,120,83,64,Excellent,No,,No,Yes,No,No,5G,,25400
Oppo,F25,23999,2024,2,Mumbai,Individual,16,128,A16 Bionic,60,90,50,Poor,No,Minor,No,No,Yes,No,5G,,7600
Realme,Narzo 70,19999,2025,1,Chennai,Dealer,8,256,Tensor G2,120,77,50,Good,No,Minor,No,Yes,No,No,5G,Motherboard Repair,8100
Apple,iPhone 14,79999,2023,3,Pune,Individual,4,128,Dimensity 8200,60,85,50,Poor,No,,No,Yes,Yes,No,5G,,25000
Xiaomi,Poco F5,29999,2021,5,Kolkata,Dealer,12,128,Dimensity 8200,60,66,50,Fair,No,Minor,Yes,No,Yes,No,4G,,6600
Realme,11 Pro+,32999,2024,2,Jaipur,Individual,4,256,Snapdragon 7 Gen 3,90,87,50,Good,No,Minor,Yes,Yes,No,No,5G,,15500
Apple,iPhone 13,69999,2022,4,Mumbai,Dealer,8,128,Snapdragon 7 Gen 3,90,73,50,Fair,No,Moderate,Yes,Yes,Yes,No,5G,Battery Replaced,21700
Vivo,X90,59999,2023,3,Kolkata,Individual,8,512,Snapdragon 7 Gen 3,90,71,50,Good,No,,No,Yes,No,No,5G,,22900
Samsung,Galaxy S23,74999,2024,2,Jaipur,Individual,6,128,Dimensity 8200,120,81,64,Excellent,No,Minor,Yes,No,Yes,No,5G,Screen Replaced,40700
Samsung,Galaxy A54,38999,2022,4,Bengaluru,Individual,6,128,Snapdragon 8 Gen 3,120,77,64,Good,No,Moderate,No,Yes,No,No,5G,,13400
Samsung,Galaxy S21 FE,54999,2023,3,Hyderabad,Individual,6,256,Snapdragon 8 Gen 2,120,80,108,Excellent,No,Minor,No,Yes,Yes,No,5G,,25400
Apple,iPhone 13,69999,2024,2,Chennai,Individual,8,256,Tensor G3,90,90,48,Good,No,Minor,Yes,Yes,Yes,No,5G,,42700
Realme,Narzo 70,19999,2022,4,Bengaluru,Individual,8,128,A17 Pro,120,75,48,Poor,Yes,Minor,Yes,Yes,Yes,No,5G,,3000
Vivo,V29,32999,2023,3,Noida,Dealer,8,128,A17 Pro,120,79,108,Poor,No,,No,Yes,No,No,5G,Screen Replaced,8000
OnePlus,9 Pro,64999,2026,0,Lucknow,Dealer,8,256,A15 Bionic,60,98,50,Fair,No,Minor,No,Yes,Yes,Yes,5G,Battery Replaced,44700
Vivo,V29,32999,2024,2,Delhi,Dealer,12,256,Tensor G2,60,91,108,Good,No,Moderate,No,No,Yes,No,5G,,15200
Motorola,Edge 40,29999,2023,3,Chennai,Dealer,12,64,Snapdragon 7 Gen 3,120,79,108,Fair,No,,Yes,Yes,No,No,5G,Battery Replaced,10100
OnePlus,12,64999,2023,3,Jaipur,Individual,16,64,A17 Pro,120,80,50,Good,No,Moderate,No,Yes,Yes,No,5G,,27100
Vivo,V29,32999,2024,2,Bengaluru,Individual,12,256,Snapdragon 8 Gen 3,90,81,200,Fair,No,Minor,Yes,Yes,Yes,No,5G,Motherboard Repair,10200
Oppo,Reno 10,32999,2023,3,Delhi,Dealer,8,128,Snapdragon 8 Gen 3,120,78,108,Good,No,,Yes,Yes,No,No,5G,,12800
Samsung,Galaxy M35,22999,2022,4,Patna,Individual,16,512,Dimensity 7200,120,77,50,Excellent,No,Moderate,Yes,Yes,Yes,No,5G,,8500
Samsung,Galaxy S23,74999,2024,2,Bengaluru,Individual,16,256,A16 Bionic,120,82,64,Poor,No,Minor,Yes,Yes,No,No,5G,,26100
Motorola,Edge 40,29999,2021,5,Delhi,Individual,16,128,Dimensity 7200,60,73,50,Good,No,Minor,Yes,Yes,Yes,No,4G,,7500
iQOO,Neo 9 Pro,37999,2024,2,Pune,Individual,12,64,Snapdragon 7 Gen 3,90,83,50,Excellent,No,Minor,Yes,Yes,Yes,No,5G,,20700
Xiaomi,Redmi Note 12 Pro,25999,2026,0,Mumbai,Individual,8,256,Snapdragon 8 Gen 2,90,96,108,Excellent,No,Moderate,Yes,Yes,No,No,5G,,19800
Vivo,V29,32999,2025,1,Patna,Individual,16,256,Dimensity 7200,90,80,64,Excellent,No,Moderate,Yes,Yes,Yes,No,5G,,19800
Motorola,G84,19999,2024,2,Noida,Individual,8,512,A16 Bionic,60,74,48,Poor,No,,Yes,Yes,Yes,No,5G,,6300
iQOO,12,52999,2024,2,Noida,Individual,8,128,Snapdragon 8 Gen 2,90,94,200,Good,No,Minor,Yes,Yes,No,No,5G,Battery Replaced,27100
Samsung,Galaxy S21 FE,54999,2023,3,Pune,Dealer,8,128,Dimensity 8200,90,72,48,Good,No,Minor,Yes,Yes,No,No,5G,,22600
Realme,Narzo 70,19999,2025,1,Delhi,Individual,16,128,Dimensity 7200,120,89,108,Fair,No,Minor,Yes,Yes,Yes,No,5G,,10200
Apple,iPhone 14,79999,2023,3,Delhi,Individual,12,128,Dimensity 7200,120,86,200,Good,No,Minor,No,Yes,No,No,5G,Screen Replaced,33800
Vivo,V29,32999,2026,0,Noida,Individual,6,128,Dimensity 9200,120,99,48,Good,No,,No,Yes,Yes,No,5G,,24100
Vivo,V29,32999,2024,2,Pune,Individual,12,256,A16 Bionic,120,77,48,Excellent,Yes,Minor,Yes,Yes,No,No,5G,,11700
Apple,iPhone 12,65999,2024,2,Hyderabad,Individual,8,128,Snapdragon 7 Gen 3,120,84,48,Fair,No,Moderate,Yes,No,No,No,5G,,33800
Apple,iPhone 13,69999,2023,3,Hyderabad,Individual,8,128,Tensor G2,60,88,200,Good,No,Moderate,No,Yes,Yes,No,5G,,33600
Apple,iPhone 11,49999,2023,3,Pune,Dealer,12,256,Snapdragon 695,60,73,64,Good,No,,Yes,Yes,Yes,No,5G,,22100
Apple,iPhone 13,69999,2026,0,Lucknow,Individual,8,256,Dimensity 7200,120,100,50,Fair,No,,Yes,Yes,No,Yes,5G,,50600
Motorola,Edge 50 Pro,34999,2022,4,Delhi,Individual,8,128,A15 Bionic,60,75,48,Good,No,,No,Yes,Yes,No,5G,,11400
Apple,iPhone 11,49999,2024,2,Hyderabad,Individual,8,128,Dimensity 8200,120,92,50,Good,No,Minor,Yes,Yes,No,No,5G,,27500
OnePlus,9 Pro,64999,2024,2,Mumbai,Individual,12,256,Snapdragon 695,120,82,50,Excellent,No,,No,Yes,Yes,No,5G,,36800
Xiaomi,Redmi Note 13 Pro,29999,2024,2,Jaipur,Individual,12,128,Snapdragon 8 Gen 2,60,85,50,Good,No,Minor,No,Yes,Yes,No,5G,,14300
iQOO,Neo 9 Pro,37999,2024,2,Lucknow,Dealer,6,512,Tensor G3,60,96,200,Excellent,No,Minor,No,Yes,Yes,No,5G,Motherboard Repair,16100
Samsung,Galaxy S21 FE,54999,2025,1,Pune,Dealer,12,128,A16 Bionic,90,85,64,Good,No,Moderate,No,Yes,Yes,No,5G,,36100
Xiaomi,Redmi Note 12 Pro,25999,2025,1,Noida,Individual,12,128,Snapdragon 7 Gen 3,90,88,64,Good,No,Heavy,Yes,Yes,Yes,No,5G,,14800
OnePlus,11R,39999,2025,1,Mumbai,Individual,6,128,Snapdragon 7 Gen 3,120,93,50,Fair,No,,No,Yes,Yes,No,5G,,22500
Apple,iPhone 14,79999,2025,1,Pune,Dealer,6,256,Dimensity 9200,90,79,108,Good,No,Heavy,Yes,Yes,Yes,No,5G,Screen Replaced,50500
Samsung,Galaxy S23,74999,2025,1,Pune,Individual,8,128,A16 Bionic,90,93,64,Good,Yes,,Yes,Yes,No,No,5G,,33300
Realme,GT Neo 3,36999,2023,3,Mumbai,Individual,12,256,A16 Bionic,90,81,50,Excellent,No,,No,Yes,No,No,5G,,15000
Apple,iPhone 11,49999,2022,4,Pune,Dealer,8,128,Dimensity 8200,90,75,48,Good,Yes,Minor,Yes,Yes,No,No,5G,,13700
iQOO,Z9,21999,2023,3,Chennai,Individual,8,256,A15 Bionic,90,79,108,Good,No,Minor,Yes,No,Yes,No,5G,Screen Replaced,8100
Xiaomi,Poco F5,29999,2024,2,Hyderabad,Individual,6,128,Snapdragon 695,90,80,64,Excellent,No,,Yes,Yes,Yes,No,5G,,16200
Samsung,Galaxy S23,74999,2023,3,Mumbai,Individual,12,256,Tensor G2,90,84,50,Fair,Yes,Minor,Yes,Yes,No,No,5G,,20800
Realme,11 Pro+,32999,2026,0,Jaipur,Dealer,4,128,Snapdragon 7 Gen 3,120,95,50,Fair,No,Heavy,Yes,No,Yes,Yes,5G,,20400
Samsung,Galaxy S23,74999,2024,2,Kolkata,Individual,8,256,Tensor G3,120,89,200,Fair,No,Moderate,No,Yes,No,No,5G,,32800
Samsung,Galaxy S21 FE,54999,2024,2,Jaipur,Individual,4,128,A17 Pro,120,88,48,Good,No,,No,Yes,No,No,5G,,29800
iQOO,Z9,21999,2026,0,Hyderabad,Individual,16,128,A15 Bionic,90,96,200,Excellent,No,,No,Yes,No,Yes,5G,,17300
Apple,iPhone 15,89999,2024,2,Patna,Individual,8,256,Snapdragon 695,120,76,48,Excellent,No,Minor,Yes,Yes,Yes,No,5G,,56700
Samsung,Galaxy M35,22999,2023,3,Patna,Individual,16,128,A17 Pro,120,88,200,Good,No,,Yes,Yes,Yes,No,5G,Screen Replaced,9600
Google,Pixel 7,59999,2024,2,Bengaluru,Individual,12,128,Dimensity 8200,90,83,64,Poor,No,,Yes,Yes,No,No,5G,,22300
OnePlus,12,64999,2023,3,Kolkata,Individual,8,128,Tensor G2,120,83,64,Fair,No,Minor,No,Yes,No,No,5G,,22900
Samsung,Galaxy S22,62999,2023,3,Bengaluru,Individual,6,512,Tensor G2,60,82,48,Poor,No,Minor,No,Yes,No,No,5G,,17500
Apple,iPhone 11,49999,2022,4,Bengaluru,Individual,8,256,Snapdragon 695,60,74,108,Excellent,No,Minor,Yes,Yes,No,No,5G,Screen Replaced,18600
OnePlus,12,64999,2023,3,Noida,Individual,8,256,Tensor G2,120,74,50,Poor,No,Moderate,Yes,Yes,Yes,No,5G,Screen Replaced,17000
OnePlus,Nord 3,33999,2023,3,Lucknow,Individual,4,128,Dimensity 8200,90,75,200,Fair,No,Minor,Yes,No,No,No,5G,,11900
OnePlus,11R,39999,2025,1,Bengaluru,Dealer,16,128,Dimensity 8200,90,84,48,Excellent,No,Moderate,Yes,Yes,Yes,No,5G,,26800
Realme,Narzo 70,19999,2024,2,Delhi,Individual,12,256,Dimensity 8200,60,85,64,Good,No,Minor,Yes,Yes,Yes,No,5G,,9900
Realme,Narzo 70,19999,2024,2,Kolkata,Dealer,12,128,A16 Bionic,120,88,50,Fair,No,,Yes,Yes,No,No,5G,,7900
Nothing,Phone (2),44999,2023,3,Mumbai,Individual,6,128,Tensor G2,120,85,48,Good,No,Minor,Yes,Yes,Yes,No,5G,,18100
Apple,iPhone 12,65999,2023,3,Jaipur,Individual,8,512,A17 Pro,120,77,50,Excellent,No,Moderate,No,Yes,Yes,No,5G,Screen Replaced,32000
Apple,iPhone 11,49999,2022,4,Bengaluru,Individual,12,128,A16 Bionic,120,86,64,Excellent,No,Minor,No,No,No,No,5G,,20300
Xiaomi,Redmi Note 13 Pro,29999,2024,2,Chennai,Individual,8,128,A16 Bionic,90,87,200,Good,No,,Yes,No,No,No,5G,,14000
iQOO,Z9,21999,2025,1,Hyderabad,Individual,12,128,Tensor G3,60,93,48,Fair,No,,Yes,Yes,No,No,5G,Screen Replaced,10700
Realme,Narzo 70,19999,2025,1,Lucknow,Individual,6,128,Tensor G2,120,89,50,Good,No,Minor,No,Yes,Yes,No,5G,,12000
Nothing,Phone (2),44999,2024,2,Mumbai,Dealer,12,256,Dimensity 7200,120,94,64,Good,No,Moderate,No,Yes,No,No,5G,,23600
Apple,iPhone 13,69999,2024,2,Kolkata,Individual,8,128,A16 Bionic,120,88,50,Excellent,No,Minor,Yes,Yes,Yes,No,5G,,43500
Xiaomi,Poco F5,29999,2021,5,Patna,Individual,8,128,Dimensity 8200,60,73,48,Excellent,No,,No,No,Yes,No,5G,Screen Replaced,7700
Apple,iPhone 13,69999,2025,1,Noida,Individual,8,128,Dimensity 7200,60,88,50,Poor,No,Minor,No,Yes,Yes,No,5G,Battery Replaced,32400
Apple,iPhone 11,49999,2026,0,Hyderabad,Dealer,16,256,Snapdragon 7 Gen 3,90,100,48,Good,No,Minor,Yes,Yes,Yes,Yes,5G,,44400
iQOO,Neo 9 Pro,37999,2023,3,Delhi,Individual,8,128,A15 Bionic,60,78,200,Fair,No,Minor,No,No,No,No,5G,,13000
iQOO,Z9,21999,2025,1,Delhi,Individual,12,256,Tensor G2,120,94,48,Excellent,No,,Yes,Yes,No,No,5G,Battery Replaced,13900
Samsung,Galaxy S22,62999,2023,3,Patna,Dealer,8,128,A15 Bionic,120,84,108,Fair,No,Minor,Yes,Yes,No,No,5G,,22200
Google,Pixel 7a,43999,2025,1,Noida,Dealer,12,64,A17 Pro,120,91,200,Fair,Yes,Moderate,Yes,Yes,Yes,No,5G,,18500
Xiaomi,Xiaomi 13 Pro,79999,2022,4,Kolkata,Individual,8,256,A16 Bionic,120,67,50,Excellent,No,,Yes,Yes,Yes,No,5G,,27500
Google,Pixel 8,75999,2022,4,Noida,Individual,12,256,Dimensity 9200,120,66,64,Poor,No,Heavy,No,Yes,No,No,5G,,17900
Google,Pixel 7,59999,2024,2,Patna,Individual,16,256,A17 Pro,120,86,48,Excellent,No,Minor,Yes,Yes,Yes,No,5G,,36000
Realme,Narzo 70,19999,2025,1,Kolkata,Individual,8,64,Snapdragon 8 Gen 3,90,87,108,Excellent,No,Minor,No,Yes,Yes,No,5G,,12900
Samsung,Galaxy S23,74999,2022,4,Lucknow,Individual,4,512,Tensor G2,90,81,64,Good,No,,No,No,Yes,No,5G,,26000
Samsung,Galaxy S21 FE,54999,2023,3,Patna,Individual,4,128,Tensor G2,60,78,64,Excellent,Yes,,Yes,No,No,No,5G,Battery Replaced,17500
Nothing,Phone (2),44999,2025,1,Lucknow,Individual,12,128,Snapdragon 8 Gen 2,120,97,48,Good,No,Minor,No,Yes,Yes,No,5G,,29300
Apple,iPhone 15,89999,2026,0,Pune,Dealer,8,256,Snapdragon 7 Gen 3,90,99,108,Good,No,Heavy,Yes,No,Yes,Yes,5G,,73600
Realme,11 Pro+,32999,2025,1,Hyderabad,Dealer,12,256,Snapdragon 8 Gen 3,120,86,50,Good,No,,Yes,Yes,No,No,5G,,18600
Samsung,Galaxy S22,62999,2026,0,Lucknow,Dealer,6,128,Tensor G3,90,91,200,Fair,No,,Yes,Yes,Yes,Yes,5G,,41900
Vivo,X90,59999,2022,4,Chennai,Individual,16,128,A17 Pro,60,76,64,Fair,No,Minor,No,Yes,No,No,5G,Screen Replaced,14600
Samsung,Galaxy A54,38999,2022,4,Jaipur,Individual,6,128,A17 Pro,60,80,50,Good,Yes,,Yes,Yes,Yes,No,5G,,9900
iQOO,Z9,21999,2021,5,Bengaluru,Individual,12,512,Snapdragon 8 Gen 3,120,70,48,Good,No,Moderate,Yes,Yes,Yes,No,4G,,5400
Nothing,Phone (2),44999,2023,3,Noida,Individual,6,256,A16 Bionic,120,65,108,Fair,No,,Yes,No,Yes,No,5G,,15400
Google,Pixel 7,59999,2026,0,Chennai,Dealer,8,256,Tensor G3,120,98,50,Good,Yes,Moderate,Yes,Yes,No,No,5G,Battery Replaced,35200
Oppo,Find X5,69999,2024,2,Bengaluru,Dealer,8,512,Snapdragon 695,60,88,64,Fair,No,Moderate,No,No,Yes,No,5G,,28200
Xiaomi,Redmi Note 12 Pro,25999,2025,1,Lucknow,Individual,12,256,Tensor G3,120,94,200,Good,No,,Yes,Yes,Yes,No,5G,Screen Replaced,14500
Realme,11 Pro+,32999,2022,4,Hyderabad,Individual,8,128,A17 Pro,90,72,50,Good,No,Heavy,No,Yes,No,No,5G,,9700
OnePlus,9 Pro,64999,2026,0,Delhi,Individual,8,256,Snapdragon 8 Gen 3,120,88,108,Fair,No,,Yes,Yes,Yes,Yes,5G,,43900
Xiaomi,Poco F5,29999,2022,4,Kolkata,Dealer,12,128,Snapdragon 8 Gen 3,120,68,64,Good,No,,No,Yes,No,No,5G,,8900
Realme,11 Pro+,32999,2024,2,Patna,Individual,12,128,A16 Bionic,120,86,50,Fair,No,Minor,No,Yes,No,No,5G,,12800
iQOO,Neo 9 Pro,37999,2023,3,Delhi,Individual,6,256,Snapdragon 8 Gen 2,120,86,64,Good,No,Minor,No,Yes,No,No,5G,,15400
Samsung,Galaxy A54,38999,2024,2,Hyderabad,Individual,8,512,Dimensity 7200,120,84,48,Fair,No,,Yes,Yes,Yes,No,5G,,17200
Apple,iPhone 15,89999,2024,2,Mumbai,Individual,8,128,Dimensity 7200,60,99,48,Poor,No,,Yes,No,Yes,No,5G,,34500
Vivo,X90,59999,2024,2,Chennai,Individual,8,128,Dimensity 7200,120,86,48,Fair,No,Minor,Yes,Yes,Yes,No,5G,,25600
Oppo,F25,23999,2025,1,Kolkata,Individual,12,128,Snapdragon 8 Gen 3,90,87,108,Good,No,,Yes,Yes,No,No,5G,Battery Replaced,13600
Motorola,Edge 40,29999,2021,5,Chennai,Individual,6,256,Snapdragon 8 Gen 3,120,77,64,Poor,No,,No,Yes,Yes,No,4G,Screen Replaced,4700
Oppo,F25,23999,2025,1,Lucknow,Individual,12,512,A15 Bionic,120,83,108,Good,No,Moderate,No,Yes,No,No,5G,Screen Replaced,12500
Realme,Narzo 70,19999,2024,2,Jaipur,Individual,12,512,A16 Bionic,90,83,200,Excellent,No,Moderate,Yes,Yes,Yes,No,5G,Screen Replaced,9900
Apple,iPhone 12,65999,2022,4,Mumbai,Dealer,6,256,Dimensity 8200,90,64,200,Excellent,No,,No,Yes,No,No,5G,,25500
OnePlus,Nord 3,33999,2022,4,Jaipur,Individual,12,128,A17 Pro,120,72,64,Good,No,Minor,No,No,No,No,5G,,10600
Google,Pixel 7a,43999,2025,1,Kolkata,Individual,8,256,Dimensity 7200,120,88,50,Fair,No,Minor,Yes,Yes,No,No,5G,Battery Replaced,24100
Google,Pixel 7,59999,2021,5,Bengaluru,Individual,12,128,Tensor G2,90,71,48,Excellent,No,Minor,No,Yes,Yes,No,4G,,18800
Apple,iPhone 13,69999,2026,0,Chennai,Dealer,12,128,Snapdragon 8 Gen 3,120,89,108,Poor,No,Moderate,No,Yes,Yes,Yes,5G,,38500
Apple,iPhone 15,89999,2022,4,Bengaluru,Individual,4,128,Snapdragon 7 Gen 3,120,67,200,Good,No,,Yes,Yes,Yes,No,5G,,34000
Samsung,Galaxy S22,62999,2024,2,Bengaluru,Individual,12,512,Dimensity 8200,120,85,48,Excellent,No,Moderate,Yes,Yes,No,No,5G,,35000
Motorola,G84,19999,2021,5,Jaipur,Individual,6,128,Tensor G2,120,60,108,Excellent,Yes,Minor,Yes,No,Yes,No,4G,,4000
Xiaomi,Redmi Note 13 Pro,29999,2022,4,Chennai,Individual,12,128,Snapdragon 8 Gen 2,90,68,108,Excellent,No,Minor,Yes,Yes,Yes,No,5G,,10200
Vivo,T3,22999,2026,0,Patna,Individual,12,256,Tensor G3,120,99,200,Good,Yes,Minor,No,Yes,Yes,Yes,5G,,12100
Oppo,F25,23999,2023,3,Bengaluru,Individual,6,256,Snapdragon 8 Gen 2,120,87,50,Good,No,Moderate,Yes,Yes,Yes,No,5G,,9000
Samsung,Galaxy S21 FE,54999,2024,2,Lucknow,Individual,4,256,Tensor G3,120,82,50,Good,No,,No,Yes,Yes,No,5G,Motherboard Repair,21300
Xiaomi,Poco F5,29999,2022,4,Chennai,Individual,8,128,Tensor G2,120,70,200,Good,No,Moderate,Yes,Yes,Yes,No,5G,Battery Replaced,9400
Samsung,Galaxy S23,74999,2024,2,Lucknow,Individual,4,256,Snapdragon 8 Gen 3,120,89,50,Good,No,Minor,No,Yes,No,No,5G,,40700
Apple,iPhone 13,69999,2025,1,Patna,Individual,8,256,Snapdragon 7 Gen 3,90,90,200,Excellent,No,Minor,Yes,Yes,Yes,No,5G,,54000
Realme,11 Pro+,32999,2022,4,Mumbai,Dealer,8,128,A17 Pro,120,66,48,Excellent,No,,Yes,Yes,No,No,5G,,11000
Xiaomi,Poco F5,29999,2021,5,Delhi,Individual,12,256,Tensor G2,90,70,64,Good,No,Minor,Yes,Yes,Yes,No,5G,,7800
OnePlus,9 Pro,64999,2024,2,Lucknow,Dealer,6,512,Snapdragon 7 Gen 3,90,90,48,Poor,No,Moderate,Yes,No,No,No,5G,,22600
Apple,iPhone 13,69999,2022,4,Kolkata,Individual,16,128,Dimensity 9200,120,77,64,Excellent,Yes,,No,No,Yes,No,5G,,20100
Apple,iPhone 15,89999,2023,3,Mumbai,Individual,12,256,Tensor G2,120,81,200,Good,No,,Yes,Yes,Yes,No,5G,Battery Replaced,43800
OnePlus,11R,39999,2023,3,Bengaluru,Individual,8,128,Tensor G3,60,80,200,Excellent,No,Minor,Yes,Yes,Yes,No,5G,Screen Replaced,16300
Motorola,Edge 50 Pro,34999,2026,0,Noida,Individual,8,512,Tensor G3,120,92,200,Good,No,Minor,No,No,No,Yes,5G,Battery Replaced,24000
Apple,iPhone 12,65999,2025,1,Bengaluru,Individual,4,128,Tensor G2,120,80,64,Fair,No,Heavy,Yes,Yes,Yes,No,5G,,39900
iQOO,Z9,21999,2025,1,Chennai,Dealer,16,128,Snapdragon 695,120,89,200,Good,No,,Yes,Yes,No,No,5G,,13100
Oppo,Find X5,69999,2023,3,Bengaluru,Individual,16,256,A15 Bionic,120,72,50,Good,No,,Yes,Yes,No,No,5G,Screen Replaced,25000
Realme,Narzo 70,19999,2021,5,Patna,Individual,6,128,Dimensity 7200,120,65,50,Good,No,,No,No,No,No,4G,,4700
Samsung,Galaxy S23,74999,2024,2,Bengaluru,Dealer,8,512,A15 Bionic,60,80,50,Good,No,,No,No,No,No,5G,,36500
Oppo,Reno 10,32999,2023,3,Pune,Individual,8,64,Snapdragon 7 Gen 3,90,84,200,Excellent,No,Moderate,No,Yes,Yes,No,5G,Screen Replaced,12300
Oppo,F25,23999,2023,3,Delhi,Individual,8,128,Tensor G2,90,78,50,Good,No,Moderate,No,Yes,Yes,No,5G,,9100
Samsung,Galaxy S22,62999,2025,1,Bengaluru,Individual,12,512,Snapdragon 7 Gen 3,120,88,64,Excellent,No,,Yes,No,No,No,5G,Battery Replaced,44600
Oppo,Find X5,69999,2023,3,Bengaluru,Individual,8,512,A16 Bionic,120,87,48,Fair,No,,Yes,Yes,No,No,5G,,22800
Samsung,Galaxy S22,62999,2022,4,Mumbai,Individual,6,256,A16 Bionic,90,76,108,Excellent,Yes,Minor,Yes,Yes,Yes,No,5G,Battery Replaced,16200
Samsung,Galaxy M35,22999,2024,2,Chennai,Dealer,6,128,A17 Pro,90,81,108,Fair,No,Moderate,No,Yes,No,No,5G,,10300
Samsung,Galaxy S21 FE,54999,2023,3,Lucknow,Dealer,12,256,Snapdragon 695,90,84,64,Good,No,,Yes,No,Yes,No,5G,,24400
Google,Pixel 7,59999,2022,4,Bengaluru,Individual,8,512,Snapdragon 8 Gen 3,60,73,200,Fair,No,Minor,Yes,No,Yes,No,5G,,18700
iQOO,Z9,21999,2022,4,Hyderabad,Individual,6,512,Snapdragon 8 Gen 2,60,67,50,Fair,Yes,Moderate,Yes,Yes,No,No,5G,,4400
Nothing,Phone (2a),25999,2025,1,Bengaluru,Individual,8,512,Snapdragon 8 Gen 2,120,94,64,Fair,No,,No,Yes,No,No,5G,Battery Replaced,13800
Samsung,Galaxy S21 FE,54999,2024,2,Delhi,Dealer,8,512,Snapdragon 8 Gen 2,120,85,48,Fair,No,,No,Yes,No,No,5G,,23800
iQOO,Z9,21999,2025,1,Pune,Individual,12,128,Tensor G3,120,89,48,Good,No,Minor,Yes,Yes,No,No,5G,,12900
Samsung,Galaxy S21 FE,54999,2022,4,Jaipur,Individual,12,64,A16 Bionic,120,74,200,Poor,Yes,Minor,Yes,Yes,No,No,5G,,8900
Motorola,G84,19999,2023,3,Patna,Individual,8,128,A16 Bionic,60,81,200,Good,No,,No,Yes,Yes,No,5G,Motherboard Repair,5900
Vivo,X90,59999,2021,5,Chennai,Dealer,8,128,Dimensity 9200,120,81,48,Good,No,Minor,No,Yes,Yes,No,5G,,14100
Nothing,Phone (1),32999,2026,0,Chennai,Dealer,12,512,Dimensity 7200,90,96,48,Poor,No,Minor,No,Yes,Yes,Yes,5G,,16800
Samsung,Galaxy S23,74999,2024,2,Hyderabad,Individual,8,128,A16 Bionic,90,78,50,Fair,No,Minor,Yes,No,Yes,No,5G,,33500
Realme,11 Pro+,32999,2025,1,Hyderabad,Individual,8,256,Snapdragon 8 Gen 2,60,80,64,Good,Yes,Moderate,Yes,Yes,Yes,No,5G,Battery Replaced,13500
iQOO,Neo 9 Pro,37999,2024,2,Jaipur,Dealer,12,256,A16 Bionic,60,92,108,Good,No,Minor,No,Yes,No,No,5G,,18000
Apple,iPhone 11,49999,2024,2,Patna,Individual,12,128,A15 Bionic,90,77,48,Good,No,,Yes,Yes,No,No,5G,,28500
iQOO,Z9,21999,2024,2,Delhi,Individual,4,256,Dimensity 9200,90,76,48,Excellent,No,Moderate,Yes,Yes,No,No,5G,,11500
Nothing,Phone (2a),25999,2023,3,Hyderabad,Individual,8,256,Snapdragon 8 Gen 3,90,82,108,Fair,No,,Yes,Yes,Yes,No,5G,,9500
iQOO,Z9,21999,2021,5,Patna,Dealer,8,128,Dimensity 9200,120,65,50,Poor,No,Heavy,No,Yes,No,No,5G,,3700
Vivo,X90,59999,2022,4,Patna,Dealer,12,256,A17 Pro,120,73,200,Good,No,,No,Yes,No,No,5G,,17000
Samsung,Galaxy S21 FE,54999,2025,1,Noida,Dealer,16,128,Snapdragon 7 Gen 3,120,91,108,Good,No,Minor,No,Yes,Yes,No,5G,,34500
Vivo,V29,32999,2024,2,Chennai,Individual,6,128,Dimensity 7200,120,86,48,Fair,No,Minor,No,No,Yes,No,5G,,12800
Samsung,Galaxy S23,74999,2021,5,Noida,Individual,8,128,Snapdragon 695,120,76,50,Excellent,No,Minor,Yes,No,No,No,4G,Screen Replaced,20300
Nothing,Phone (2),44999,2021,5,Hyderabad,Individual,6,256,Tensor G3,60,66,50,Fair,No,Minor,No,Yes,Yes,No,5G,,10200
Google,Pixel 8,75999,2025,1,Patna,Individual,4,256,Snapdragon 8 Gen 2,120,81,64,Good,No,,Yes,Yes,No,No,5G,,49300
OnePlus,12,64999,2025,1,Noida,Individual,12,128,Snapdragon 8 Gen 3,120,93,50,Excellent,No,Moderate,Yes,No,Yes,No,5G,Battery Replaced,45400
Motorola,G84,19999,2021,5,Jaipur,Dealer,12,256,A15 Bionic,60,71,48,Fair,No,Minor,No,Yes,No,No,5G,,4200
Xiaomi,Xiaomi 13 Pro,79999,2024,2,Kolkata,Dealer,12,256,Snapdragon 695,90,87,108,Excellent,No,Heavy,Yes,Yes,No,No,5G,Battery Replaced,39300
Motorola,Edge 50 Pro,34999,2025,1,Mumbai,Dealer,12,128,Dimensity 9200,120,91,48,Excellent,No,,Yes,Yes,No,No,5G,Screen Replaced,21800
Realme,GT Neo 3,36999,2026,0,Lucknow,Individual,16,64,Dimensity 9200,90,97,64,Good,No,Minor,No,Yes,Yes,No,5G,Screen Replaced,24100
Realme,Narzo 70,19999,2024,2,Jaipur,Individual,8,64,A15 Bionic,120,78,64,Fair,No,Minor,No,Yes,No,No,5G,Battery Replaced,8000
Realme,Narzo 70,19999,2024,2,Hyderabad,Individual,4,128,Snapdragon 8 Gen 2,60,83,48,Fair,No,Minor,No,Yes,No,No,5G,,8100
Xiaomi,Xiaomi 13 Pro,79999,2024,2,Chennai,Dealer,12,128,Snapdragon 8 Gen 3,90,89,200,Excellent,No,Moderate,Yes,Yes,No,No,5G,Screen Replaced,39500
Xiaomi,Xiaomi 13 Pro,79999,2024,2,Delhi,Dealer,8,256,A16 Bionic,120,87,108,Good,No,Minor,Yes,Yes,No,No,5G,Battery Replaced,37200
Xiaomi,Xiaomi 13 Pro,79999,2025,1,Chennai,Individual,4,128,A15 Bionic,90,98,200,Good,No,Minor,No,No,Yes,No,5G,,48800
Xiaomi,Redmi Note 12 Pro,25999,2024,2,Patna,Individual,8,256,Snapdragon 8 Gen 2,120,84,200,Poor,Yes,Minor,No,Yes,No,No,5G,,5700
OnePlus,11R,39999,2022,4,Patna,Dealer,12,128,Snapdragon 7 Gen 3,90,69,108,Excellent,Yes,Moderate,No,Yes,No,No,5G,Screen Replaced,9700
Apple,iPhone 14,79999,2025,1,Kolkata,Dealer,12,512,Snapdragon 8 Gen 3,120,98,50,Excellent,No,Moderate,Yes,No,No,No,5G,,61100
Nothing,Phone (2),44999,2021,5,Hyderabad,Individual,6,128,Snapdragon 8 Gen 3,120,65,200,Good,No,Minor,No,Yes,No,No,5G,,11400
Xiaomi,Redmi Note 12 Pro,25999,2025,1,Chennai,Individual,4,256,A16 Bionic,120,92,50,Fair,No,,No,No,No,No,5G,,13100
Apple,iPhone 15,89999,2022,4,Delhi,Individual,12,512,Tensor G2,120,76,108,Good,No,Moderate,No,No,Yes,No,5G,Motherboard Repair,23900
Samsung,Galaxy S22,62999,2023,3,Lucknow,Individual,8,128,Tensor G3,120,84,48,Excellent,No,,Yes,No,Yes,No,5G,,28700
Google,Pixel 7a,43999,2024,2,Mumbai,Individual,4,128,Tensor G3,120,89,50,Excellent,No,Minor,No,Yes,Yes,No,5G,,25400
Samsung,Galaxy S21 FE,54999,2025,1,Delhi,Individual,16,128,Dimensity 8200,120,84,50,Good,No,,No,No,Yes,No,5G,,35500
Apple,iPhone 11,49999,2025,1,Chennai,Individual,12,256,Dimensity 9200,90,87,48,Good,No,Minor,Yes,Yes,Yes,No,5G,,36000
Samsung,Galaxy A54,38999,2026,0,Noida,Individual,8,512,A16 Bionic,120,100,64,Good,No,,No,Yes,Yes,Yes,5G,,30200
Motorola,G84,19999,2025,1,Hyderabad,Dealer,8,128,Dimensity 8200,120,94,50,Good,No,,Yes,Yes,Yes,No,5G,Battery Replaced,12400
OnePlus,Nord 3,33999,2023,3,Lucknow,Individual,12,128,Tensor G2,120,83,48,Good,No,Moderate,Yes,Yes,Yes,No,5G,,13700
Google,Pixel 8,75999,2022,4,Patna,Individual,8,256,Snapdragon 8 Gen 2,120,67,50,Good,No,Moderate,No,No,No,No,5G,,25700
OnePlus,12,64999,2024,2,Jaipur,Dealer,8,256,Dimensity 8200,60,83,50,Good,No,Minor,Yes,Yes,Yes,No,5G,,33700
Motorola,Edge 40,29999,2024,2,Noida,Individual,12,512,A17 Pro,90,84,108,Excellent,No,Minor,No,Yes,No,No,5G,,15800
OnePlus,Nord 3,33999,2022,4,Kolkata,Individual,8,128,Dimensity 7200,60,82,50,Excellent,No,,No,Yes,Yes,No,5G,,12500
Realme,Narzo 70,19999,2023,3,Pune,Individual,16,64,Tensor G3,90,82,64,Good,No,,Yes,No,No,No,5G,Screen Replaced,7100
OnePlus,12,64999,2024,2,Lucknow,Individual,4,256,Dimensity 7200,120,83,48,Excellent,No,,No,No,No,No,5G,,36300
Apple,iPhone 13,69999,2023,3,Pune,Individual,8,128,A15 Bionic,120,87,200,Poor,No,Minor,Yes,Yes,Yes,No,5G,,21600
Motorola,G84,19999,2023,3,Jaipur,Individual,8,256,A16 Bionic,120,68,64,Good,No,Minor,Yes,Yes,Yes,No,5G,,7900
Motorola,Edge 50 Pro,34999,2024,2,Bengaluru,Individual,12,256,Tensor G2,120,76,64,Fair,No,Moderate,No,Yes,No,No,5G,,15000
Samsung,Galaxy A54,38999,2021,5,Kolkata,Individual,8,128,A16 Bionic,90,64,200,Fair,No,,Yes,Yes,Yes,No,4G,,9500
Motorola,Edge 40,29999,2023,3,Delhi,Individual,4,128,Snapdragon 8 Gen 2,120,72,64,Fair,No,Minor,No,Yes,No,No,5G,,10300
OnePlus,12,64999,2024,2,Pune,Individual,8,64,Tensor G2,120,84,50,Excellent,No,Minor,No,Yes,No,No,5G,Battery Replaced,34800
iQOO,Z9,21999,2024,2,Chennai,Individual,16,128,Snapdragon 8 Gen 3,60,91,64,Good,No,Minor,No,No,Yes,No,5G,,10900
Oppo,Find X5,69999,2026,0,Jaipur,Individual,8,128,Snapdragon 8 Gen 3,120,98,64,Good,No,Minor,No,Yes,Yes,No,5G,,49700
Samsung,Galaxy S23,74999,2023,3,Lucknow,Individual,6,128,Dimensity 8200,120,81,108,Fair,No,Minor,Yes,Yes,No,No,5G,Screen Replaced,24900
Motorola,Edge 40,29999,2025,1,Pune,Dealer,8,256,Dimensity 9200,60,90,108,Excellent,Yes,Heavy,Yes,Yes,Yes,No,5G,,13500
Apple,iPhone 14,79999,2024,2,Delhi,Individual,16,128,Tensor G2,120,94,108,Fair,No,,No,No,No,No,5G,,41600
iQOO,Neo 9 Pro,37999,2024,2,Lucknow,Dealer,8,512,A16 Bionic,120,79,200,Good,No,Minor,Yes,Yes,Yes,No,5G,,18300
Motorola,Edge 50 Pro,34999,2024,2,Patna,Individual,12,64,A16 Bionic,120,86,200,Good,No,,Yes,No,Yes,No,5G,,16900
Apple,iPhone 14,79999,2022,4,Pune,Individual,8,256,A17 Pro,90,68,200,Good,No,Heavy,Yes,Yes,Yes,No,5G,,28300
Vivo,T3,22999,2022,4,Kolkata,Individual,8,128,A16 Bionic,60,72,108,Excellent,No,Minor,Yes,No,Yes,No,5G,Screen Replaced,6700
Oppo,Reno 10,32999,2023,3,Hyderabad,Individual,8,128,Tensor G3,60,83,50,Good,No,Minor,No,Yes,Yes,No,5G,,12600
Xiaomi,Redmi Note 12 Pro,25999,2024,2,Jaipur,Individual,12,256,Dimensity 7200,120,84,48,Excellent,No,Moderate,Yes,Yes,Yes,No,5G,,13400
Vivo,V29,32999,2026,0,Lucknow,Individual,6,256,Snapdragon 8 Gen 2,120,96,50,Fair,No,Minor,Yes,No,Yes,Yes,5G,,19200
Nothing,Phone (2),44999,2023,3,Mumbai,Dealer,6,64,Dimensity 9200,120,73,64,Fair,No,,Yes,Yes,Yes,No,5G,,16300
Oppo,F25,23999,2025,1,Noida,Dealer,12,256,Snapdragon 8 Gen 2,120,89,108,Poor,No,Moderate,Yes,No,No,No,5G,,9000
Samsung,Galaxy A54,38999,2024,2,Noida,Individual,8,512,Tensor G2,120,76,108,Excellent,No,Minor,Yes,Yes,Yes,No,5G,,21300
Samsung,Galaxy S21 FE,54999,2022,4,Jaipur,Individual,8,128,Snapdragon 695,60,74,200,Good,No,,Yes,No,No,No,5G,,18500
Apple,iPhone 11,49999,2024,2,Jaipur,Individual,8,128,Dimensity 9200,90,88,200,Good,Yes,,No,No,No,No,5G,,19800
Samsung,Galaxy M35,22999,2022,4,Hyderabad,Dealer,8,128,Tensor G2,120,76,200,Fair,No,Moderate,No,Yes,No,No,5G,,7000
Oppo,Reno 10,32999,2024,2,Bengaluru,Dealer,12,128,A16 Bionic,90,89,108,Excellent,Yes,,No,Yes,No,No,5G,,12200
Realme,11 Pro+,32999,2023,3,Noida,Individual,12,128,A15 Bionic,120,70,108,Fair,No,,Yes,Yes,Yes,No,5G,Screen Replaced,9700
iQOO,Z9,21999,2026,0,Bengaluru,Individual,4,256,Snapdragon 8 Gen 2,120,84,200,Fair,No,,Yes,Yes,Yes,Yes,5G,,13500
Apple,iPhone 12,65999,2026,0,Hyderabad,Individual,4,256,Dimensity 8200,90,93,64,Good,No,,Yes,Yes,No,Yes,5G,,57900
OnePlus,12,64999,2024,2,Pune,Individual,16,128,Tensor G2,120,89,48,Good,No,,Yes,Yes,Yes,No,5G,Screen Replaced,30500
Xiaomi,Redmi Note 12 Pro,25999,2025,1,Chennai,Individual,6,256,Dimensity 9200,90,85,108,Excellent,No,Moderate,No,Yes,Yes,No,5G,Battery Replaced,17000
Realme,Narzo 70,19999,2021,5,Kolkata,Individual,8,256,A17 Pro,120,65,48,Excellent,No,Minor,Yes,Yes,Yes,No,4G,,5100
Nothing,Phone (2a),25999,2024,2,Pune,Individual,4,256,Dimensity 9200,120,81,200,Fair,No,Moderate,No,Yes,Yes,No,5G,Battery Replaced,11800
iQOO,12,52999,2023,3,Jaipur,Individual,4,256,A16 Bionic,120,76,50,Good,No,Minor,No,Yes,Yes,No,5G,,21200
iQOO,Neo 9 Pro,37999,2025,1,Patna,Individual,6,256,A16 Bionic,120,88,108,Fair,Yes,Moderate,No,No,No,No,5G,,14400
Realme,GT Neo 3,36999,2024,2,Bengaluru,Individual,12,64,A15 Bionic,90,83,108,Good,Yes,Moderate,No,Yes,No,No,5G,,12600
OnePlus,12,64999,2025,1,Hyderabad,Individual,12,128,Dimensity 8200,90,97,108,Fair,No,Heavy,No,Yes,No,No,5G,,36000
Apple,iPhone 15,89999,2025,1,Lucknow,Dealer,12,256,Snapdragon 695,120,94,200,Good,No,,No,Yes,Yes,No,5G,,62300
Vivo,T3,22999,2024,2,Hyderabad,Dealer,12,128,Snapdragon 695,120,78,200,Fair,Yes,Moderate,No,Yes,Yes,No,5G,,6400
OnePlus,Nord 3,33999,2024,2,Chennai,Individual,4,256,Snapdragon 8 Gen 3,60,88,50,Good,No,Minor,Yes,No,Yes,No,5G,,18000
iQOO,Z9,21999,2023,3,Lucknow,Dealer,12,128,A16 Bionic,120,82,48,Good,No,Moderate,Yes,Yes,Yes,No,5G,,8500
OnePlus,11R,39999,2025,1,Patna,Individual,12,256,Tensor G3,120,93,48,Good,No,Moderate,Yes,Yes,Yes,No,5G,,25500
Realme,GT Neo 3,36999,2023,3,Hyderabad,Individual,6,256,Dimensity 8200,90,79,64,Excellent,No,Moderate,Yes,Yes,Yes,No,5G,,15700
Vivo,T3,22999,2022,4,Mumbai,Individual,12,128,Dimensity 9200,90,72,200,Poor,No,Moderate,Yes,Yes,No,No,5G,Battery Replaced,4800
Motorola,G84,19999,2025,1,Noida,Individual,6,256,Snapdragon 8 Gen 2,120,97,200,Excellent,No,Minor,Yes,Yes,Yes,No,5G,,13500
Apple,iPhone 15,89999,2024,2,Noida,Individual,12,256,Dimensity 8200,120,82,48,Good,No,Moderate,Yes,Yes,No,No,5G,Motherboard Repair,37500
Xiaomi,Redmi Note 12 Pro,25999,2025,1,Delhi,Dealer,12,256,Snapdragon 695,120,94,64,Excellent,No,Minor,Yes,Yes,No,No,5G,,16100
Apple,iPhone 14,79999,2023,3,Noida,Individual,8,256,A16 Bionic,120,84,48,Good,No,Minor,Yes,Yes,Yes,No,5G,,38100
Xiaomi,Poco F5,29999,2022,4,Hyderabad,Individual,8,128,Snapdragon 7 Gen 3,120,74,50,Good,No,Moderate,Yes,Yes,No,No,5G,Screen Replaced,8400
Samsung,Galaxy S22,62999,2023,3,Noida,Dealer,4,256,Dimensity 8200,120,80,48,Fair,No,Minor,Yes,No,No,No,5G,Battery Replaced,22000
Samsung,Galaxy A54,38999,2025,1,Bengaluru,Individual,12,128,A17 Pro,90,89,50,Good,No,,No,No,No,No,5G,,24400
Realme,11 Pro+,32999,2024,2,Noida,Individual,6,256,A15 Bionic,60,79,48,Fair,No,Minor,Yes,Yes,No,No,5G,,13700
Oppo,Reno 10,32999,2022,4,Jaipur,Individual,4,128,A16 Bionic,120,71,64,Good,No,,Yes,Yes,Yes,No,5G,Screen Replaced,9600
Nothing,Phone (1),32999,2024,2,Delhi,Individual,6,64,Dimensity 8200,90,97,48,Excellent,No,Minor,Yes,Yes,Yes,No,5G,,18600
Realme,11 Pro+,32999,2025,1,Chennai,Individual,6,512,Dimensity 7200,120,83,50,Good,No,Moderate,Yes,No,Yes,No,5G,,18400
Vivo,V29,32999,2022,4,Chennai,Individual,8,256,A16 Bionic,120,65,200,Good,No,Heavy,Yes,Yes,Yes,No,5G,,10000
Vivo,V29,32999,2023,3,Kolkata,Dealer,4,128,Tensor G2,120,83,108,Good,No,,No,No,Yes,No,5G,,12900
OnePlus,11R,39999,2022,4,Lucknow,Individual,12,128,Dimensity 7200,90,72,64,Fair,No,Minor,No,Yes,No,No,5G,Battery Replaced,11500
Motorola,G84,19999,2023,3,Pune,Individual,8,256,Snapdragon 8 Gen 3,120,87,48,Good,No,,Yes,Yes,No,No,5G,,8400
Samsung,Galaxy S23,74999,2023,3,Chennai,Individual,16,256,Tensor G2,120,86,200,Fair,No,,Yes,Yes,Yes,No,5G,,28100
OnePlus,Nord 3,33999,2024,2,Patna,Individual,8,256,Dimensity 9200,90,87,50,Excellent,No,,Yes,Yes,Yes,No,5G,,18600
OnePlus,Nord 3,33999,2024,2,Pune,Individual,12,256,A15 Bionic,120,89,108,Good,Yes,,Yes,No,No,No,5G,,12300
Samsung,Galaxy M35,22999,2025,1,Delhi,Individual,6,256,Snapdragon 7 Gen 3,120,98,200,Good,Yes,Heavy,Yes,Yes,Yes,No,5G,Motherboard Repair,7700
Nothing,Phone (2),44999,2023,3,Delhi,Dealer,8,512,Dimensity 8200,120,82,64,Fair,Yes,Moderate,Yes,Yes,Yes,No,5G,,12000
Oppo,Find X5,69999,2023,3,Jaipur,Individual,6,128,Tensor G2,90,73,108,Good,No,,Yes,Yes,Yes,No,5G,Screen Replaced,24000
Oppo,F25,23999,2023,3,Delhi,Individual,8,128,A16 Bionic,120,73,200,Fair,No,Minor,Yes,Yes,No,No,5G,,7700
Samsung,Galaxy S23,74999,2025,1,Kolkata,Individual,12,128,Snapdragon 695,120,86,50,Good,No,Minor,No,No,Yes,No,5G,,44800
Realme,11 Pro+,32999,2024,2,Mumbai,Individual,8,256,Snapdragon 7 Gen 3,120,84,50,Excellent,No,,No,No,Yes,No,5G,,16200
Nothing,Phone (2a),25999,2024,2,Chennai,Dealer,8,256,Dimensity 7200,120,90,48,Good,No,,No,Yes,Yes,No,5G,,13200
Nothing,Phone (2a),25999,2024,2,Bengaluru,Individual,8,256,Snapdragon 8 Gen 3,120,85,64,Good,No,Minor,Yes,Yes,No,No,5G,,13300
Nothing,Phone (2a),25999,2022,4,Pune,Individual,6,128,Snapdragon 8 Gen 3,120,79,48,Fair,No,Moderate,Yes,Yes,No,No,5G,Battery Replaced,7700
Samsung,Galaxy S22,62999,2024,2,Bengaluru,Dealer,8,128,Tensor G2,90,87,64,Poor,No,,Yes,Yes,No,No,5G,Motherboard Repair,17000
Vivo,V29,32999,2024,2,Pune,Individual,8,256,Snapdragon 7 Gen 3,120,87,50,Good,No,Minor,No,Yes,Yes,No,5G,,15800
Samsung,Galaxy S23,74999,2024,2,Mumbai,Individual,12,128,Dimensity 8200,120,82,108,Excellent,No,Minor,Yes,Yes,Yes,No,5G,,41300
Samsung,Galaxy M35,22999,2025,1,Lucknow,Individual,6,256,Dimensity 8200,90,89,108,Good,No,Minor,Yes,Yes,No,No,5G,,14500
Apple,iPhone 12,65999,2023,3,Hyderabad,Dealer,8,256,Dimensity 9200,120,85,48,Excellent,No,,Yes,No,No,No,5G,Battery Replaced,33400
Xiaomi,Poco F5,29999,2023,3,Jaipur,Dealer,6,256,Dimensity 8200,90,79,108,Excellent,No,,Yes,Yes,No,No,5G,,12400
Vivo,V29,32999,2023,3,Delhi,Individual,8,64,A16 Bionic,120,84,48,Good,No,Minor,No,Yes,No,No,5G,,12700
Apple,iPhone 11,49999,2024,2,Hyderabad,Individual,8,256,A17 Pro,120,84,48,Good,No,,No,No,Yes,No,5G,,29000
iQOO,Z9,21999,2022,4,Noida,Individual,6,512,Tensor G2,120,76,50,Good,No,,No,Yes,Yes,No,5G,,7200
Nothing,Phone (2),44999,2023,3,Delhi,Individual,8,256,Tensor G2,60,86,108,Good,No,Heavy,Yes,Yes,Yes,No,5G,,19300
Apple,iPhone 14,79999,2023,3,Jaipur,Dealer,8,128,A17 Pro,120,74,64,Excellent,No,Minor,No,No,Yes,No,5G,,40300
Apple,iPhone 15,89999,2022,4,Pune,Individual,8,128,Dimensity 7200,90,73,50,Excellent,No,Moderate,No,Yes,No,No,5G,,34600
OnePlus,12,64999,2025,1,Noida,Individual,8,128,Snapdragon 7 Gen 3,120,92,200,Fair,No,Minor,No,Yes,No,No,5G,Screen Replaced,33400
iQOO,Z9,21999,2021,5,Mumbai,Dealer,12,256,Snapdragon 695,60,61,48,Good,Yes,Minor,No,Yes,Yes,No,4G,,3900
Vivo,T3,22999,2023,3,Mumbai,Individual,8,128,Snapdragon 695,120,74,200,Good,No,Minor,Yes,Yes,No,No,5G,Battery Replaced,8200
Apple,iPhone 15,89999,2023,3,Chennai,Dealer,6,128,Snapdragon 7 Gen 3,120,78,64,Fair,No,Heavy,No,Yes,No,No,5G,,35100
Samsung,Galaxy S21 FE,54999,2021,5,Noida,Dealer,6,256,A16 Bionic,60,69,108,Good,No,Minor,Yes,No,No,No,4G,Motherboard Repair,11400
Oppo,Find X5,69999,2022,4,Noida,Individual,16,256,A15 Bionic,120,75,50,Excellent,No,Moderate,Yes,Yes,Yes,No,5G,,23900
iQOO,12,52999,2023,3,Delhi,Individual,12,256,Tensor G3,120,75,64,Good,No,Moderate,Yes,Yes,Yes,No,5G,,20900
Samsung,Galaxy A54,38999,2024,2,Chennai,Individual,4,256,Tensor G3,60,94,50,Fair,No,Minor,Yes,No,Yes,No,5G,,18100
Nothing,Phone (1),32999,2022,4,Hyderabad,Individual,12,256,Snapdragon 8 Gen 2,60,69,200,Excellent,No,Minor,Yes,No,No,No,5G,,11500
Samsung,Galaxy A54,38999,2023,3,Patna,Individual,8,256,Dimensity 9200,90,74,200,Fair,No,,Yes,Yes,Yes,No,5G,,14900
OnePlus,12,64999,2025,1,Pune,Individual,4,256,Tensor G2,60,86,64,Good,No,Minor,No,Yes,Yes,No,5G,,40300
Motorola,G84,19999,2022,4,Pune,Individual,6,64,Tensor G2,120,75,64,Good,No,Moderate,No,Yes,Yes,No,5G,Screen Replaced,6100
Samsung,Galaxy S21 FE,54999,2024,2,Jaipur,Individual,8,256,A16 Bionic,120,81,48,Excellent,No,Heavy,Yes,Yes,Yes,No,5G,Screen Replaced,29700
OnePlus,9 Pro,64999,2022,4,Delhi,Individual,6,128,Dimensity 7200,120,69,108,Good,No,Minor,No,Yes,Yes,No,5G,,20100
iQOO,Neo 9 Pro,37999,2026,0,Chennai,Individual,6,128,Snapdragon 8 Gen 2,120,93,200,Poor,No,Minor,Yes,No,No,No,5G,,17500
Vivo,V29,32999,2022,4,Mumbai,Individual,12,512,A17 Pro,120,81,50,Good,No,,Yes,No,Yes,No,5G,,10200
Vivo,T3,22999,2024,2,Jaipur,Individual,12,128,Snapdragon 8 Gen 2,60,79,50,Good,No,Minor,Yes,Yes,No,No,5G,Screen Replaced,9800
OnePlus,12,64999,2026,0,Bengaluru,Dealer,8,256,Snapdragon 7 Gen 3,120,97,48,Good,Yes,Minor,Yes,Yes,No,Yes,5G,,34400
Samsung,Galaxy A54,38999,2024,2,Chennai,Individual,12,128,Tensor G3,120,81,48,Good,Yes,Minor,Yes,No,Yes,No,5G,,14600
OnePlus,12,64999,2025,1,Lucknow,Individual,12,128,A17 Pro,90,80,50,Fair,No,Heavy,Yes,Yes,Yes,No,5G,,33300
Vivo,X90,59999,2026,0,Noida,Individual,8,128,Tensor G2,90,86,48,Good,No,,No,Yes,Yes,No,5G,,42500
Apple,iPhone 13,69999,2025,1,Hyderabad,Individual,8,64,Dimensity 7200,120,94,200,Good,No,Minor,Yes,Yes,Yes,No,5G,Battery Replaced,50300
iQOO,Neo 9 Pro,37999,2024,2,Chennai,Dealer,8,256,Dimensity 9200,120,85,108,Good,No,Minor,No,Yes,No,No,5G,Screen Replaced,17000
Xiaomi,Poco F5,29999,2022,4,Mumbai,Individual,8,128,Tensor G2,90,77,50,Fair,No,,Yes,Yes,No,No,5G,Motherboard Repair,6100
Samsung,Galaxy A54,38999,2024,2,Patna,Individual,8,128,Snapdragon 695,120,86,64,Excellent,No,Moderate,No,Yes,No,No,5G,,21600
Vivo,X90,59999,2026,0,Patna,Individual,4,128,Snapdragon 8 Gen 3,120,100,48,Excellent,No,Minor,Yes,Yes,Yes,No,5G,,47400
Oppo,Reno 10,32999,2024,2,Kolkata,Individual,6,256,Dimensity 8200,90,83,64,Excellent,No,Moderate,Yes,Yes,Yes,No,5G,,17500
Vivo,V29,32999,2024,2,Patna,Dealer,8,256,Snapdragon 7 Gen 3,120,78,200,Fair,No,Minor,Yes,Yes,No,No,5G,,13400
Google,Pixel 8,75999,2021,5,Pune,Individual,12,256,Snapdragon 695,120,77,64,Excellent,No,Minor,No,Yes,Yes,No,5G,,22400
Apple,iPhone 15,89999,2021,5,Kolkata,Individual,8,128,Snapdragon 695,120,67,64,Good,No,Minor,Yes,Yes,Yes,No,4G,,26800
Samsung,Galaxy S23,74999,2022,4,Pune,Dealer,4,512,Dimensity 8200,90,63,48,Excellent,No,,No,No,No,No,5G,Battery Replaced,27500
OnePlus,Nord 3,33999,2024,2,Patna,Individual,6,128,Snapdragon 8 Gen 3,60,89,48,Fair,Yes,Minor,Yes,Yes,Yes,No,5G,,10600
Motorola,Edge 50 Pro,34999,2023,3,Delhi,Individual,12,512,A17 Pro,120,76,108,Fair,No,Moderate,Yes,Yes,Yes,No,5G,,12300
OnePlus,12,64999,2024,2,Jaipur,Individual,8,128,Tensor G2,120,78,50,Fair,No,Minor,Yes,Yes,Yes,No,5G,,27800
OnePlus,9 Pro,64999,2024,2,Mumbai,Individual,12,128,Snapdragon 8 Gen 2,120,89,48,Excellent,Yes,,No,Yes,Yes,No,5G,,25200
Realme,Narzo 70,19999,2024,2,Mumbai,Individual,12,256,Tensor G3,120,72,200,Good,No,,No,Yes,Yes,No,5G,Battery Replaced,8700
Motorola,Edge 40,29999,2023,3,Chennai,Individual,8,128,Snapdragon 8 Gen 3,90,76,108,Excellent,No,Minor,No,Yes,Yes,No,5G,,12300
Samsung,Galaxy S21 FE,54999,2024,2,Patna,Individual,16,256,Dimensity 7200,120,84,200,Good,No,Minor,No,Yes,Yes,No,5G,,28100
Xiaomi,Redmi Note 13 Pro,29999,2023,3,Jaipur,Individual,6,512,Snapdragon 8 Gen 2,90,90,50,Excellent,No,Minor,No,No,Yes,No,5G,,13000
Realme,11 Pro+,32999,2023,3,Kolkata,Individual,16,512,A17 Pro,120,82,108,Good,No,Moderate,Yes,Yes,No,No,5G,,13100
Nothing,Phone (1),32999,2025,1,Hyderabad,Individual,8,128,Tensor G2,90,91,64,Fair,Yes,,Yes,Yes,No,No,5G,Battery Replaced,12500
Apple,iPhone 13,69999,2025,1,Jaipur,Dealer,12,256,A16 Bionic,120,89,48,Excellent,No,Moderate,Yes,Yes,No,No,5G,,54800
Motorola,Edge 50 Pro,34999,2021,5,Jaipur,Dealer,12,256,Snapdragon 7 Gen 3,120,78,200,Good,No,,Yes,Yes,Yes,No,4G,,8900
Nothing,Phone (1),32999,2024,2,Delhi,Individual,16,64,A16 Bionic,90,83,48,Good,No,Moderate,No,Yes,No,No,5G,,16400
Samsung,Galaxy M35,22999,2022,4,Hyderabad,Individual,12,128,Dimensity 7200,60,72,64,Excellent,No,Minor,Yes,Yes,Yes,No,5G,,8400
OnePlus,12,64999,2021,5,Patna,Individual,12,256,Dimensity 9200,90,68,64,Good,Yes,Minor,Yes,Yes,Yes,No,4G,Battery Replaced,11900
OnePlus,Nord 3,33999,2024,2,Chennai,Individual,6,256,Snapdragon 7 Gen 3,120,75,200,Excellent,No,Moderate,No,Yes,Yes,No,5G,,17700
Apple,iPhone 11,49999,2024,2,Chennai,Individual,4,512,A15 Bionic,120,92,64,Excellent,No,,Yes,Yes,No,No,5G,,32200
Oppo,Find X5,69999,2024,2,Delhi,Individual,16,256,Dimensity 7200,90,76,108,Excellent,No,Minor,Yes,Yes,No,No,5G,,35100
iQOO,Neo 9 Pro,37999,2021,5,Mumbai,Individual,8,128,Tensor G3,90,71,108,Fair,No,Moderate,No,Yes,Yes,No,4G,,8700
Apple,iPhone 14,79999,2025,1,Chennai,Dealer,8,128,Snapdragon 8 Gen 2,120,91,50,Fair,No,Minor,Yes,No,Yes,No,5G,,50900
Samsung,Galaxy S23,74999,2025,1,Kolkata,Individual,4,512,Snapdragon 695,120,87,200,Good,No,,Yes,Yes,No,No,5G,,46300
Xiaomi,Poco F5,29999,2023,3,Delhi,Dealer,6,256,Dimensity 9200,60,74,64,Excellent,Yes,Minor,Yes,No,No,No,5G,Screen Replaced,7800
Realme,Narzo 70,19999,2022,4,Mumbai,Dealer,6,64,Dimensity 8200,90,80,50,Good,No,Minor,Yes,Yes,Yes,No,5G,,6500
Samsung,Galaxy S23,74999,2023,3,Pune,Dealer,8,256,Snapdragon 8 Gen 2,120,74,64,Fair,No,Moderate,No,Yes,No,No,5G,Battery Replaced,25900
Samsung,Galaxy A54,38999,2025,1,Pune,Individual,16,256,Tensor G3,60,88,200,Good,No,,No,No,No,No,5G,Motherboard Repair,19100
Realme,Narzo 70,19999,2024,2,Chennai,Individual,6,256,Dimensity 7200,90,74,50,Good,No,Minor,No,Yes,No,No,5G,,8700
Realme,Narzo 70,19999,2022,4,Pune,Individual,8,256,Dimensity 7200,120,77,108,Fair,No,Moderate,Yes,No,Yes,No,5G,Motherboard Repair,4000
Oppo,F25,23999,2021,5,Noida,Individual,12,128,Snapdragon 695,120,77,48,Good,No,Moderate,No,No,No,No,5G,,5900
iQOO,Neo 9 Pro,37999,2025,1,Noida,Dealer,12,256,Dimensity 8200,90,82,50,Good,No,Minor,No,Yes,No,No,5G,,21200
Realme,Narzo 70,19999,2023,3,Mumbai,Dealer,8,256,Snapdragon 7 Gen 3,120,75,50,Excellent,No,Moderate,Yes,Yes,Yes,No,5G,,8400
OnePlus,9 Pro,64999,2024,2,Lucknow,Individual,12,512,Tensor G2,60,92,200,Good,No,,Yes,No,No,No,5G,,34000
Samsung,Galaxy S21 FE,54999,2024,2,Bengaluru,Individual,6,512,A16 Bionic,120,86,64,Good,No,Moderate,Yes,Yes,No,No,5G,,29400
Motorola,Edge 40,29999,2025,1,Hyderabad,Dealer,8,128,A15 Bionic,90,91,64,Excellent,No,,No,Yes,No,No,5G,,20100
Motorola,G84,19999,2024,2,Bengaluru,Dealer,4,512,Snapdragon 695,120,83,108,Excellent,Yes,Minor,Yes,Yes,Yes,No,5G,Battery Replaced,7500
Realme,Narzo 70,19999,2021,5,Noida,Individual,8,256,A17 Pro,120,74,200,Good,No,Minor,Yes,Yes,Yes,No,4G,,5200
Realme,11 Pro+,32999,2022,4,Bengaluru,Individual,8,512,A16 Bionic,90,71,48,Good,No,,No,No,Yes,No,5G,,10200
Apple,iPhone 13,69999,2023,3,Jaipur,Individual,16,128,Snapdragon 7 Gen 3,120,76,108,Excellent,No,Moderate,Yes,Yes,Yes,No,5G,,33700
Apple,iPhone 13,69999,2023,3,Hyderabad,Individual,6,256,Snapdragon 8 Gen 3,120,77,50,Good,No,Minor,No,No,Yes,No,5G,,33500
Oppo,Find X5,69999,2023,3,Lucknow,Individual,8,128,Snapdragon 695,120,80,64,Excellent,No,,Yes,Yes,Yes,No,5G,,30300
Realme,GT Neo 3,36999,2023,3,Delhi,Individual,4,128,Dimensity 8200,120,77,108,Excellent,No,Minor,No,No,Yes,No,5G,,15800
Samsung,Galaxy A54,38999,2023,3,Mumbai,Individual,12,256,Dimensity 8200,60,71,200,Good,No,,Yes,No,No,No,5G,Screen Replaced,15400
Xiaomi,Redmi Note 13 Pro,29999,2025,1,Noida,Individual,8,256,Tensor G3,120,89,64,Good,No,Minor,Yes,No,Yes,No,5G,,17800
Apple,iPhone 11,49999,2022,4,Lucknow,Individual,12,512,A16 Bionic,120,72,64,Excellent,No,Minor,No,Yes,No,No,5G,,18900
Realme,11 Pro+,32999,2025,1,Jaipur,Individual,8,128,A15 Bionic,90,91,108,Excellent,No,Moderate,No,No,No,No,5G,,20200
Apple,iPhone 12,65999,2023,3,Pune,Individual,12,128,Tensor G2,120,85,50,Good,No,,No,Yes,Yes,No,5G,,32200
Apple,iPhone 12,65999,2024,2,Mumbai,Dealer,8,256,Dimensity 8200,90,81,108,Excellent,No,Minor,Yes,Yes,Yes,No,5G,,40400
Motorola,Edge 50 Pro,34999,2023,3,Jaipur,Individual,8,256,A16 Bionic,120,83,64,Good,No,Moderate,No,Yes,Yes,No,5G,,13700
Apple,iPhone 13,69999,2024,2,Kolkata,Individual,8,128,Dimensity 7200,90,86,50,Fair,No,,Yes,Yes,Yes,No,5G,,36800
Oppo,Find X5,69999,2024,2,Pune,Individual,12,512,Dimensity 7200,120,85,48,Excellent,No,Minor,Yes,No,Yes,No,5G,,34100
Realme,GT Neo 3,36999,2022,4,Noida,Individual,12,128,Tensor G2,90,84,64,Good,No,,Yes,Yes,No,No,5G,,11200
Motorola,G84,19999,2024,2,Pune,Individual,8,256,Snapdragon 8 Gen 3,120,94,50,Fair,No,,Yes,No,No,No,5G,,8700
Nothing,Phone (2a),25999,2024,2,Lucknow,Individual,16,256,Dimensity 8200,120,88,50,Good,No,Minor,Yes,Yes,Yes,No,5G,,13200
Samsung,Galaxy S23,74999,2025,1,Hyderabad,Individual,12,512,A16 Bionic,120,88,64,Good,No,Minor,No,No,No,No,5G,,46800
Nothing,Phone (2),44999,2026,0,Delhi,Dealer,8,128,Tensor G2,120,96,200,Excellent,No,Minor,No,Yes,Yes,Yes,5G,,36000
Samsung,Galaxy S22,62999,2025,1,Chennai,Individual,8,256,A15 Bionic,120,91,48,Fair,No,Moderate,Yes,No,Yes,No,5G,Battery Replaced,36500
Apple,iPhone 15,89999,2023,3,Hyderabad,Individual,8,256,Dimensity 8200,90,77,200,Fair,No,,No,Yes,No,No,5G,Battery Replaced,34300
Google,Pixel 7a,43999,2024,2,Delhi,Dealer,8,128,Dimensity 9200,120,75,200,Good,No,,Yes,Yes,No,No,5G,,24100
Realme,Narzo 70,19999,2021,5,Bengaluru,Individual,12,128,Dimensity 8200,120,71,48,Good,No,Minor,No,No,Yes,No,4G,Battery Replaced,4700
iQOO,12,52999,2023,3,Hyderabad,Individual,12,256,Tensor G3,120,79,200,Excellent,No,,No,Yes,No,No,5G,,22400
Motorola,G84,19999,2022,4,Kolkata,Dealer,12,512,A17 Pro,120,76,50,Poor,No,,No,Yes,No,No,5G,Battery Replaced,4400
Google,Pixel 7,59999,2026,0,Kolkata,Individual,16,128,A17 Pro,90,89,50,Good,No,Minor,Yes,Yes,No,Yes,5G,,48400
Google,Pixel 7a,43999,2024,2,Lucknow,Dealer,12,128,Snapdragon 8 Gen 2,90,88,200,Excellent,No,,Yes,Yes,No,No,5G,,26700
Motorola,Edge 50 Pro,34999,2024,2,Jaipur,Individual,12,256,Dimensity 9200,120,79,48,Poor,No,,Yes,Yes,No,No,5G,,11600
Xiaomi,Poco F5,29999,2025,1,Lucknow,Individual,6,128,Snapdragon 695,120,82,64,Excellent,No,Minor,No,Yes,Yes,No,5G,,17800
Xiaomi,Redmi Note 12 Pro,25999,2023,3,Mumbai,Individual,12,128,Snapdragon 7 Gen 3,120,82,108,Good,No,Moderate,Yes,Yes,Yes,No,5G,Battery Replaced,10400
Oppo,Find X5,69999,2024,2,Pune,Individual,8,512,Snapdragon 8 Gen 3,120,83,50,Fair,No,Minor,Yes,Yes,Yes,No,5G,Screen Replaced,27500
Google,Pixel 7a,43999,2026,0,Noida,Individual,8,256,Tensor G3,120,97,48,Fair,No,Minor,Yes,Yes,No,Yes,5G,,32100
Google,Pixel 8,75999,2022,4,Pune,Individual,6,512,Snapdragon 7 Gen 3,90,78,50,Excellent,No,,No,No,No,No,5G,Motherboard Repair,20600
Xiaomi,Redmi Note 12 Pro,25999,2026,0,Mumbai,Individual,8,256,Tensor G2,90,97,200,Fair,No,Minor,Yes,Yes,No,No,5G,,16900
Realme,11 Pro+,32999,2024,2,Bengaluru,Individual,8,128,Snapdragon 8 Gen 2,90,85,50,Excellent,No,Minor,Yes,Yes,No,No,5G,,16500
Samsung,Galaxy A54,38999,2024,2,Mumbai,Individual,6,64,A17 Pro,90,88,50,Good,No,Moderate,Yes,No,No,No,5G,,19300
Samsung,Galaxy M35,22999,2026,0,Patna,Individual,6,256,Snapdragon 8 Gen 2,60,92,64,Good,No,Minor,Yes,Yes,Yes,Yes,5G,,18700
Nothing,Phone (2),44999,2025,1,Hyderabad,Individual,6,128,Snapdragon 8 Gen 3,120,89,200,Excellent,No,Minor,Yes,Yes,Yes,No,5G,,29500
Apple,iPhone 11,49999,2025,1,Delhi,Individual,12,64,Snapdragon 8 Gen 3,90,89,48,Excellent,Yes,Minor,Yes,Yes,Yes,No,5G,,28500
Realme,11 Pro+,32999,2025,1,Pune,Individual,8,512,A15 Bionic,120,95,50,Good,Yes,Minor,No,Yes,No,No,5G,,13100
Realme,11 Pro+,32999,2024,2,Delhi,Dealer,16,128,Tensor G2,90,86,200,Fair,No,Minor,No,Yes,Yes,No,5G,,13400
Xiaomi,Redmi Note 12 Pro,25999,2023,3,Chennai,Individual,12,256,Snapdragon 8 Gen 2,120,68,200,Excellent,No,Moderate,No,Yes,No,No,5G,,10800
OnePlus,12,64999,2021,5,Kolkata,Individual,12,128,Dimensity 9200,90,74,64,Excellent,No,Minor,No,Yes,Yes,No,4G,Screen Replaced,17000
Samsung,Galaxy A54,38999,2024,2,Noida,Dealer,8,128,A17 Pro,90,88,48,Fair,No,,No,Yes,Yes,No,5G,,17600
Vivo,T3,22999,2023,3,Pune,Individual,8,256,A16 Bionic,120,75,48,Fair,No,Minor,Yes,Yes,Yes,No,5G,,7900
Oppo,Find X5,69999,2022,4,Kolkata,Individual,8,128,A17 Pro,90,85,48,Excellent,No,Moderate,Yes,Yes,Yes,No,5G,,22700
Realme,Narzo 70,19999,2023,3,Chennai,Individual,4,128,Snapdragon 7 Gen 3,90,82,200,Poor,No,Minor,Yes,No,Yes,No,5G,Screen Replaced,4900
Motorola,G84,19999,2021,5,Pune,Dealer,6,256,Tensor G3,90,68,200,Fair,No,,Yes,Yes,No,No,4G,Screen Replaced,3900
Xiaomi,Xiaomi 13 Pro,79999,2023,3,Hyderabad,Individual,4,256,Tensor G3,60,76,200,Excellent,No,,Yes,Yes,No,No,5G,,34700
OnePlus,Nord 3,33999,2026,0,Chennai,Individual,16,128,Dimensity 9200,90,88,200,Fair,No,Moderate,Yes,Yes,Yes,Yes,5G,,21800
Samsung,Galaxy S22,62999,2021,5,Kolkata,Dealer,6,256,Snapdragon 8 Gen 2,90,75,48,Fair,No,,Yes,Yes,No,No,5G,,15000
Samsung,Galaxy A54,38999,2025,1,Mumbai,Individual,8,256,Snapdragon 8 Gen 3,120,91,50,Good,No,Minor,Yes,Yes,Yes,No,5G,,26200
iQOO,Neo 9 Pro,37999,2024,2,Patna,Individual,8,256,Tensor G3,120,87,48,Excellent,No,Minor,Yes,No,Yes,No,5G,,20000
Samsung,Galaxy M35,22999,2023,3,Lucknow,Individual,8,128,Snapdragon 695,90,73,200,Good,No,Moderate,Yes,Yes,Yes,No,5G,,9900
Apple,iPhone 12,65999,2024,2,Noida,Individual,8,512,Tensor G3,60,89,64,Excellent,No,Heavy,Yes,Yes,Yes,No,5G,,41400
Apple,iPhone 14,79999,2022,4,Pune,Dealer,8,128,A15 Bionic,90,81,200,Excellent,No,,Yes,Yes,No,No,5G,,32000
Samsung,Galaxy S21 FE,54999,2025,1,Bengaluru,Dealer,6,128,Dimensity 8200,90,89,108,Poor,No,,Yes,Yes,No,No,5G,,22700
Apple,iPhone 14,79999,2021,5,Jaipur,Dealer,12,128,Snapdragon 695,120,73,64,Good,No,Minor,Yes,Yes,Yes,No,4G,,24100
Apple,iPhone 14,79999,2026,0,Pune,Individual,12,128,Dimensity 8200,90,100,108,Poor,No,Minor,Yes,Yes,Yes,Yes,5G,,48700
Vivo,T3,22999,2022,4,Lucknow,Individual,12,128,Snapdragon 8 Gen 2,120,76,108,Good,No,,No,Yes,Yes,No,5G,,7200
Apple,iPhone 14,79999,2023,3,Pune,Individual,16,128,Snapdragon 8 Gen 2,120,91,50,Good,No,,No,Yes,Yes,No,5G,Screen Replaced,34100
Google,Pixel 7,59999,2025,1,Lucknow,Individual,12,128,Dimensity 9200,90,88,200,Good,No,,Yes,Yes,No,No,5G,,39600
Apple,iPhone 14,79999,2023,3,Noida,Individual,8,256,Snapdragon 8 Gen 3,120,75,108,Poor,No,,Yes,Yes,Yes,No,5G,Motherboard Repair,18100
Oppo,Find X5,69999,2022,4,Jaipur,Individual,8,256,Dimensity 8200,60,83,64,Good,No,Moderate,Yes,Yes,Yes,No,5G,,22400
Apple,iPhone 11,49999,2023,3,Lucknow,Individual,8,256,Tensor G3,120,80,48,Poor,No,,Yes,Yes,Yes,No,5G,,16500
OnePlus,11R,39999,2023,3,Kolkata,Individual,12,256,Dimensity 9200,90,80,48,Good,No,Minor,No,Yes,No,No,5G,,16900
Oppo,Reno 10,32999,2025,1,Pune,Individual,8,128,Dimensity 8200,120,85,200,Poor,No,Minor,No,Yes,Yes,No,5G,,12300
Xiaomi,Redmi Note 13 Pro,29999,2022,4,Pune,Individual,8,512,Snapdragon 8 Gen 2,120,73,48,Excellent,No,Moderate,Yes,Yes,Yes,No,5G,,10400
Samsung,Galaxy S21 FE,54999,2023,3,Pune,Dealer,8,128,Snapdragon 8 Gen 2,60,82,200,Excellent,No,Minor,Yes,Yes,Yes,No,5G,,25300
Samsung,Galaxy A54,38999,2026,0,Hyderabad,Dealer,6,128,Tensor G2,60,89,200,Good,No,Minor,Yes,Yes,No,Yes,5G,,29800
iQOO,12,52999,2025,1,Kolkata,Dealer,12,256,Dimensity 8200,120,94,50,Excellent,No,Moderate,No,Yes,Yes,No,5G,,35400
Apple,iPhone 13,69999,2025,1,Lucknow,Individual,16,64,Dimensity 9200,120,89,108,Fair,No,Minor,No,Yes,Yes,No,5G,,44600
Xiaomi,Xiaomi 13 Pro,79999,2023,3,Delhi,Individual,16,256,Dimensity 8200,90,79,50,Fair,No,Minor,Yes,Yes,No,No,5G,,26700
Nothing,Phone (2),44999,2023,3,Mumbai,Dealer,6,64,Tensor G2,120,77,50,Excellent,No,Minor,Yes,Yes,Yes,No,5G,,19700
Xiaomi,Redmi Note 12 Pro,25999,2025,1,Chennai,Individual,12,128,Dimensity 7200,90,92,200,Good,No,Moderate,No,No,No,No,5G,,15600
iQOO,Neo 9 Pro,37999,2026,0,Chennai,Individual,6,128,Dimensity 8200,90,92,50,Excellent,No,Minor,Yes,Yes,No,Yes,5G,,28500
Google,Pixel 7,59999,2023,3,Noida,Individual,16,64,Tensor G2,120,85,50,Good,No,Moderate,Yes,No,No,No,5G,,25200
iQOO,12,52999,2024,2,Lucknow,Individual,6,128,Dimensity 8200,120,81,64,Good,No,Minor,Yes,Yes,No,No,5G,,25700
Google,Pixel 7a,43999,2025,1,Bengaluru,Individual,12,256,A16 Bionic,120,90,64,Good,Yes,,Yes,Yes,Yes,No,5G,,20300
Realme,GT Neo 3,36999,2023,3,Hyderabad,Individual,8,128,Snapdragon 8 Gen 2,90,81,48,Fair,No,Heavy,Yes,Yes,Yes,No,5G,,12200
Samsung,Galaxy S21 FE,54999,2022,4,Jaipur,Dealer,4,128,Dimensity 8200,90,76,200,Good,No,Moderate,No,Yes,Yes,No,5G,,18400
Realme,11 Pro+,32999,2023,3,Mumbai,Individual,12,512,A17 Pro,90,84,108,Good,No,,Yes,Yes,Yes,No,5G,,12500
Samsung,Galaxy S22,62999,2024,2,Mumbai,Individual,6,256,Snapdragon 695,120,89,108,Excellent,No,Minor,No,Yes,Yes,No,5G,,36000
Google,Pixel 7a,43999,2024,2,Pune,Individual,6,64,Snapdragon 8 Gen 3,120,88,50,Fair,Yes,,No,Yes,Yes,No,5G,,15200
OnePlus,11R,39999,2022,4,Hyderabad,Dealer,12,128,A17 Pro,60,67,64,Good,No,Moderate,Yes,Yes,Yes,No,5G,Screen Replaced,12700
Apple,iPhone 14,79999,2021,5,Bengaluru,Individual,16,128,Snapdragon 695,90,71,108,Excellent,No,,Yes,Yes,Yes,No,4G,,25300
iQOO,Neo 9 Pro,37999,2023,3,Patna,Individual,8,512,A15 Bionic,120,86,50,Good,No,Minor,Yes,No,No,No,5G,,15600
Oppo,Reno 10,32999,2025,1,Lucknow,Individual,12,128,Dimensity 8200,90,88,50,Poor,No,Moderate,Yes,Yes,Yes,No,5G,,12800
Samsung,Galaxy M35,22999,2022,4,Chennai,Dealer,6,512,A15 Bionic,90,78,48,Poor,Yes,,No,Yes,No,No,5G,,3900
OnePlus,12,64999,2022,4,Bengaluru,Individual,4,256,Dimensity 8200,60,77,64,Fair,No,Minor,No,Yes,Yes,No,5G,,18900
Samsung,Galaxy S21 FE,54999,2025,1,Lucknow,Individual,6,256,A17 Pro,120,90,200,Fair,No,,Yes,Yes,Yes,No,5G,,31900
Realme,11 Pro+,32999,2024,2,Delhi,Individual,8,256,Tensor G2,120,82,108,Poor,No,Moderate,Yes,Yes,Yes,No,5G,,10200
Realme,GT Neo 3,36999,2022,4,Kolkata,Individual,8,256,Snapdragon 7 Gen 3,60,70,108,Good,No,,No,Yes,Yes,No,5G,,11500
Oppo,F25,23999,2024,2,Delhi,Individual,6,64,A17 Pro,120,81,64,Excellent,No,Minor,Yes,Yes,Yes,No,5G,Battery Replaced,12200
Apple,iPhone 13,69999,2024,2,Patna,Individual,8,256,Snapdragon 8 Gen 3,120,87,200,Good,No,Minor,Yes,Yes,No,No,5G,,39700
Motorola,G84,19999,2024,2,Kolkata,Dealer,8,128,Tensor G3,60,81,200,Fair,No,,Yes,Yes,No,No,5G,,8400
Apple,iPhone 14,79999,2022,4,Bengaluru,Individual,8,128,Tensor G3,120,79,48,Good,No,Minor,No,Yes,No,No,5G,,29400
Vivo,X90,59999,2024,2,Patna,Individual,8,128,A17 Pro,120,86,48,Excellent,No,Minor,No,Yes,Yes,No,5G,,29100
iQOO,Neo 9 Pro,37999,2025,1,Bengaluru,Dealer,4,128,Snapdragon 8 Gen 3,120,82,50,Fair,Yes,,No,No,No,No,5G,,14200
Apple,iPhone 12,65999,2025,1,Mumbai,Individual,6,64,Snapdragon 7 Gen 3,60,96,48,Excellent,No,Moderate,No,Yes,No,No,5G,,52200
Apple,iPhone 13,69999,2024,2,Bengaluru,Individual,12,128,A16 Bionic,120,81,200,Fair,No,Heavy,No,Yes,No,No,5G,,34200
OnePlus,9 Pro,64999,2026,0,Mumbai,Individual,6,128,Tensor G2,60,96,50,Excellent,No,,Yes,Yes,Yes,Yes,5G,Battery Replaced,55500
Motorola,Edge 40,29999,2026,0,Bengaluru,Dealer,12,128,Snapdragon 8 Gen 3,120,100,50,Poor,No,,No,No,No,Yes,5G,,14100
Samsung,Galaxy S22,62999,2022,4,Hyderabad,Individual,12,128,Dimensity 8200,120,76,108,Fair,No,,Yes,Yes,No,No,5G,,19100
iQOO,Z9,21999,2023,3,Jaipur,Individual,6,128,Snapdragon 8 Gen 2,90,81,200,Good,No,,Yes,No,Yes,No,5G,Screen Replaced,8100
Oppo,Find X5,69999,2024,2,Mumbai,Individual,16,128,Dimensity 9200,90,86,200,Excellent,No,,No,Yes,Yes,No,5G,Motherboard Repair,27000
Xiaomi,Redmi Note 13 Pro,29999,2024,2,Chennai,Individual,4,256,A17 Pro,60,74,64,Excellent,No,Minor,Yes,Yes,Yes,No,5G,Screen Replaced,14400
Google,Pixel 8,75999,2023,3,Lucknow,Dealer,8,128,Snapdragon 7 Gen 3,90,74,108,Good,No,Minor,Yes,No,Yes,No,5G,,31800
OnePlus,11R,39999,2023,3,Pune,Dealer,12,128,Dimensity 9200,120,79,200,Fair,No,Minor,No,Yes,Yes,No,5G,Screen Replaced,13300
Motorola,G84,19999,2025,1,Kolkata,Individual,12,128,A17 Pro,90,87,200,Poor,Yes,Minor,No,Yes,Yes,No,5G,Screen Replaced,5400
Samsung,Galaxy S22,62999,2025,1,Jaipur,Dealer,8,128,Dimensity 7200,120,91,50,Good,No,Minor,Yes,Yes,No,No,5G,,39200
Xiaomi,Redmi Note 12 Pro,25999,2024,2,Delhi,Individual,12,256,A15 Bionic,120,92,48,Good,No,Minor,No,Yes,No,No,5G,,11900
Apple,iPhone 13,69999,2021,5,Noida,Dealer,12,512,A17 Pro,120,71,64,Excellent,No,Moderate,Yes,No,Yes,No,4G,,22000
Apple,iPhone 14,79999,2023,3,Patna,Individual,4,256,A15 Bionic,120,88,108,Good,No,Minor,Yes,Yes,No,No,5G,,38700
Motorola,Edge 40,29999,2022,4,Hyderabad,Individual,12,128,Tensor G2,60,78,108,Fair,No,Moderate,Yes,Yes,Yes,No,5G,,8700
Oppo,Find X5,69999,2025,1,Chennai,Individual,6,512,A16 Bionic,120,87,200,Good,No,,Yes,No,No,No,5G,Battery Replaced,38000
Realme,11 Pro+,32999,2024,2,Hyderabad,Individual,4,128,Tensor G2,120,95,48,Fair,No,Minor,Yes,Yes,No,No,5G,Screen Replaced,12200
Xiaomi,Redmi Note 12 Pro,25999,2026,0,Mumbai,Dealer,4,256,Tensor G2,120,100,48,Excellent,No,Heavy,No,Yes,No,Yes,5G,,19500
Vivo,T3,22999,2021,5,Noida,Individual,12,128,A17 Pro,90,76,108,Excellent,No,Minor,No,Yes,No,No,4G,,5900
OnePlus,9 Pro,64999,2025,1,Noida,Individual,12,128,Snapdragon 8 Gen 2,90,98,108,Excellent,No,Minor,Yes,Yes,No,No,5G,,43900
Vivo,X90,59999,2024,2,Delhi,Individual,12,128,A16 Bionic,120,76,48,Good,No,,Yes,Yes,No,No,5G,Motherboard Repair,19600
OnePlus,11R,39999,2024,2,Noida,Individual,6,128,Snapdragon 695,60,95,108,Excellent,No,,No,Yes,Yes,No,5G,Motherboard Repair,16300
Nothing,Phone (2a),25999,2023,3,Bengaluru,Individual,12,128,Tensor G2,120,74,50,Fair,No,,No,Yes,Yes,No,5G,,8900
Samsung,Galaxy S22,62999,2024,2,Chennai,Dealer,12,128,A17 Pro,90,85,108,Fair,No,Minor,Yes,Yes,Yes,No,5G,,28600
Motorola,Edge 40,29999,2024,2,Hyderabad,Individual,8,64,Snapdragon 7 Gen 3,120,82,48,Excellent,No,Minor,Yes,Yes,Yes,No,5G,Motherboard Repair,11500
Nothing,Phone (2),44999,2026,0,Patna,Individual,12,512,Tensor G2,120,95,64,Excellent,No,,No,Yes,No,No,5G,,36800
Samsung,Galaxy S22,62999,2025,1,Delhi,Dealer,8,64,A15 Bionic,120,84,48,Fair,No,,Yes,Yes,No,No,5G,Battery Replaced,36000
Apple,iPhone 12,65999,2022,4,Noida,Individual,6,128,Snapdragon 8 Gen 3,120,75,50,Excellent,No,Minor,Yes,Yes,Yes,No,5G,,27500
Realme,GT Neo 3,36999,2022,4,Delhi,Individual,8,256,Snapdragon 7 Gen 3,90,80,200,Excellent,No,,Yes,No,Yes,No,5G,,11800
Samsung,Galaxy S21 FE,54999,2024,2,Mumbai,Dealer,6,128,Snapdragon 8 Gen 3,120,84,108,Fair,Yes,Moderate,No,Yes,Yes,No,5G,,17300
OnePlus,Nord 3,33999,2023,3,Patna,Individual,8,512,Snapdragon 7 Gen 3,120,86,108,Excellent,No,Minor,Yes,Yes,Yes,No,5G,,16100
Xiaomi,Poco F5,29999,2024,2,Bengaluru,Individual,12,128,Tensor G2,120,84,50,Good,No,,Yes,No,Yes,No,5G,Battery Replaced,14000
Google,Pixel 8,75999,2024,2,Jaipur,Individual,8,128,Snapdragon 8 Gen 3,90,89,48,Fair,No,Moderate,Yes,Yes,No,No,5G,,36200
Samsung,Galaxy S22,62999,2022,4,Jaipur,Individual,12,256,A15 Bionic,60,80,50,Poor,No,Minor,Yes,Yes,Yes,No,5G,,14400
OnePlus,Nord 3,33999,2022,4,Patna,Individual,6,256,Dimensity 9200,120,70,200,Poor,No,Minor,Yes,Yes,Yes,No,5G,,7600
Xiaomi,Redmi Note 12 Pro,25999,2024,2,Noida,Individual,8,256,Snapdragon 8 Gen 3,120,81,108,Good,No,Minor,Yes,Yes,Yes,No,5G,,12600
Vivo,T3,22999,2025,1,Chennai,Individual,12,128,Tensor G2,90,86,200,Fair,No,Moderate,No,Yes,No,No,5G,,10600
Samsung,Galaxy S21 FE,54999,2025,1,Delhi,Dealer,16,256,Dimensity 8200,90,88,108,Excellent,No,,Yes,Yes,No,No,5G,,39600
Apple,iPhone 13,69999,2024,2,Jaipur,Individual,6,64,A17 Pro,120,90,64,Fair,No,Minor,Yes,No,Yes,No,5G,,35300
Samsung,Galaxy A54,38999,2022,4,Hyderabad,Individual,4,128,A16 Bionic,90,73,64,Fair,No,Moderate,Yes,Yes,Yes,No,5G,,11000
Samsung,Galaxy S23,74999,2025,1,Lucknow,Individual,12,256,A17 Pro,120,85,108,Fair,No,Moderate,Yes,Yes,Yes,No,5G,,40900
Samsung,Galaxy S23,74999,2022,4,Jaipur,Individual,12,128,Tensor G3,60,73,50,Fair,No,Minor,Yes,Yes,No,No,5G,,22900
Apple,iPhone 13,69999,2024,2,Chennai,Individual,8,128,A16 Bionic,90,84,64,Excellent,No,Minor,Yes,No,Yes,No,5G,,44200
Google,Pixel 7,59999,2022,4,Bengaluru,Individual,16,512,A15 Bionic,120,78,50,Good,No,,No,Yes,No,No,5G,,20500
OnePlus,9 Pro,64999,2023,3,Pune,Individual,12,128,Dimensity 8200,120,84,48,Fair,No,Minor,Yes,Yes,Yes,No,5G,,23400
Oppo,F25,23999,2023,3,Lucknow,Individual,8,256,Dimensity 9200,120,78,48,Excellent,No,,No,No,Yes,No,5G,,9900
OnePlus,12,64999,2023,3,Chennai,Dealer,12,128,A15 Bionic,120,82,48,Good,No,Moderate,No,No,No,No,5G,,27400
Xiaomi,Poco F5,29999,2022,4,Hyderabad,Individual,6,256,Snapdragon 8 Gen 3,120,74,64,Good,No,Minor,Yes,Yes,Yes,No,5G,,9200
Vivo,X90,59999,2023,3,Jaipur,Individual,8,128,A16 Bionic,90,75,50,Fair,No,Moderate,No,Yes,Yes,No,5G,Screen Replaced,17600
Xiaomi,Xiaomi 13 Pro,79999,2023,3,Pune,Individual,12,128,Tensor G3,90,74,50,Good,No,,Yes,No,Yes,No,5G,Screen Replaced,28100
Oppo,Reno 10,32999,2025,1,Chennai,Individual,12,128,Dimensity 8200,90,81,108,Fair,No,,Yes,Yes,Yes,No,5G,Battery Replaced,16400
Samsung,Galaxy S22,62999,2023,3,Chennai,Individual,12,256,Dimensity 8200,120,75,64,Good,Yes,Moderate,No,Yes,No,No,5G,Screen Replaced,17100
iQOO,Neo 9 Pro,37999,2026,0,Pune,Dealer,6,256,A16 Bionic,90,100,200,Poor,No,Heavy,No,Yes,No,No,5G,Motherboard Repair,14500
iQOO,Z9,21999,2025,1,Mumbai,Individual,12,128,Snapdragon 7 Gen 3,60,90,50,Excellent,No,Minor,Yes,No,Yes,No,5G,,14000
Xiaomi,Redmi Note 12 Pro,25999,2025,1,Bengaluru,Individual,6,64,Tensor G2,60,95,108,Good,No,,No,Yes,Yes,No,5G,Battery Replaced,15000
Samsung,Galaxy M35,22999,2025,1,Delhi,Individual,4,128,Dimensity 7200,60,94,48,Fair,No,Heavy,Yes,Yes,Yes,No,5G,,12700
Apple,iPhone 12,65999,2025,1,Noida,Individual,8,128,Snapdragon 695,120,94,64,Good,Yes,,No,No,No,No,5G,,34500
Oppo,Find X5,69999,2024,2,Mumbai,Dealer,6,128,Tensor G2,60,80,48,Excellent,Yes,,No,Yes,Yes,No,5G,,26400
Motorola,Edge 40,29999,2022,4,Lucknow,Individual,16,256,Snapdragon 7 Gen 3,90,84,50,Good,No,Moderate,Yes,Yes,Yes,No,5G,,10000
Vivo,T3,22999,2022,4,Jaipur,Individual,8,512,Dimensity 8200,120,66,200,Good,No,Moderate,No,No,Yes,No,5G,Screen Replaced,6200
Apple,iPhone 11,49999,2026,0,Patna,Individual,8,128,Dimensity 8200,120,97,64,Fair,No,Minor,No,No,Yes,Yes,5G,,37000
iQOO,Neo 9 Pro,37999,2025,1,Mumbai,Individual,12,256,Snapdragon 8 Gen 2,120,94,48,Good,No,,Yes,No,Yes,No,5G,,23500
Apple,iPhone 11,49999,2023,3,Hyderabad,Individual,12,128,A15 Bionic,90,87,48,Good,No,Heavy,Yes,Yes,Yes,No,5G,Screen Replaced,21900
OnePlus,12,64999,2023,3,Chennai,Individual,12,256,Tensor G2,120,69,64,Good,No,,Yes,Yes,No,No,5G,Battery Replaced,25400
Xiaomi,Redmi Note 12 Pro,25999,2023,3,Patna,Dealer,6,128,Dimensity 8200,120,79,64,Good,No,Minor,Yes,Yes,Yes,No,5G,,9800
Vivo,V29,32999,2021,5,Mumbai,Individual,8,128,A17 Pro,60,67,200,Good,No,Minor,No,Yes,Yes,No,4G,,7700
Realme,GT Neo 3,36999,2021,5,Bengaluru,Individual,8,512,Snapdragon 695,90,65,48,Good,No,Minor,No,Yes,Yes,No,4G,,8600
iQOO,Neo 9 Pro,37999,2022,4,Pune,Individual,16,128,Dimensity 9200,90,74,50,Good,No,,Yes,Yes,Yes,No,5G,,12200
iQOO,Z9,21999,2025,1,Noida,Individual,8,256,Tensor G3,120,96,108,Excellent,No,,Yes,Yes,Yes,No,5G,Battery Replaced,14600
Vivo,X90,59999,2022,4,Chennai,Dealer,8,256,Dimensity 9200,60,72,48,Fair,No,Moderate,Yes,Yes,Yes,No,5G,Battery Replaced,15000
iQOO,12,52999,2024,2,Pune,Individual,8,256,Tensor G2,120,82,50,Fair,No,Minor,No,Yes,Yes,No,5G,,22200
Apple,iPhone 14,79999,2024,2,Jaipur,Individual,6,128,Dimensity 9200,120,76,108,Good,No,,Yes,Yes,Yes,No,5G,,47100
Xiaomi,Poco F5,29999,2024,2,Chennai,Individual,8,256,Snapdragon 7 Gen 3,120,86,48,Good,No,,No,Yes,Yes,No,5G,,13800
Nothing,Phone (2),44999,2021,5,Kolkata,Individual,12,256,Dimensity 7200,90,69,48,Fair,No,Moderate,Yes,Yes,Yes,No,4G,,10600
Xiaomi,Redmi Note 13 Pro,29999,2024,2,Lucknow,Individual,4,128,Tensor G3,90,82,48,Good,No,Moderate,No,Yes,Yes,No,5G,,14300
Nothing,Phone (1),32999,2022,4,Kolkata,Dealer,12,512,Dimensity 9200,120,78,200,Fair,No,,No,Yes,Yes,No,5G,Screen Replaced,8500
Apple,iPhone 13,69999,2025,1,Patna,Dealer,12,128,A17 Pro,120,97,64,Good,No,Minor,No,Yes,No,No,5G,,49400
Vivo,V29,32999,2025,1,Chennai,Individual,8,128,Snapdragon 695,90,90,48,Poor,Yes,Moderate,No,Yes,No,No,5G,,8800
OnePlus,Nord 3,33999,2021,5,Noida,Dealer,8,256,Dimensity 9200,90,75,108,Excellent,No,,Yes,Yes,Yes,No,5G,,10400
Apple,iPhone 12,65999,2023,3,Mumbai,Individual,8,128,Snapdragon 7 Gen 3,60,81,64,Excellent,Yes,,No,Yes,Yes,No,5G,,23300
Vivo,V29,32999,2025,1,Kolkata,Individual,4,128,Snapdragon 7 Gen 3,120,95,50,Fair,No,Moderate,Yes,Yes,No,No,5G,Battery Replaced,16500
Oppo,Find X5,69999,2023,3,Patna,Individual,6,256,A17 Pro,60,78,50,Good,No,,No,No,Yes,No,5G,,25500
OnePlus,Nord 3,33999,2024,2,Delhi,Individual,16,128,A15 Bionic,120,84,50,Good,No,Heavy,Yes,Yes,Yes,No,5G,,18200
iQOO,Neo 9 Pro,37999,2023,3,Kolkata,Individual,12,256,A17 Pro,120,87,200,Good,No,,No,Yes,Yes,No,5G,,15400
OnePlus,Nord 3,33999,2023,3,Bengaluru,Individual,8,512,A17 Pro,120,85,48,Good,No,Minor,Yes,Yes,No,No,5G,,14700
Apple,iPhone 14,79999,2023,3,Bengaluru,Individual,4,256,Dimensity 9200,120,84,50,Fair,No,Minor,Yes,Yes,No,No,5G,,33200
OnePlus,Nord 3,33999,2021,5,Mumbai,Individual,12,256,A17 Pro,120,73,48,Good,No,Moderate,Yes,No,No,No,4G,Screen Replaced,8200
Vivo,T3,22999,2024,2,Noida,Individual,12,64,Tensor G2,90,82,108,Fair,No,Moderate,No,Yes,No,No,5G,,8800
Apple,iPhone 13,69999,2024,2,Lucknow,Individual,6,128,Tensor G2,90,87,64,Good,No,Minor,Yes,Yes,Yes,No,5G,,38700
Realme,GT Neo 3,36999,2025,1,Noida,Individual,12,256,Snapdragon 7 Gen 3,90,90,200,Excellent,Yes,Minor,Yes,Yes,No,No,5G,Screen Replaced,15900
Apple,iPhone 12,65999,2023,3,Delhi,Individual,8,512,A15 Bionic,90,87,108,Fair,No,Heavy,Yes,Yes,No,No,5G,,26900
Nothing,Phone (2a),25999,2023,3,Patna,Individual,12,128,Tensor G3,90,79,50,Good,No,Minor,No,Yes,No,No,5G,,10000
Xiaomi,Poco F5,29999,2023,3,Chennai,Dealer,12,128,Dimensity 7200,120,75,200,Poor,No,,Yes,Yes,Yes,No,5G,,7800
Apple,iPhone 11,49999,2024,2,Hyderabad,Individual,12,256,Snapdragon 7 Gen 3,120,85,108,Fair,No,Minor,No,Yes,No,No,5G,,25000
Apple,iPhone 14,79999,2024,2,Mumbai,Individual,8,256,Snapdragon 695,60,89,200,Good,No,Heavy,Yes,Yes,Yes,No,5G,,44400
Nothing,Phone (1),32999,2024,2,Mumbai,Individual,12,512,Tensor G2,90,73,108,Good,No,,Yes,Yes,Yes,No,5G,,16500
Vivo,X90,59999,2025,1,Patna,Individual,8,256,Tensor G2,120,85,64,Fair,No,Moderate,Yes,Yes,No,No,5G,,28000
Samsung,Galaxy M35,22999,2023,3,Lucknow,Individual,6,128,Tensor G2,60,86,108,Good,No,Minor,Yes,Yes,Yes,No,5G,,10400
Apple,iPhone 12,65999,2023,3,Mumbai,Individual,8,128,Dimensity 9200,90,81,108,Good,No,Minor,Yes,Yes,No,No,5G,,31900
Google,Pixel 7,59999,2026,0,Jaipur,Individual,6,128,Snapdragon 695,120,88,200,Good,No,Minor,No,Yes,No,Yes,5G,Screen Replaced,45400
Realme,Narzo 70,19999,2023,3,Jaipur,Individual,8,128,Dimensity 9200,120,83,50,Good,No,,Yes,Yes,Yes,No,5G,Battery Replaced,7600
OnePlus,12,64999,2022,4,Hyderabad,Individual,8,256,Snapdragon 695,120,72,64,Fair,No,,Yes,Yes,No,No,5G,,19000
Vivo,X90,59999,2025,1,Lucknow,Individual,8,128,Snapdragon 8 Gen 2,120,87,64,Fair,No,Heavy,Yes,Yes,No,No,5G,,30300
Xiaomi,Redmi Note 12 Pro,25999,2024,2,Jaipur,Dealer,12,256,Tensor G3,60,95,200,Poor,No,Moderate,Yes,Yes,Yes,No,5G,,8700
Samsung,Galaxy S21 FE,54999,2025,1,Delhi,Individual,12,256,Snapdragon 7 Gen 3,90,94,64,Good,No,,Yes,Yes,Yes,No,5G,,34700
Nothing,Phone (1),32999,2024,2,Mumbai,Individual,6,128,Tensor G2,120,87,64,Excellent,No,,Yes,Yes,No,No,5G,,17400
Realme,Narzo 70,19999,2025,1,Hyderabad,Individual,12,128,Tensor G3,120,99,200,Good,No,Minor,Yes,Yes,No,No,5G,,11400
Samsung,Galaxy A54,38999,2025,1,Lucknow,Individual,12,128,A17 Pro,60,85,50,Excellent,No,Minor,Yes,Yes,Yes,No,5G,,27500
Apple,iPhone 15,89999,2026,0,Pune,Individual,8,256,Snapdragon 8 Gen 2,90,97,108,Good,No,Moderate,Yes,Yes,No,Yes,5G,Battery Replaced,78600
Apple,iPhone 14,79999,2026,0,Mumbai,Individual,6,512,Dimensity 9200,120,97,108,Poor,No,Minor,Yes,Yes,No,Yes,5G,,45500
Apple,iPhone 14,79999,2025,1,Jaipur,Individual,12,256,Tensor G3,60,95,64,Excellent,No,Minor,No,Yes,Yes,No,5G,,59400
Oppo,Find X5,69999,2024,2,Patna,Individual,8,256,Tensor G3,90,77,50,Poor,Yes,,Yes,Yes,No,No,5G,,15700
Nothing,Phone (2),44999,2024,2,Jaipur,Individual,8,256,A17 Pro,120,80,108,Excellent,No,,Yes,Yes,No,No,5G,,24300
Realme,11 Pro+,32999,2021,5,Noida,Individual,8,256,Tensor G3,120,63,108,Excellent,No,Minor,Yes,No,No,No,5G,,8100
Realme,11 Pro+,32999,2025,1,Hyderabad,Dealer,6,128,Tensor G3,120,83,200,Good,No,Minor,Yes,Yes,Yes,No,5G,,18300
OnePlus,Nord 3,33999,2024,2,Lucknow,Individual,8,128,A17 Pro,60,86,48,Good,No,Minor,Yes,Yes,Yes,No,5G,,17100
iQOO,12,52999,2026,0,Delhi,Individual,8,128,A17 Pro,120,100,200,Good,No,Moderate,No,Yes,Yes,No,5G,Battery Replaced,39600
Samsung,Galaxy A54,38999,2025,1,Bengaluru,Dealer,8,256,A15 Bionic,120,81,64,Poor,Yes,Moderate,No,Yes,Yes,No,5G,Screen Replaced,11500
Oppo,F25,23999,2021,5,Bengaluru,Individual,12,64,Dimensity 8200,60,66,48,Fair,No,,No,Yes,No,No,5G,,5000
iQOO,Neo 9 Pro,37999,2026,0,Jaipur,Individual,8,128,Snapdragon 7 Gen 3,120,91,200,Poor,No,Minor,No,Yes,No,No,5G,,18600
Apple,iPhone 15,89999,2023,3,Kolkata,Individual,16,128,Dimensity 8200,60,78,50,Fair,Yes,Minor,No,Yes,No,No,5G,,25200
Google,Pixel 7a,43999,2025,1,Kolkata,Dealer,12,128,A16 Bionic,90,81,200,Excellent,No,,Yes,Yes,Yes,No,5G,,31500
Xiaomi,Redmi Note 13 Pro,29999,2022,4,Pune,Individual,16,256,Snapdragon 8 Gen 3,90,70,200,Good,No,,Yes,Yes,No,No,5G,,9200
Samsung,Galaxy S22,62999,2023,3,Delhi,Individual,12,256,Snapdragon 8 Gen 3,60,71,50,Poor,No,Minor,No,Yes,Yes,No,5G,,17200
Samsung,Galaxy M35,22999,2022,4,Hyderabad,Dealer,6,64,Snapdragon 8 Gen 2,120,71,200,Poor,No,,No,Yes,Yes,No,5G,,5200
Samsung,Galaxy A54,38999,2024,2,Bengaluru,Individual,8,512,Tensor G3,120,89,200,Poor,No,Minor,Yes,Yes,Yes,No,5G,,13400
Nothing,Phone (1),32999,2023,3,Jaipur,Individual,6,256,Tensor G3,120,80,64,Good,No,Minor,No,No,No,No,5G,,12800
OnePlus,Nord 3,33999,2021,5,Delhi,Individual,6,128,Snapdragon 8 Gen 2,90,66,50,Excellent,No,Minor,Yes,No,No,No,5G,,9200
Apple,iPhone 12,65999,2025,1,Kolkata,Individual,12,256,A17 Pro,120,93,200,Excellent,No,,Yes,Yes,No,No,5G,,49700
Vivo,T3,22999,2021,5,Bengaluru,Individual,12,128,A17 Pro,60,71,200,Good,No,Moderate,No,No,Yes,No,5G,,5500
Samsung,Galaxy A54,38999,2025,1,Chennai,Individual,12,256,Dimensity 9200,90,83,200,Good,No,,Yes,Yes,Yes,No,5G,Screen Replaced,22600
Nothing,Phone (2),44999,2026,0,Bengaluru,Individual,12,128,Tensor G3,90,96,64,Excellent,No,Minor,Yes,No,Yes,No,5G,,36300
Google,Pixel 7,59999,2023,3,Jaipur,Individual,6,128,Tensor G3,120,88,200,Fair,No,Minor,No,Yes,Yes,No,5G,Battery Replaced,22400
Samsung,Galaxy S23,74999,2025,1,Bengaluru,Individual,8,256,Snapdragon 8 Gen 2,120,87,64,Fair,No,Moderate,No,Yes,Yes,No,5G,,40700
Vivo,V29,32999,2024,2,Delhi,Individual,12,512,Tensor G3,60,91,108,Good,No,Minor,Yes,No,Yes,No,5G,,15300
Samsung,Galaxy S23,74999,2022,4,Noida,Individual,6,128,Snapdragon 8 Gen 2,120,81,108,Excellent,No,,No,No,No,No,5G,,26100
OnePlus,12,64999,2024,2,Patna,Individual,8,512,Snapdragon 695,90,78,50,Fair,No,Minor,No,Yes,No,No,5G,,27200
Apple,iPhone 13,69999,2025,1,Delhi,Individual,12,128,Tensor G3,120,92,200,Good,No,Moderate,Yes,No,Yes,No,5G,Battery Replaced,48600
Google,Pixel 7,59999,2024,2,Pune,Individual,4,256,Snapdragon 695,120,85,48,Good,No,,Yes,Yes,Yes,No,5G,,31700
OnePlus,Nord 3,33999,2022,4,Kolkata,Individual,8,256,A16 Bionic,120,79,200,Poor,No,,Yes,Yes,No,No,5G,,7600
Samsung,Galaxy S23,74999,2024,2,Bengaluru,Individual,6,256,Snapdragon 7 Gen 3,120,81,108,Good,No,Minor,Yes,Yes,No,No,5G,,39600
OnePlus,Nord 3,33999,2024,2,Patna,Individual,8,64,Snapdragon 8 Gen 3,120,90,48,Excellent,No,Minor,Yes,Yes,Yes,No,5G,,19000
Vivo,V29,32999,2024,2,Hyderabad,Individual,12,512,Tensor G2,90,81,48,Good,No,Moderate,No,Yes,Yes,No,5G,,14500
Apple,iPhone 11,49999,2025,1,Patna,Dealer,8,128,A15 Bionic,120,89,200,Fair,No,Minor,No,No,Yes,No,5G,,30100
iQOO,Neo 9 Pro,37999,2023,3,Jaipur,Individual,8,256,Dimensity 9200,120,79,50,Good,No,Minor,Yes,No,No,No,5G,Motherboard Repair,11000
OnePlus,9 Pro,64999,2024,2,Mumbai,Individual,8,128,Snapdragon 8 Gen 3,120,82,48,Good,No,Minor,No,Yes,No,No,5G,,32200
Apple,iPhone 11,49999,2022,4,Mumbai,Individual,16,256,Snapdragon 695,120,75,64,Poor,No,Minor,No,Yes,Yes,No,5G,,12800
Samsung,Galaxy S23,74999,2026,0,Delhi,Individual,6,512,Dimensity 7200,120,100,200,Good,No,Minor,No,Yes,Yes,Yes,5G,,58200
Samsung,Galaxy S21 FE,54999,2024,2,Jaipur,Individual,6,256,Snapdragon 7 Gen 3,90,81,50,Fair,No,Minor,Yes,No,No,No,5G,,25400
Vivo,T3,22999,2022,4,Pune,Individual,12,128,A17 Pro,60,71,200,Good,No,Minor,No,Yes,No,No,5G,,6500
Realme,11 Pro+,32999,2023,3,Lucknow,Individual,8,128,Snapdragon 7 Gen 3,90,79,200,Good,No,Minor,No,Yes,Yes,No,5G,Battery Replaced,12400
iQOO,Neo 9 Pro,37999,2022,4,Jaipur,Individual,12,128,Snapdragon 8 Gen 3,90,70,48,Good,No,Minor,Yes,No,Yes,No,5G,,11200
Apple,iPhone 11,49999,2022,4,Delhi,Individual,12,256,A17 Pro,60,70,108,Excellent,No,Minor,Yes,No,No,No,5G,,19300
Google,Pixel 7a,43999,2024,2,Chennai,Individual,12,128,Dimensity 9200,60,89,48,Good,No,Minor,No,Yes,Yes,No,5G,,24500
iQOO,Z9,21999,2024,2,Bengaluru,Individual,8,128,Tensor G2,90,89,48,Fair,No,,No,Yes,Yes,No,5G,Motherboard Repair,7400
Vivo,X90,59999,2025,1,Noida,Individual,12,128,Dimensity 7200,60,85,64,Fair,No,Minor,No,Yes,Yes,No,5G,Screen Replaced,26300
Samsung,Galaxy M35,22999,2024,2,Hyderabad,Dealer,8,128,Snapdragon 8 Gen 2,60,82,50,Fair,No,Minor,Yes,Yes,Yes,No,5G,,10800
Vivo,X90,59999,2024,2,Lucknow,Individual,8,128,Tensor G2,120,84,200,Good,Yes,,Yes,No,Yes,No,5G,,20500
Motorola,Edge 50 Pro,34999,2025,1,Delhi,Individual,16,256,A16 Bionic,120,81,108,Fair,No,Minor,No,Yes,No,No,5G,,17700
Apple,iPhone 14,79999,2024,2,Noida,Dealer,8,256,Tensor G3,120,85,50,Excellent,No,Minor,No,Yes,Yes,No,5G,,51800
Samsung,Galaxy S21 FE,54999,2024,2,Chennai,Dealer,12,512,Snapdragon 8 Gen 3,120,82,48,Good,No,Minor,Yes,Yes,No,No,5G,,29100
OnePlus,Nord 3,33999,2024,2,Jaipur,Individual,4,256,Snapdragon 695,90,84,200,Good,No,Minor,No,Yes,No,No,5G,Battery Replaced,16400
Samsung,Galaxy A54,38999,2023,3,Pune,Dealer,8,256,A15 Bionic,90,81,200,Poor,Yes,,Yes,Yes,Yes,No,5G,,8000
Nothing,Phone (2),44999,2023,3,Kolkata,Individual,12,128,A15 Bionic,90,79,50,Good,No,Moderate,No,Yes,Yes,No,5G,Motherboard Repair,14300
Apple,iPhone 11,49999,2023,3,Noida,Individual,12,128,A15 Bionic,120,78,50,Fair,No,,Yes,Yes,Yes,No,5G,,20100
Apple,iPhone 13,69999,2024,2,Lucknow,Dealer,6,128,Dimensity 9200,120,82,64,Excellent,No,,Yes,No,Yes,No,5G,,43800
Oppo,Find X5,69999,2023,3,Kolkata,Dealer,12,128,Snapdragon 7 Gen 3,120,77,48,Poor,No,Minor,Yes,Yes,No,No,5G,,17300
Motorola,Edge 40,29999,2022,4,Pune,Individual,4,256,Dimensity 7200,90,77,50,Good,No,Minor,Yes,No,Yes,No,5G,,9800
Nothing,Phone (1),32999,2022,4,Noida,Individual,8,128,Snapdragon 8 Gen 3,90,68,108,Good,No,,Yes,No,Yes,No,5G,,10900
Oppo,F25,23999,2023,3,Mumbai,Dealer,8,256,Dimensity 9200,90,78,50,Good,No,Moderate,Yes,Yes,Yes,No,5G,,8800
Vivo,T3,22999,2025,1,Bengaluru,Dealer,16,128,Tensor G2,90,92,64,Excellent,No,Minor,Yes,No,Yes,No,5G,,13700
Xiaomi,Redmi Note 12 Pro,25999,2025,1,Pune,Individual,8,256,A16 Bionic,90,99,108,Fair,No,Moderate,No,No,Yes,No,5G,,13700
Apple,iPhone 11,49999,2024,2,Jaipur,Individual,8,128,A17 Pro,120,72,200,Good,No,Minor,Yes,No,Yes,No,5G,,29100
Xiaomi,Xiaomi 13 Pro,79999,2023,3,Noida,Individual,12,512,Tensor G3,120,75,108,Excellent,No,Minor,No,Yes,Yes,No,5G,,33100
Nothing,Phone (2a),25999,2025,1,Pune,Individual,12,128,Snapdragon 695,60,89,48,Fair,No,Minor,Yes,Yes,No,No,5G,,13700
Samsung,Galaxy M35,22999,2022,4,Patna,Dealer,16,128,Snapdragon 8 Gen 2,90,66,64,Fair,No,Minor,Yes,Yes,No,No,5G,,6500
iQOO,Neo 9 Pro,37999,2024,2,Delhi,Individual,8,256,Snapdragon 8 Gen 3,90,85,64,Good,No,Minor,Yes,Yes,Yes,No,5G,,19400
Oppo,Find X5,69999,2023,3,Chennai,Individual,8,512,Tensor G3,120,84,48,Good,No,Moderate,Yes,No,Yes,No,5G,,27700
OnePlus,11R,39999,2022,4,Delhi,Individual,12,128,Dimensity 8200,60,74,48,Fair,No,,Yes,Yes,Yes,No,5G,,11400
Apple,iPhone 11,49999,2026,0,Hyderabad,Dealer,8,128,Snapdragon 7 Gen 3,90,95,48,Poor,No,Minor,Yes,Yes,Yes,Yes,5G,Screen Replaced,28200
iQOO,Neo 9 Pro,37999,2023,3,Chennai,Individual,8,256,Dimensity 8200,120,83,64,Good,No,Minor,No,No,Yes,No,5G,,15000
Vivo,V29,32999,2022,4,Bengaluru,Individual,12,128,Snapdragon 7 Gen 3,90,79,50,Fair,No,Moderate,Yes,Yes,Yes,No,5G,,8900
Google,Pixel 8,75999,2025,1,Jaipur,Individual,12,128,Tensor G2,120,90,50,Good,No,Minor,Yes,Yes,No,No,5G,,49500
Samsung,Galaxy M35,22999,2023,3,Delhi,Individual,16,128,A17 Pro,120,76,50,Fair,No,,No,Yes,No,No,5G,,8700
Realme,11 Pro+,32999,2022,4,Lucknow,Individual,16,128,Snapdragon 7 Gen 3,90,75,50,Fair,No,,No,Yes,Yes,No,5G,,8700
iQOO,Neo 9 Pro,37999,2022,4,Kolkata,Individual,12,256,Dimensity 8200,120,72,50,Fair,No,Minor,No,Yes,No,No,5G,,10000
Apple,iPhone 14,79999,2024,2,Pune,Individual,8,512,Dimensity 7200,120,79,108,Good,No,,No,Yes,No,No,5G,,43400
Apple,iPhone 15,89999,2024,2,Pune,Dealer,12,128,Tensor G3,60,84,64,Fair,No,Moderate,No,Yes,No,No,5G,,42200
Samsung,Galaxy S23,74999,2021,5,Jaipur,Dealer,12,128,A15 Bionic,120,66,200,Excellent,No,Minor,Yes,Yes,No,No,4G,Screen Replaced,19900
iQOO,Neo 9 Pro,37999,2024,2,Noida,Dealer,8,256,A17 Pro,90,88,200,Good,No,Minor,No,Yes,Yes,No,5G,,19100
Motorola,G84,19999,2024,2,Chennai,Individual,16,128,Snapdragon 695,90,77,48,Excellent,No,Minor,Yes,Yes,No,No,5G,,10800
OnePlus,11R,39999,2024,2,Jaipur,Dealer,4,128,Snapdragon 8 Gen 3,90,85,48,Poor,No,Moderate,Yes,Yes,Yes,No,5G,,13300
Samsung,Galaxy M35,22999,2022,4,Lucknow,Individual,12,512,Tensor G2,120,72,108,Good,No,Minor,Yes,Yes,Yes,No,5G,,7600
OnePlus,11R,39999,2021,5,Chennai,Individual,8,128,Tensor G3,90,66,64,Good,No,,Yes,No,Yes,No,5G,,10600
OnePlus,12,64999,2022,4,Bengaluru,Individual,6,256,Dimensity 7200,120,75,48,Good,Yes,Heavy,Yes,Yes,No,No,5G,,15300
Oppo,Reno 10,32999,2023,3,Hyderabad,Dealer,16,64,Tensor G2,120,83,200,Good,No,,No,Yes,Yes,No,5G,,13100
Google,Pixel 8,75999,2022,4,Pune,Dealer,8,128,A16 Bionic,120,79,64,Excellent,No,Minor,Yes,Yes,Yes,No,5G,,28800
Realme,Narzo 70,19999,2023,3,Mumbai,Individual,6,256,Snapdragon 695,120,76,64,Excellent,No,Minor,Yes,Yes,Yes,No,5G,Battery Replaced,8500
iQOO,12,52999,2024,2,Pune,Individual,8,128,Dimensity 9200,120,90,108,Fair,No,Moderate,No,No,No,No,5G,,21400
Apple,iPhone 12,65999,2023,3,Delhi,Dealer,4,256,Tensor G3,90,83,64,Good,No,Minor,Yes,Yes,No,No,5G,,30400
Samsung,Galaxy A54,38999,2024,2,Pune,Individual,12,128,A15 Bionic,90,89,48,Good,No,Moderate,Yes,Yes,Yes,No,5G,,21300
Oppo,F25,23999,2024,2,Bengaluru,Individual,8,128,Dimensity 8200,60,93,108,Good,No,Minor,Yes,Yes,No,No,5G,,11800
Realme,Narzo 70,19999,2023,3,Delhi,Individual,8,256,Snapdragon 695,90,72,64,Excellent,No,Minor,Yes,No,No,No,5G,,8000
Oppo,F25,23999,2023,3,Jaipur,Individual,12,128,Tensor G2,120,85,200,Fair,No,Moderate,Yes,Yes,Yes,No,5G,,8100
Xiaomi,Redmi Note 12 Pro,25999,2024,2,Pune,Dealer,8,128,Tensor G3,120,78,48,Good,No,Moderate,No,Yes,Yes,No,5G,,11600
iQOO,12,52999,2026,0,Jaipur,Dealer,8,128,Snapdragon 695,90,97,50,Good,No,Minor,Yes,No,No,Yes,5G,,38100
Xiaomi,Xiaomi 13 Pro,79999,2024,2,Pune,Individual,4,256,Tensor G2,120,81,50,Good,Yes,Moderate,Yes,Yes,Yes,No,5G,,28300
Motorola,Edge 40,29999,2021,5,Noida,Dealer,6,256,Dimensity 8200,120,62,48,Fair,No,Minor,No,Yes,No,No,5G,,6600
Xiaomi,Redmi Note 13 Pro,29999,2026,0,Chennai,Dealer,8,128,A17 Pro,90,97,108,Excellent,No,,Yes,No,No,No,5G,,22600
iQOO,Z9,21999,2023,3,Pune,Individual,6,512,Dimensity 7200,90,76,48,Fair,No,Heavy,Yes,Yes,Yes,No,5G,,7500
iQOO,Z9,21999,2024,2,Hyderabad,Individual,12,128,Snapdragon 8 Gen 2,120,80,64,Excellent,No,Minor,Yes,No,Yes,No,5G,Battery Replaced,12000
Vivo,V29,32999,2021,5,Lucknow,Individual,8,64,Tensor G3,120,65,64,Good,No,,Yes,Yes,Yes,No,4G,,8000
Xiaomi,Poco F5,29999,2023,3,Patna,Individual,4,128,Tensor G2,120,70,50,Good,No,Moderate,No,Yes,No,No,5G,Motherboard Repair,8100
OnePlus,9 Pro,64999,2024,2,Hyderabad,Individual,6,128,Dimensity 9200,120,81,50,Poor,No,,Yes,No,Yes,No,5G,,22900
Apple,iPhone 15,89999,2022,4,Pune,Individual,4,64,Snapdragon 8 Gen 2,120,85,64,Good,No,Minor,Yes,Yes,Yes,No,5G,,33800
OnePlus,12,64999,2025,1,Chennai,Individual,8,64,Dimensity 8200,60,93,200,Good,No,Heavy,Yes,Yes,No,No,5G,Screen Replaced,37900
Realme,11 Pro+,32999,2025,1,Pune,Individual,8,128,Dimensity 9200,60,95,200,Fair,No,,No,No,Yes,No,5G,,16400
Samsung,Galaxy M35,22999,2023,3,Jaipur,Dealer,8,256,Snapdragon 7 Gen 3,120,75,64,Fair,No,,No,Yes,Yes,No,5G,,8700
Vivo,V29,32999,2026,0,Bengaluru,Individual,4,128,A16 Bionic,120,93,64,Poor,No,Moderate,No,No,Yes,Yes,5G,,14700
Vivo,X90,59999,2021,5,Bengaluru,Dealer,16,256,Snapdragon 695,120,65,50,Fair,No,Heavy,Yes,Yes,Yes,No,5G,,12900
Samsung,Galaxy S22,62999,2023,3,Pune,Individual,8,256,Tensor G2,120,74,200,Fair,Yes,Minor,No,Yes,No,No,5G,Screen Replaced,15100
Vivo,V29,32999,2022,4,Mumbai,Dealer,12,512,Snapdragon 7 Gen 3,120,78,108,Excellent,No,,Yes,Yes,No,No,5G,,11100
Oppo,F25,23999,2022,4,Mumbai,Dealer,8,128,Snapdragon 8 Gen 3,120,72,200,Good,No,,No,Yes,No,No,5G,,7400
Vivo,V29,32999,2024,2,Jaipur,Individual,12,128,Dimensity 7200,90,90,64,Fair,No,,No,Yes,Yes,No,5G,,13900
Vivo,X90,59999,2026,0,Hyderabad,Individual,8,128,Snapdragon 8 Gen 2,90,93,64,Good,Yes,Minor,No,Yes,Yes,Yes,5G,Battery Replaced,31000
iQOO,Z9,21999,2021,5,Lucknow,Individual,12,512,Dimensity 7200,90,62,50,Excellent,No,Minor,No,No,Yes,No,4G,Battery Replaced,5600
Xiaomi,Poco F5,29999,2022,4,Mumbai,Individual,8,128,Snapdragon 8 Gen 2,120,74,108,Fair,No,Minor,Yes,Yes,Yes,No,5G,Screen Replaced,7100
Realme,11 Pro+,32999,2026,0,Hyderabad,Individual,12,256,Dimensity 9200,90,95,50,Good,No,Moderate,Yes,Yes,Yes,No,5G,,24100
Oppo,Find X5,69999,2023,3,Jaipur,Dealer,16,128,A15 Bionic,120,73,108,Fair,No,Minor,Yes,No,Yes,No,5G,,22700
Samsung,Galaxy A54,38999,2024,2,Patna,Individual,12,128,A16 Bionic,90,82,50,Poor,No,Minor,Yes,No,Yes,No,5G,,12900
Oppo,Reno 10,32999,2023,3,Kolkata,Individual,12,128,Tensor G2,120,73,64,Fair,Yes,,No,Yes,Yes,No,5G,,7900
Realme,GT Neo 3,36999,2023,3,Delhi,Dealer,4,128,Tensor G2,90,81,64,Good,Yes,,Yes,Yes,No,No,5G,,10400
Samsung,Galaxy M35,22999,2025,1,Lucknow,Individual,12,128,Dimensity 8200,120,95,50,Fair,No,Minor,No,Yes,Yes,No,5G,,13300
iQOO,Neo 9 Pro,37999,2024,2,Pune,Individual,8,256,A17 Pro,90,84,108,Good,No,,No,Yes,Yes,No,5G,,17900
iQOO,Z9,21999,2025,1,Delhi,Dealer,4,256,Tensor G3,120,100,64,Fair,No,Minor,Yes,Yes,Yes,No,5G,Battery Replaced,11200
Vivo,X90,59999,2024,2,Patna,Individual,12,64,Dimensity 9200,90,94,64,Excellent,No,,No,Yes,No,No,5G,Battery Replaced,30100
Motorola,Edge 40,29999,2024,2,Hyderabad,Individual,6,256,Snapdragon 7 Gen 3,90,83,48,Good,No,,No,Yes,Yes,No,5G,,15100
OnePlus,Nord 3,33999,2026,0,Bengaluru,Individual,12,256,A15 Bionic,90,94,48,Fair,No,Moderate,Yes,Yes,No,Yes,5G,Battery Replaced,23200
Samsung,Galaxy A54,38999,2023,3,Pune,Dealer,8,256,Dimensity 8200,120,76,108,Fair,No,Moderate,Yes,No,No,No,5G,,14300
Nothing,Phone (2),44999,2021,5,Patna,Individual,6,256,Snapdragon 695,120,64,108,Good,No,,No,Yes,Yes,No,5G,Battery Replaced,11600
iQOO,Z9,21999,2024,2,Pune,Individual,16,128,Dimensity 9200,120,76,108,Good,Yes,Minor,Yes,No,No,No,5G,,7400
Motorola,G84,19999,2025,1,Bengaluru,Individual,8,256,Snapdragon 8 Gen 3,90,87,50,Excellent,Yes,,No,Yes,Yes,No,5G,,9500
Nothing,Phone (2a),25999,2025,1,Jaipur,Individual,12,256,A16 Bionic,120,100,48,Good,No,Heavy,Yes,Yes,Yes,No,5G,,17400
Samsung,Galaxy S22,62999,2021,5,Kolkata,Individual,12,128,A16 Bionic,60,62,64,Good,No,Minor,No,Yes,Yes,No,4G,Battery Replaced,16600
iQOO,12,52999,2024,2,Bengaluru,Dealer,6,128,A15 Bionic,120,81,64,Good,Yes,Minor,No,Yes,Yes,No,5G,,17900
iQOO,Neo 9 Pro,37999,2025,1,Patna,Individual,8,256,Tensor G3,90,82,50,Good,No,Minor,Yes,Yes,No,No,5G,Screen Replaced,19600
Xiaomi,Redmi Note 13 Pro,29999,2024,2,Patna,Dealer,6,128,Tensor G2,90,88,50,Good,No,Heavy,No,Yes,No,No,5G,,14800
Samsung,Galaxy M35,22999,2024,2,Jaipur,Individual,16,128,A16 Bionic,120,84,200,Good,No,Moderate,Yes,No,Yes,No,5G,Screen Replaced,10900
Realme,GT Neo 3,36999,2024,2,Pune,Individual,12,128,Snapdragon 695,120,88,108,Poor,No,,No,Yes,No,No,5G,,12000
OnePlus,Nord 3,33999,2023,3,Patna,Dealer,8,128,Tensor G3,120,81,108,Good,No,Moderate,Yes,Yes,Yes,No,5G,,13800
Samsung,Galaxy S21 FE,54999,2024,2,Chennai,Individual,8,128,A17 Pro,120,79,64,Good,No,Moderate,Yes,No,No,No,5G,,28300
iQOO,Z9,21999,2024,2,Delhi,Dealer,12,128,A16 Bionic,120,92,200,Fair,No,,No,Yes,No,No,5G,Battery Replaced,9100
iQOO,12,52999,2024,2,Kolkata,Individual,8,256,Tensor G3,60,83,48,Excellent,No,Minor,Yes,Yes,No,No,5G,,26400
Nothing,Phone (2a),25999,2025,1,Kolkata,Dealer,6,128,Dimensity 7200,120,90,50,Fair,No,,Yes,No,Yes,No,5G,,14300
Apple,iPhone 15,89999,2022,4,Jaipur,Dealer,12,256,Snapdragon 7 Gen 3,90,66,50,Good,No,,Yes,Yes,Yes,No,5G,,33200
Oppo,Find X5,69999,2025,1,Patna,Individual,8,128,Snapdragon 8 Gen 2,90,81,50,Fair,No,Minor,Yes,Yes,No,No,5G,,34800
Oppo,Find X5,69999,2025,1,Noida,Individual,12,128,A17 Pro,120,92,200,Fair,Yes,,No,Yes,Yes,No,5G,,24000
Samsung,Galaxy S21 FE,54999,2024,2,Chennai,Individual,8,256,Snapdragon 695,120,81,64,Fair,No,Minor,Yes,Yes,Yes,No,5G,,24000
Apple,iPhone 14,79999,2023,3,Patna,Dealer,8,512,Snapdragon 8 Gen 2,90,91,50,Good,No,Minor,Yes,Yes,Yes,No,5G,,39500
Google,Pixel 8,75999,2023,3,Noida,Individual,4,256,Dimensity 8200,60,75,200,Fair,No,Moderate,Yes,No,No,No,5G,,27600
Realme,11 Pro+,32999,2023,3,Jaipur,Individual,12,128,Tensor G3,60,67,108,Excellent,No,Heavy,Yes,Yes,Yes,No,5G,,13100
iQOO,Neo 9 Pro,37999,2023,3,Pune,Individual,8,256,A15 Bionic,90,81,200,Good,No,Minor,Yes,Yes,No,No,5G,,15300
Oppo,Reno 10,32999,2023,3,Delhi,Individual,12,128,Snapdragon 7 Gen 3,90,79,64,Fair,No,Minor,No,Yes,Yes,No,5G,,10800
Google,Pixel 7,59999,2025,1,Noida,Individual,8,128,Tensor G2,60,97,108,Fair,No,,No,Yes,Yes,No,5G,,33600
Oppo,Find X5,69999,2023,3,Jaipur,Individual,6,64,A15 Bionic,120,67,64,Fair,No,Moderate,Yes,Yes,No,No,5G,,21800
iQOO,Neo 9 Pro,37999,2025,1,Patna,Individual,8,128,Snapdragon 7 Gen 3,90,84,50,Excellent,No,,No,Yes,Yes,No,5G,,25000
Realme,11 Pro+,32999,2021,5,Delhi,Individual,6,128,Snapdragon 695,90,65,64,Good,No,,Yes,Yes,No,No,4G,Screen Replaced,7000
Apple,iPhone 13,69999,2024,2,Bengaluru,Dealer,8,256,A17 Pro,90,82,108,Good,No,Minor,No,Yes,Yes,No,5G,,38600
Samsung,Galaxy S21 FE,54999,2024,2,Pune,Individual,12,256,Snapdragon 695,60,80,50,Poor,No,Minor,Yes,No,No,No,5G,,19700
Realme,GT Neo 3,36999,2021,5,Bengaluru,Individual,8,128,Snapdragon 8 Gen 3,120,68,50,Good,No,,Yes,Yes,Yes,No,5G,,8700
Xiaomi,Xiaomi 13 Pro,79999,2022,4,Kolkata,Individual,12,128,Dimensity 7200,120,65,108,Poor,No,Minor,Yes,Yes,Yes,No,5G,,16900
Apple,iPhone 14,79999,2022,4,Chennai,Individual,16,128,A15 Bionic,120,69,50,Excellent,No,Moderate,Yes,Yes,Yes,No,5G,,32200
Xiaomi,Redmi Note 13 Pro,29999,2024,2,Bengaluru,Individual,12,128,Tensor G2,60,86,48,Excellent,No,,No,Yes,No,No,5G,,15200
OnePlus,9 Pro,64999,2023,3,Jaipur,Dealer,6,128,Dimensity 7200,90,71,64,Poor,No,,No,No,No,No,5G,,17800
Samsung,Galaxy S23,74999,2024,2,Hyderabad,Individual,8,128,Snapdragon 8 Gen 2,90,81,200,Excellent,No,Minor,No,Yes,No,No,5G,,42700
iQOO,Z9,21999,2023,3,Hyderabad,Dealer,12,256,A17 Pro,120,79,50,Good,No,Moderate,No,No,No,No,5G,,8400
Samsung,Galaxy S22,62999,2025,1,Hyderabad,Individual,8,128,A15 Bionic,120,86,48,Fair,No,Moderate,No,Yes,No,No,5G,Battery Replaced,34600
iQOO,Neo 9 Pro,37999,2025,1,Pune,Individual,8,128,Snapdragon 7 Gen 3,120,82,200,Good,No,Moderate,Yes,Yes,No,No,5G,,23300
iQOO,Z9,21999,2025,1,Chennai,Individual,6,256,Snapdragon 7 Gen 3,120,95,108,Excellent,No,,Yes,No,Yes,No,5G,,14300
Nothing,Phone (2),44999,2022,4,Kolkata,Individual,8,256,Snapdragon 695,120,71,64,Fair,No,Moderate,No,Yes,No,No,5G,,12300
Motorola,Edge 40,29999,2024,2,Lucknow,Dealer,8,256,Snapdragon 8 Gen 3,120,89,200,Excellent,No,Minor,No,No,Yes,No,5G,,16400
Realme,GT Neo 3,36999,2025,1,Mumbai,Dealer,16,64,Snapdragon 8 Gen 2,120,92,64,Fair,No,Minor,Yes,Yes,No,No,5G,,17800
Samsung,Galaxy S22,62999,2026,0,Patna,Individual,12,256,Snapdragon 8 Gen 2,120,94,200,Excellent,No,Minor,No,Yes,Yes,Yes,5G,,51600
Xiaomi,Redmi Note 12 Pro,25999,2024,2,Pune,Individual,16,128,Dimensity 7200,120,79,108,Good,No,Minor,Yes,Yes,Yes,No,5G,,12000
Google,Pixel 8,75999,2023,3,Kolkata,Dealer,12,256,Snapdragon 8 Gen 2,120,80,50,Good,No,Moderate,Yes,Yes,Yes,No,5G,,32500
Motorola,G84,19999,2023,3,Patna,Individual,12,128,Snapdragon 8 Gen 3,120,80,50,Good,No,,Yes,No,Yes,No,5G,Screen Replaced,7300
Apple,iPhone 14,79999,2023,3,Hyderabad,Individual,8,256,Tensor G2,120,78,200,Excellent,No,Moderate,Yes,No,Yes,No,5G,,38900
Xiaomi,Redmi Note 13 Pro,29999,2025,1,Noida,Individual,8,64,Dimensity 7200,120,90,200,Excellent,Yes,Moderate,Yes,No,Yes,No,5G,,13500
Apple,iPhone 12,65999,2023,3,Patna,Individual,8,512,Snapdragon 8 Gen 2,120,74,108,Good,No,Moderate,No,Yes,Yes,No,5G,,30000
Apple,iPhone 14,79999,2021,5,Pune,Individual,12,128,Dimensity 8200,90,71,200,Good,No,,Yes,No,No,No,4G,,23600
Samsung,Galaxy S22,62999,2022,4,Hyderabad,Individual,16,512,Dimensity 9200,90,76,48,Good,Yes,Minor,Yes,No,Yes,No,5G,,15800
Samsung,Galaxy A54,38999,2023,3,Chennai,Individual,12,128,Tensor G2,90,86,108,Good,No,Heavy,Yes,No,No,No,5G,,15800
Xiaomi,Redmi Note 12 Pro,25999,2024,2,Bengaluru,Individual,6,512,Snapdragon 8 Gen 2,120,82,200,Good,No,Minor,No,Yes,Yes,No,5G,,11700
Apple,iPhone 15,89999,2024,2,Chennai,Dealer,12,64,A17 Pro,90,87,48,Excellent,No,Minor,No,Yes,No,No,5G,,55300
Apple,iPhone 11,49999,2023,3,Hyderabad,Individual,6,128,Dimensity 9200,90,82,50,Fair,No,Moderate,Yes,No,No,No,5G,Motherboard Repair,15800
OnePlus,Nord 3,33999,2025,1,Noida,Individual,8,256,A16 Bionic,120,89,48,Good,No,,Yes,Yes,Yes,No,5G,Battery Replaced,21700
OnePlus,11R,39999,2024,2,Chennai,Individual,8,128,Tensor G2,90,82,48,Poor,No,Moderate,Yes,No,Yes,No,5G,,13800
Apple,iPhone 12,65999,2023,3,Chennai,Dealer,8,256,Dimensity 9200,120,78,48,Good,No,Moderate,No,Yes,No,No,5G,,29500
Realme,Narzo 70,19999,2021,5,Jaipur,Individual,16,256,A15 Bionic,90,74,200,Good,No,Moderate,Yes,Yes,No,No,5G,,4900
Samsung,Galaxy S22,62999,2022,4,Bengaluru,Dealer,8,64,Dimensity 7200,60,74,50,Fair,No,Moderate,No,Yes,Yes,No,5G,Screen Replaced,17400
Nothing,Phone (2a),25999,2023,3,Chennai,Individual,8,128,Snapdragon 8 Gen 2,120,79,48,Good,No,,Yes,No,Yes,No,5G,Screen Replaced,9800
iQOO,Z9,21999,2023,3,Mumbai,Individual,8,256,Tensor G3,60,83,108,Fair,No,,Yes,Yes,Yes,No,5G,,7300
Nothing,Phone (1),32999,2023,3,Bengaluru,Individual,6,128,Dimensity 9200,120,83,48,Excellent,No,Minor,No,Yes,No,No,5G,,14800
Motorola,Edge 50 Pro,34999,2022,4,Pune,Dealer,8,128,Snapdragon 7 Gen 3,60,79,64,Good,No,Minor,No,Yes,No,No,5G,,11500
Samsung,Galaxy M35,22999,2025,1,Noida,Individual,8,128,Dimensity 7200,120,92,108,Excellent,No,,No,Yes,No,No,5G,,16200
Samsung,Galaxy M35,22999,2022,4,Pune,Individual,8,128,Snapdragon 695,120,72,200,Excellent,No,Minor,Yes,Yes,Yes,No,5G,,8500
Apple,iPhone 12,65999,2025,1,Noida,Dealer,6,64,A16 Bionic,90,100,50,Fair,No,Minor,Yes,No,No,No,5G,,42400
Oppo,F25,23999,2026,0,Patna,Dealer,6,128,Dimensity 8200,120,97,200,Fair,No,Heavy,No,No,Yes,No,5G,,14700
Samsung,Galaxy M35,22999,2025,1,Chennai,Individual,8,512,A17 Pro,60,91,108,Excellent,No,Moderate,Yes,Yes,No,No,5G,,15900
Motorola,Edge 50 Pro,34999,2023,3,Lucknow,Individual,8,128,Dimensity 8200,120,83,108,Fair,No,Minor,Yes,Yes,No,No,5G,,11700
iQOO,Z9,21999,2024,2,Lucknow,Dealer,16,256,Snapdragon 8 Gen 2,90,76,108,Good,No,Minor,No,No,Yes,No,5G,,9900
Apple,iPhone 13,69999,2022,4,Mumbai,Individual,8,128,Dimensity 9200,120,69,48,Fair,No,Moderate,Yes,Yes,No,No,5G,,22200
OnePlus,11R,39999,2025,1,Mumbai,Individual,8,256,Tensor G2,90,91,64,Good,No,,No,Yes,No,No,5G,,25700
Nothing,Phone (2),44999,2021,5,Noida,Dealer,12,512,Dimensity 9200,60,71,108,Good,No,,Yes,Yes,Yes,No,4G,,11400
OnePlus,9 Pro,64999,2024,2,Chennai,Individual,8,256,Dimensity 7200,90,79,50,Fair,No,Minor,Yes,Yes,No,No,5G,,29300
Xiaomi,Redmi Note 13 Pro,29999,2023,3,Bengaluru,Individual,16,128,Tensor G3,120,77,200,Fair,No,Moderate,Yes,Yes,Yes,No,5G,,10200
Vivo,V29,32999,2023,3,Pune,Individual,8,256,Tensor G3,90,83,200,Good,No,Moderate,No,Yes,Yes,No,5G,,12000
OnePlus,Nord 3,33999,2025,1,Pune,Individual,12,256,Tensor G3,90,91,200,Fair,No,,Yes,No,Yes,No,5G,,18400
Apple,iPhone 12,65999,2025,1,Pune,Individual,8,128,Tensor G2,120,87,50,Good,Yes,,Yes,Yes,Yes,No,5G,Battery Replaced,34300
Nothing,Phone (2),44999,2024,2,Jaipur,Individual,8,128,Snapdragon 7 Gen 3,90,87,50,Excellent,No,Minor,No,Yes,Yes,No,5G,,25400
Samsung,Galaxy S21 FE,54999,2021,5,Patna,Dealer,12,256,A17 Pro,120,71,108,Good,No,Minor,No,Yes,Yes,No,4G,,15100
Nothing,Phone (2),44999,2023,3,Bengaluru,Individual,4,128,Tensor G3,90,85,48,Fair,No,,Yes,Yes,Yes,No,5G,,16700
Vivo,V29,32999,2026,0,Chennai,Individual,16,128,Snapdragon 7 Gen 3,120,95,50,Fair,No,Minor,Yes,Yes,Yes,Yes,5G,,19400
Xiaomi,Poco F5,29999,2022,4,Patna,Dealer,6,256,Snapdragon 8 Gen 3,120,78,64,Excellent,No,Moderate,Yes,No,No,No,5G,,10400
Xiaomi,Xiaomi 13 Pro,79999,2022,4,Pune,Individual,6,256,Snapdragon 8 Gen 3,60,72,64,Excellent,No,Moderate,Yes,Yes,No,No,5G,,26000
Oppo,Reno 10,32999,2024,2,Noida,Individual,12,128,Tensor G2,120,80,50,Good,No,Minor,No,Yes,Yes,No,5G,Screen Replaced,14000
Samsung,Galaxy A54,38999,2022,4,Delhi,Individual,8,128,Tensor G2,60,74,200,Good,No,,No,Yes,Yes,No,5G,Screen Replaced,12700
Motorola,Edge 50 Pro,34999,2023,3,Bengaluru,Dealer,6,128,Tensor G2,90,78,200,Excellent,No,Heavy,No,Yes,Yes,No,5G,,14500
iQOO,Z9,21999,2022,4,Bengaluru,Dealer,16,256,Dimensity 9200,120,67,108,Fair,No,Moderate,No,Yes,Yes,No,5G,,5800
Apple,iPhone 12,65999,2024,2,Delhi,Individual,6,128,A15 Bionic,120,84,108,Poor,No,Minor,Yes,Yes,No,No,5G,,25900
Oppo,F25,23999,2025,1,Kolkata,Individual,12,512,Dimensity 7200,90,96,200,Good,No,Moderate,Yes,Yes,No,No,5G,,13400
Oppo,Reno 10,32999,2025,1,Chennai,Individual,8,128,Dimensity 8200,120,89,50,Excellent,No,Minor,No,Yes,No,No,5G,,19800
Xiaomi,Redmi Note 13 Pro,29999,2023,3,Hyderabad,Dealer,8,512,Dimensity 9200,90,79,108,Good,No,Moderate,Yes,No,Yes,No,5G,,11200
Apple,iPhone 13,69999,2024,2,Patna,Individual,6,256,Snapdragon 7 Gen 3,90,84,48,Good,No,Minor,Yes,Yes,Yes,No,5G,,38700
OnePlus,9 Pro,64999,2021,5,Mumbai,Individual,16,256,Tensor G2,120,62,200,Good,No,,No,No,Yes,No,4G,,17200
Xiaomi,Xiaomi 13 Pro,79999,2024,2,Pune,Individual,6,64,Dimensity 7200,120,76,200,Good,No,Minor,Yes,No,Yes,No,5G,,37400
Oppo,F25,23999,2025,1,Lucknow,Individual,6,256,Dimensity 8200,120,91,200,Poor,No,Heavy,No,No,Yes,No,5G,,9000
iQOO,Neo 9 Pro,37999,2021,5,Lucknow,Individual,4,128,Snapdragon 7 Gen 3,120,75,50,Good,Yes,,No,Yes,Yes,No,4G,,7100
Nothing,Phone (2),44999,2023,3,Kolkata,Individual,4,256,Dimensity 7200,120,77,48,Fair,No,Minor,No,Yes,Yes,No,5G,,15200
iQOO,Neo 9 Pro,37999,2025,1,Mumbai,Individual,12,128,Snapdragon 8 Gen 3,60,89,48,Excellent,No,Minor,Yes,Yes,No,No,5G,,23600
Samsung,Galaxy A54,38999,2025,1,Bengaluru,Individual,8,64,Tensor G3,90,80,48,Good,No,Moderate,Yes,Yes,No,No,5G,,24000
OnePlus,Nord 3,33999,2024,2,Delhi,Individual,8,512,Dimensity 7200,120,90,64,Excellent,No,Minor,Yes,Yes,Yes,No,5G,,19900
Xiaomi,Xiaomi 13 Pro,79999,2023,3,Noida,Individual,16,128,Tensor G3,90,82,64,Excellent,No,Minor,Yes,Yes,No,No,5G,,33800
Oppo,Find X5,69999,2023,3,Delhi,Individual,12,256,Dimensity 9200,120,82,200,Excellent,No,,No,Yes,Yes,No,5G,,28600
Apple,iPhone 11,49999,2023,3,Lucknow,Individual,8,256,A15 Bionic,120,79,48,Good,No,Heavy,Yes,Yes,Yes,No,5G,Battery Replaced,24100
OnePlus,Nord 3,33999,2024,2,Pune,Individual,16,512,Snapdragon 7 Gen 3,120,82,200,Good,No,Minor,Yes,Yes,Yes,No,5G,Screen Replaced,15900
OnePlus,12,64999,2021,5,Pune,Individual,8,256,Dimensity 8200,120,67,50,Good,No,Moderate,No,Yes,Yes,No,5G,,17900
Realme,11 Pro+,32999,2024,2,Patna,Individual,12,256,Snapdragon 695,60,85,48,Good,Yes,,Yes,Yes,No,No,5G,Battery Replaced,10600
Realme,11 Pro+,32999,2022,4,Lucknow,Individual,6,128,Tensor G3,120,63,50,Excellent,Yes,Minor,Yes,Yes,Yes,No,5G,,7700
Vivo,T3,22999,2024,2,Jaipur,Individual,12,128,Snapdragon 8 Gen 2,120,87,200,Excellent,No,Minor,Yes,Yes,Yes,No,5G,,12000
Google,Pixel 7a,43999,2024,2,Bengaluru,Individual,8,512,Tensor G3,120,85,48,Fair,No,Minor,Yes,Yes,No,No,5G,,20400
Oppo,Reno 10,32999,2022,4,Kolkata,Individual,12,512,Snapdragon 8 Gen 2,120,79,108,Fair,No,Moderate,No,Yes,No,No,5G,Battery Replaced,9000
iQOO,Neo 9 Pro,37999,2025,1,Mumbai,Dealer,8,512,Dimensity 8200,90,94,50,Excellent,No,Moderate,Yes,No,Yes,No,5G,,24000
Nothing,Phone (1),32999,2025,1,Delhi,Individual,12,256,Dimensity 9200,120,89,64,Excellent,No,Minor,Yes,Yes,No,No,5G,,23200
Xiaomi,Poco F5,29999,2024,2,Chennai,Individual,8,128,Snapdragon 695,120,90,48,Good,No,,No,Yes,Yes,No,5G,,14400
Apple,iPhone 13,69999,2025,1,Delhi,Individual,8,64,Snapdragon 695,120,88,50,Good,No,,Yes,Yes,No,No,5G,,49000
OnePlus,9 Pro,64999,2023,3,Mumbai,Individual,4,128,Tensor G3,120,88,48,Excellent,No,,Yes,Yes,No,No,5G,Battery Replaced,29600
Samsung,Galaxy S23,74999,2024,2,Bengaluru,Individual,12,256,A17 Pro,120,83,200,Fair,No,Moderate,Yes,Yes,No,No,5G,,34300
Apple,iPhone 13,69999,2023,3,Pune,Individual,8,128,Dimensity 9200,120,89,200,Good,No,Minor,No,No,Yes,No,5G,Screen Replaced,29900
Apple,iPhone 13,69999,2023,3,Jaipur,Individual,12,128,Snapdragon 8 Gen 2,120,77,48,Good,No,Moderate,No,Yes,Yes,No,5G,,32000
iQOO,Z9,21999,2023,3,Bengaluru,Dealer,4,128,Snapdragon 695,120,82,50,Excellent,No,,Yes,Yes,No,No,5G,,9000
Nothing,Phone (2),44999,2023,3,Delhi,Dealer,8,256,Snapdragon 8 Gen 2,60,74,48,Good,No,,No,Yes,Yes,No,5G,Screen Replaced,17500
Samsung,Galaxy S21 FE,54999,2021,5,Kolkata,Individual,8,256,Snapdragon 8 Gen 2,90,72,200,Good,No,Minor,Yes,Yes,No,No,5G,,14300
Realme,11 Pro+,32999,2026,0,Lucknow,Individual,4,256,A17 Pro,120,91,50,Good,No,Minor,No,Yes,No,Yes,5G,Battery Replaced,22400
Oppo,Reno 10,32999,2024,2,Kolkata,Dealer,4,128,Dimensity 9200,90,82,48,Fair,No,Heavy,No,No,No,No,5G,,13300
iQOO,Z9,21999,2026,0,Jaipur,Dealer,6,128,Snapdragon 7 Gen 3,120,96,200,Good,No,Moderate,No,No,Yes,Yes,5G,,15600
Vivo,X90,59999,2026,0,Kolkata,Individual,8,256,A16 Bionic,90,96,50,Excellent,No,Minor,Yes,No,Yes,No,5G,Screen Replaced,41000
Motorola,Edge 50 Pro,34999,2022,4,Jaipur,Individual,16,128,A15 Bionic,60,73,108,Excellent,No,,Yes,Yes,No,No,5G,,12300
Realme,Narzo 70,19999,2024,2,Noida,Individual,12,128,Dimensity 8200,90,87,200,Good,No,Minor,Yes,Yes,No,No,5G,,9500
OnePlus,11R,39999,2023,3,Mumbai,Individual,16,128,A15 Bionic,90,81,64,Fair,No,Minor,Yes,No,No,No,5G,,14200
Realme,Narzo 70,19999,2022,4,Jaipur,Individual,12,128,Tensor G3,120,78,64,Good,No,Minor,No,No,Yes,No,5G,,5800
Oppo,Find X5,69999,2023,3,Bengaluru,Dealer,6,128,A17 Pro,120,77,50,Fair,No,Moderate,Yes,Yes,No,No,5G,,23600
Xiaomi,Redmi Note 13 Pro,29999,2023,3,Patna,Individual,8,256,Snapdragon 695,90,80,48,Poor,No,Minor,Yes,Yes,No,No,5G,Screen Replaced,7200
Samsung,Galaxy S22,62999,2021,5,Noida,Individual,6,128,Tensor G3,90,70,48,Excellent,No,Minor,Yes,No,No,No,5G,Battery Replaced,18400
Apple,iPhone 13,69999,2024,2,Mumbai,Individual,4,256,Snapdragon 695,120,79,64,Good,No,Heavy,No,Yes,Yes,No,5G,,39900
Samsung,Galaxy A54,38999,2024,2,Noida,Dealer,8,256,Dimensity 9200,120,89,50,Good,No,,No,Yes,Yes,No,5G,,21500
iQOO,Z9,21999,2022,4,Hyderabad,Individual,12,128,Tensor G3,120,83,64,Good,No,Moderate,Yes,Yes,Yes,No,5G,,6800
OnePlus,11R,39999,2023,3,Jaipur,Individual,6,128,Tensor G3,120,78,48,Excellent,No,,No,No,No,No,5G,,17900
Motorola,Edge 40,29999,2022,4,Kolkata,Individual,8,256,Snapdragon 695,120,75,50,Good,No,Minor,No,Yes,No,No,5G,,9100
Apple,iPhone 12,65999,2026,0,Kolkata,Dealer,8,128,A17 Pro,60,94,200,Fair,No,,Yes,Yes,Yes,Yes,5G,,49900
Oppo,Reno 10,32999,2025,1,Lucknow,Dealer,12,256,Tensor G2,120,87,50,Fair,No,Moderate,Yes,Yes,Yes,No,5G,,15700
Oppo,Find X5,69999,2024,2,Patna,Individual,12,128,A17 Pro,90,81,200,Fair,No,Minor,Yes,No,No,No,5G,,26400
Motorola,Edge 40,29999,2022,4,Pune,Individual,12,128,A15 Bionic,120,64,48,Excellent,Yes,Minor,Yes,Yes,Yes,No,5G,,7300
Vivo,V29,32999,2025,1,Kolkata,Individual,8,128,Dimensity 9200,120,84,200,Excellent,No,Minor,Yes,Yes,No,No,5G,Screen Replaced,19600
Realme,Narzo 70,19999,2023,3,Kolkata,Dealer,6,128,A16 Bionic,90,69,108,Fair,No,Minor,Yes,No,Yes,No,5G,,6400
Motorola,G84,19999,2024,2,Hyderabad,Individual,8,256,Tensor G3,120,77,108,Good,No,Minor,No,No,Yes,No,5G,Battery Replaced,9500
Xiaomi,Redmi Note 13 Pro,29999,2024,2,Noida,Dealer,8,128,Tensor G3,90,83,48,Fair,No,Moderate,Yes,No,No,No,5G,,11700
Apple,iPhone 12,65999,2024,2,Delhi,Individual,8,128,Tensor G2,90,86,108,Excellent,No,Heavy,Yes,Yes,No,No,5G,,40700
Apple,iPhone 14,79999,2023,3,Patna,Dealer,8,256,Snapdragon 8 Gen 2,120,71,200,Good,No,Moderate,Yes,Yes,Yes,No,5G,,36100
Realme,11 Pro+,32999,2023,3,Jaipur,Individual,12,128,A16 Bionic,120,81,200,Excellent,No,Heavy,No,Yes,No,No,5G,,13300
Samsung,Galaxy M35,22999,2025,1,Mumbai,Dealer,16,128,Snapdragon 695,120,87,50,Excellent,No,Minor,Yes,Yes,No,No,5G,,16100
OnePlus,9 Pro,64999,2022,4,Kolkata,Individual,8,128,Dimensity 8200,120,71,108,Excellent,No,Moderate,Yes,Yes,No,No,5G,,23900
OnePlus,9 Pro,64999,2024,2,Lucknow,Individual,12,128,Dimensity 8200,120,91,108,Fair,No,Moderate,No,No,Yes,No,5G,,30200
Xiaomi,Xiaomi 13 Pro,79999,2024,2,Patna,Individual,12,512,Snapdragon 7 Gen 3,120,85,108,Excellent,No,,Yes,Yes,No,No,5G,Screen Replaced,38000
Nothing,Phone (2),44999,2022,4,Patna,Individual,8,256,Dimensity 7200,90,76,50,Poor,No,Moderate,No,Yes,No,No,5G,,9600
Motorola,G84,19999,2021,5,Mumbai,Dealer,12,128,A16 Bionic,90,74,64,Good,No,,Yes,No,Yes,No,4G,Battery Replaced,4900
Samsung,Galaxy S21 FE,54999,2025,1,Noida,Dealer,8,128,A17 Pro,60,88,64,Excellent,No,Minor,Yes,Yes,No,No,5G,,39000
Samsung,Galaxy S21 FE,54999,2026,0,Bengaluru,Dealer,6,128,Snapdragon 8 Gen 3,60,87,48,Poor,No,Minor,Yes,Yes,Yes,Yes,5G,Screen Replaced,27800
iQOO,12,52999,2022,4,Patna,Individual,8,128,Dimensity 8200,90,78,50,Excellent,No,Minor,Yes,Yes,No,No,5G,,17400
Apple,iPhone 13,69999,2023,3,Kolkata,Individual,8,256,Snapdragon 8 Gen 3,90,72,48,Good,No,Minor,No,Yes,Yes,No,5G,,30500
Samsung,Galaxy S22,62999,2025,1,Jaipur,Individual,8,128,Snapdragon 7 Gen 3,120,86,200,Poor,No,Moderate,No,Yes,No,No,5G,,27100
Apple,iPhone 13,69999,2023,3,Chennai,Individual,8,256,Snapdragon 8 Gen 2,90,84,64,Good,No,Minor,Yes,Yes,No,No,5G,,31800
Realme,Narzo 70,19999,2023,3,Bengaluru,Individual,6,512,A16 Bionic,120,82,200,Good,No,Minor,Yes,No,No,No,5G,,7300
iQOO,Neo 9 Pro,37999,2023,3,Pune,Individual,8,256,Snapdragon 7 Gen 3,120,80,48,Poor,No,,Yes,Yes,No,No,5G,,10500
Apple,iPhone 15,89999,2025,1,Jaipur,Individual,12,128,Snapdragon 7 Gen 3,90,96,50,Poor,No,Minor,No,Yes,Yes,No,5G,,42100
Realme,GT Neo 3,36999,2022,4,Delhi,Individual,12,128,Dimensity 9200,60,76,200,Fair,Yes,Minor,No,No,No,No,5G,,6700
OnePlus,12,64999,2024,2,Hyderabad,Individual,4,128,Snapdragon 7 Gen 3,120,82,64,Fair,No,Minor,Yes,Yes,Yes,No,5G,,29400
Apple,iPhone 11,49999,2024,2,Chennai,Dealer,16,64,Tensor G2,120,80,50,Poor,No,,Yes,No,No,No,5G,,18000
Apple,iPhone 11,49999,2021,5,Patna,Individual,8,256,A17 Pro,120,64,48,Good,No,Minor,No,Yes,Yes,No,4G,Screen Replaced,13600
Motorola,Edge 50 Pro,34999,2023,3,Pune,Individual,4,256,Snapdragon 8 Gen 3,60,91,48,Fair,No,Moderate,No,Yes,No,No,5G,,12800
Oppo,F25,23999,2025,1,Pune,Individual,12,128,Tensor G2,60,93,48,Good,Yes,Moderate,Yes,Yes,Yes,No,5G,Screen Replaced,9200
Google,Pixel 8,75999,2023,3,Mumbai,Dealer,8,128,Dimensity 9200,120,86,64,Good,No,,Yes,Yes,No,No,5G,,33100
Samsung,Galaxy S22,62999,2025,1,Noida,Individual,12,128,Snapdragon 8 Gen 2,120,87,200,Good,No,Minor,Yes,Yes,No,No,5G,Battery Replaced,38400
Samsung,Galaxy M35,22999,2025,1,Bengaluru,Individual,12,512,Dimensity 9200,90,95,50,Good,No,,No,Yes,No,No,5G,,14200
Google,Pixel 7,59999,2024,2,Patna,Individual,12,128,Snapdragon 8 Gen 2,120,84,64,Fair,No,Moderate,Yes,No,No,No,5G,Battery Replaced,28400
Xiaomi,Redmi Note 12 Pro,25999,2023,3,Delhi,Individual,12,128,A15 Bionic,120,75,64,Excellent,No,,No,No,Yes,No,5G,,11100
Apple,iPhone 11,49999,2023,3,Lucknow,Individual,16,256,Tensor G2,120,77,200,Good,Yes,Minor,Yes,No,No,No,5G,,15800
Apple,iPhone 15,89999,2024,2,Bengaluru,Dealer,12,128,Tensor G2,120,96,50,Poor,Yes,Moderate,No,Yes,Yes,No,5G,,25600
Motorola,Edge 40,29999,2023,3,Mumbai,Individual,8,256,Dimensity 7200,90,81,64,Fair,No,Minor,No,Yes,Yes,No,5G,,10800
OnePlus,12,64999,2021,5,Delhi,Individual,8,128,A15 Bionic,90,68,200,Good,No,,No,Yes,Yes,No,5G,,17000
iQOO,Z9,21999,2024,2,Mumbai,Dealer,16,128,Tensor G2,90,77,50,Good,No,,Yes,No,Yes,No,5G,,10700
Xiaomi,Xiaomi 13 Pro,79999,2025,1,Hyderabad,Individual,12,64,Dimensity 9200,90,85,48,Fair,No,,Yes,No,No,No,5G,,38600
OnePlus,9 Pro,64999,2021,5,Bengaluru,Individual,4,256,A16 Bionic,90,63,48,Excellent,No,Moderate,Yes,No,No,No,4G,,18100
Vivo,X90,59999,2025,1,Delhi,Individual,12,128,Snapdragon 7 Gen 3,60,94,50,Fair,No,Minor,Yes,Yes,No,No,5G,Screen Replaced,28400
Nothing,Phone (2a),25999,2026,0,Patna,Dealer,8,256,Dimensity 8200,120,83,48,Good,No,Moderate,No,Yes,Yes,Yes,5G,,19100
Samsung,Galaxy S21 FE,54999,2022,4,Mumbai,Dealer,6,64,A15 Bionic,90,62,64,Excellent,No,Moderate,No,Yes,Yes,No,5G,,19300
Google,Pixel 7,59999,2025,1,Jaipur,Dealer,6,64,Dimensity 9200,120,93,108,Good,No,Minor,No,Yes,No,No,5G,,40900
Apple,iPhone 11,49999,2023,3,Kolkata,Individual,4,128,Snapdragon 8 Gen 2,120,80,64,Good,No,Minor,No,Yes,No,No,5G,Battery Replaced,23600
Realme,Narzo 70,19999,2024,2,Mumbai,Dealer,6,256,Tensor G2,90,83,64,Good,No,Moderate,No,Yes,Yes,No,5G,,9800
Google,Pixel 7,59999,2024,2,Jaipur,Individual,16,128,Snapdragon 7 Gen 3,120,87,48,Excellent,No,,Yes,No,No,No,5G,,35600
Realme,Narzo 70,19999,2023,3,Lucknow,Dealer,4,256,Snapdragon 695,90,80,50,Good,No,,No,No,Yes,No,5G,Battery Replaced,7400
iQOO,12,52999,2022,4,Mumbai,Dealer,12,256,A16 Bionic,60,69,64,Excellent,Yes,Moderate,No,Yes,No,No,5G,Motherboard Repair,9400
Samsung,Galaxy M35,22999,2025,1,Noida,Individual,12,256,A17 Pro,120,87,50,Good,No,,Yes,Yes,Yes,No,5G,,15200
Realme,Narzo 70,19999,2024,2,Patna,Dealer,8,128,Dimensity 9200,90,85,108,Good,No,Minor,Yes,Yes,Yes,No,5G,,9000
Google,Pixel 7,59999,2024,2,Chennai,Individual,12,512,Snapdragon 8 Gen 3,120,84,108,Good,No,,Yes,No,Yes,No,5G,,33300
Vivo,V29,32999,2026,0,Bengaluru,Individual,6,128,Snapdragon 7 Gen 3,90,100,64,Fair,Yes,Minor,Yes,No,Yes,Yes,5G,,14500
Xiaomi,Poco F5,29999,2023,3,Mumbai,Individual,6,128,Dimensity 8200,90,76,50,Excellent,Yes,Minor,Yes,Yes,Yes,No,5G,,9100
Samsung,Galaxy S21 FE,54999,2025,1,Patna,Individual,6,128,Tensor G3,90,90,48,Excellent,No,Moderate,Yes,Yes,No,No,5G,,39300
Realme,Narzo 70,19999,2026,0,Noida,Individual,8,256,Snapdragon 8 Gen 3,90,100,48,Good,No,Minor,Yes,No,Yes,Yes,5G,,13500
Motorola,Edge 50 Pro,34999,2025,1,Kolkata,Individual,8,256,Snapdragon 695,60,89,200,Fair,No,Moderate,No,Yes,Yes,No,5G,Screen Replaced,17700
iQOO,Z9,21999,2023,3,Chennai,Dealer,8,512,Snapdragon 8 Gen 3,120,82,64,Good,Yes,Moderate,Yes,Yes,No,No,5G,,6400
OnePlus,Nord 3,33999,2023,3,Pune,Individual,6,256,Snapdragon 7 Gen 3,120,81,50,Fair,No,Minor,Yes,Yes,No,No,5G,,12000
Apple,iPhone 13,69999,2023,3,Patna,Individual,8,64,Tensor G2,120,83,48,Excellent,No,Minor,No,Yes,Yes,No,5G,,36700
Realme,Narzo 70,19999,2024,2,Delhi,Dealer,8,256,Dimensity 8200,120,86,64,Good,No,Moderate,No,Yes,Yes,No,5G,,9600
Realme,Narzo 70,19999,2021,5,Noida,Individual,8,512,Snapdragon 8 Gen 2,90,66,64,Poor,No,,No,Yes,No,No,5G,Screen Replaced,2900
Samsung,Galaxy S21 FE,54999,2023,3,Pune,Individual,6,128,Tensor G3,120,77,48,Excellent,No,,No,Yes,No,No,5G,,25000
Apple,iPhone 13,69999,2021,5,Delhi,Individual,6,128,Snapdragon 8 Gen 2,120,69,200,Good,No,,No,No,Yes,No,4G,,19600
Xiaomi,Poco F5,29999,2022,4,Hyderabad,Dealer,8,256,Snapdragon 8 Gen 2,120,68,50,Excellent,No,Minor,Yes,No,Yes,No,5G,Motherboard Repair,7100
Apple,iPhone 14,79999,2026,0,Jaipur,Individual,6,128,A16 Bionic,90,91,108,Good,No,,Yes,Yes,Yes,Yes,5G,,65800
Google,Pixel 7,59999,2021,5,Hyderabad,Individual,4,128,Tensor G2,120,71,64,Excellent,No,Minor,No,Yes,No,No,4G,,18600
Oppo,Find X5,69999,2023,3,Pune,Individual,8,128,A16 Bionic,60,80,108,Excellent,No,,Yes,No,Yes,No,5G,Screen Replaced,26100
Xiaomi,Redmi Note 13 Pro,29999,2024,2,Bengaluru,Individual,16,64,Tensor G3,90,88,200,Excellent,No,,No,Yes,Yes,No,5G,,16200
Motorola,Edge 40,29999,2023,3,Pune,Individual,6,64,A17 Pro,120,85,200,Excellent,No,,No,Yes,Yes,No,5G,,13600
Xiaomi,Poco F5,29999,2023,3,Chennai,Dealer,8,128,Snapdragon 695,90,70,108,Excellent,No,Minor,Yes,Yes,Yes,No,5G,,12500
Motorola,G84,19999,2023,3,Pune,Individual,6,256,Snapdragon 8 Gen 3,120,74,50,Good,No,Minor,Yes,Yes,No,No,5G,,8200
Motorola,G84,19999,2022,4,Patna,Individual,12,256,Dimensity 7200,120,74,48,Excellent,No,Moderate,Yes,Yes,Yes,No,5G,,7000
Samsung,Galaxy A54,38999,2022,4,Kolkata,Dealer,8,128,Dimensity 7200,90,81,48,Good,No,Minor,No,No,No,No,5G,Battery Replaced,13600
Xiaomi,Xiaomi 13 Pro,79999,2024,2,Kolkata,Individual,12,128,Dimensity 7200,120,89,48,Poor,No,Moderate,No,Yes,No,No,5G,Battery Replaced,25600
OnePlus,9 Pro,64999,2024,2,Kolkata,Individual,6,128,Tensor G3,90,85,48,Excellent,No,Minor,Yes,No,Yes,No,5G,,35500
Xiaomi,Xiaomi 13 Pro,79999,2022,4,Noida,Individual,12,128,Dimensity 8200,60,77,200,Good,No,Moderate,No,No,Yes,No,5G,,25100
Vivo,V29,32999,2024,2,Delhi,Dealer,4,256,A17 Pro,120,88,48,Fair,No,Minor,No,Yes,No,No,5G,,12900
Vivo,X90,59999,2022,4,Pune,Dealer,8,128,Snapdragon 8 Gen 2,120,78,50,Excellent,No,Minor,Yes,Yes,Yes,No,5G,,19900
iQOO,Neo 9 Pro,37999,2024,2,Noida,Individual,8,128,Snapdragon 7 Gen 3,120,83,50,Good,No,,No,No,No,No,5G,,18500
Samsung,Galaxy M35,22999,2021,5,Delhi,Dealer,6,128,Dimensity 9200,120,69,200,Poor,No,Moderate,No,No,Yes,No,4G,Battery Replaced,4300
iQOO,Z9,21999,2023,3,Pune,Individual,16,128,Tensor G2,90,85,64,Good,No,Minor,No,Yes,No,No,5G,,8300
Vivo,X90,59999,2024,2,Kolkata,Individual,8,256,Tensor G3,120,73,108,Good,No,Minor,No,Yes,No,No,5G,,25700
Apple,iPhone 15,89999,2023,3,Kolkata,Individual,16,128,Dimensity 9200,60,82,200,Excellent,No,,Yes,Yes,Yes,No,5G,,46500
OnePlus,12,64999,2025,1,Delhi,Individual,8,256,A17 Pro,90,93,48,Good,No,,Yes,Yes,No,No,5G,,40800
Xiaomi,Xiaomi 13 Pro,79999,2025,1,Bengaluru,Individual,4,256,Dimensity 9200,120,91,200,Excellent,No,,No,No,Yes,No,5G,Screen Replaced,48500
Apple,iPhone 15,89999,2021,5,Lucknow,Individual,8,128,Snapdragon 695,120,69,50,Fair,No,Moderate,No,Yes,No,No,4G,,22800
Xiaomi,Redmi Note 13 Pro,29999,2024,2,Noida,Individual,6,512,A17 Pro,90,91,48,Excellent,No,Minor,No,No,Yes,No,5G,,15100
iQOO,Neo 9 Pro,37999,2025,1,Patna,Individual,8,256,A17 Pro,60,92,50,Poor,No,,No,Yes,Yes,No,5G,,15200
iQOO,Z9,21999,2026,0,Noida,Individual,12,128,Snapdragon 7 Gen 3,90,89,64,Good,No,Minor,Yes,Yes,Yes,Yes,5G,,16500
Xiaomi,Redmi Note 13 Pro,29999,2024,2,Mumbai,Individual,12,256,Snapdragon 7 Gen 3,90,79,48,Poor,Yes,Minor,No,Yes,No,No,5G,Motherboard Repair,5000
Samsung,Galaxy S23,74999,2023,3,Chennai,Individual,12,256,A16 Bionic,120,75,108,Poor,No,Minor,No,Yes,No,No,5G,,20100
Samsung,Galaxy A54,38999,2024,2,Mumbai,Individual,6,256,Dimensity 9200,120,88,50,Good,No,Heavy,No,No,Yes,No,5G,,19200
iQOO,12,52999,2024,2,Delhi,Individual,8,128,Dimensity 9200,120,84,108,Good,No,Minor,No,No,Yes,No,5G,Battery Replaced,25100
Oppo,F25,23999,2023,3,Kolkata,Dealer,12,256,A15 Bionic,120,82,50,Fair,No,Minor,Yes,Yes,No,No,5G,,7900
Xiaomi,Redmi Note 12 Pro,25999,2023,3,Noida,Individual,8,128,Snapdragon 8 Gen 2,120,80,200,Good,Yes,,Yes,Yes,Yes,No,5G,Screen Replaced,7100
iQOO,12,52999,2023,3,Chennai,Individual,12,256,Tensor G2,90,74,108,Excellent,No,Moderate,No,Yes,Yes,No,5G,Screen Replaced,20100
Vivo,T3,22999,2022,4,Noida,Individual,8,128,Snapdragon 8 Gen 2,90,72,108,Poor,No,Moderate,Yes,Yes,Yes,No,5G,,4800
Apple,iPhone 11,49999,2023,3,Noida,Dealer,8,512,A16 Bionic,90,74,108,Excellent,No,Moderate,Yes,Yes,No,No,5G,Screen Replaced,22700
Nothing,Phone (1),32999,2021,5,Chennai,Individual,12,128,A15 Bionic,120,69,50,Excellent,No,,Yes,No,No,No,4G,,8900
Nothing,Phone (2a),25999,2024,2,Bengaluru,Dealer,12,256,Dimensity 8200,120,88,64,Good,No,,Yes,Yes,Yes,No,5G,,13900
Samsung,Galaxy S22,62999,2023,3,Chennai,Dealer,8,256,Tensor G2,120,80,48,Fair,No,,Yes,No,No,No,5G,,23900
Samsung,Galaxy M35,22999,2025,1,Kolkata,Dealer,8,128,Snapdragon 695,120,97,200,Fair,Yes,,No,Yes,Yes,No,5G,Screen Replaced,8800
Vivo,V29,32999,2022,4,Pune,Individual,8,512,Snapdragon 695,120,77,64,Poor,No,Minor,No,No,Yes,No,5G,,6800
iQOO,Neo 9 Pro,37999,2022,4,Kolkata,Individual,6,64,Snapdragon 8 Gen 2,120,80,50,Excellent,No,,No,Yes,Yes,No,5G,,12500
Samsung,Galaxy A54,38999,2025,1,Noida,Individual,16,256,A15 Bionic,120,84,64,Good,No,Minor,Yes,Yes,No,No,5G,,25800
Apple,iPhone 14,79999,2023,3,Delhi,Individual,6,128,Tensor G2,60,80,48,Excellent,No,Moderate,Yes,No,No,No,5G,,39800
Samsung,Galaxy S21 FE,54999,2025,1,Kolkata,Individual,12,64,Tensor G2,90,84,200,Excellent,No,Moderate,No,Yes,No,No,5G,,38900
iQOO,12,52999,2025,1,Noida,Individual,8,256,A15 Bionic,120,88,50,Excellent,No,Heavy,No,No,No,No,5G,,33800
Oppo,F25,23999,2024,2,Delhi,Individual,12,256,Dimensity 7200,90,82,48,Good,No,Minor,Yes,Yes,No,No,5G,,10800
Apple,iPhone 13,69999,2025,1,Delhi,Dealer,4,128,Dimensity 7200,60,94,48,Poor,No,Minor,No,No,Yes,No,5G,,31600
iQOO,Z9,21999,2023,3,Mumbai,Individual,12,256,Snapdragon 695,120,81,108,Fair,No,Minor,Yes,Yes,Yes,No,5G,,7800
Xiaomi,Redmi Note 12 Pro,25999,2021,5,Noida,Dealer,8,64,A17 Pro,120,78,200,Excellent,No,,Yes,No,Yes,No,4G,,7100
Google,Pixel 7a,43999,2026,0,Pune,Individual,8,128,A15 Bionic,120,95,48,Poor,No,Heavy,Yes,Yes,Yes,Yes,5G,,25000
Apple,iPhone 13,69999,2022,4,Kolkata,Individual,8,128,Tensor G3,90,79,64,Fair,No,Minor,Yes,Yes,Yes,No,5G,Screen Replaced,21300
Oppo,Find X5,69999,2024,2,Chennai,Individual,12,256,Dimensity 9200,120,87,200,Good,No,Moderate,Yes,No,Yes,No,5G,,31400
Samsung,Galaxy S22,62999,2022,4,Hyderabad,Individual,8,128,A16 Bionic,120,67,48,Poor,No,Minor,No,Yes,Yes,No,5G,,13900
iQOO,12,52999,2021,5,Hyderabad,Dealer,6,128,Dimensity 7200,120,73,200,Good,No,Minor,No,Yes,No,No,4G,,12600
Nothing,Phone (2),44999,2022,4,Lucknow,Dealer,6,128,A17 Pro,120,68,48,Excellent,No,,Yes,Yes,Yes,No,5G,Motherboard Repair,11500
Samsung,Galaxy S21 FE,54999,2021,5,Chennai,Individual,4,128,Snapdragon 8 Gen 3,120,69,200,Good,No,,Yes,No,No,No,4G,Screen Replaced,14100
Oppo,Find X5,69999,2024,2,Hyderabad,Individual,6,128,Dimensity 7200,90,81,200,Excellent,No,Moderate,No,No,No,No,5G,,35000
Xiaomi,Redmi Note 13 Pro,29999,2021,5,Lucknow,Individual,8,256,A17 Pro,90,67,200,Fair,No,Moderate,No,Yes,Yes,No,5G,,6300
OnePlus,9 Pro,64999,2024,2,Patna,Individual,8,128,Tensor G2,120,83,48,Good,Yes,Minor,Yes,Yes,Yes,No,5G,,24000
Vivo,T3,22999,2022,4,Mumbai,Dealer,8,256,Snapdragon 8 Gen 2,120,64,200,Good,No,Moderate,No,Yes,No,No,5G,,6700
Samsung,Galaxy M35,22999,2024,2,Noida,Individual,12,128,Tensor G2,120,81,64,Poor,No,Minor,Yes,Yes,Yes,No,5G,,8100
Realme,11 Pro+,32999,2021,5,Noida,Individual,6,128,Tensor G3,120,66,108,Poor,No,Moderate,Yes,No,No,No,4G,,5500
Google,Pixel 8,75999,2021,5,Chennai,Individual,8,128,Dimensity 9200,90,69,200,Excellent,No,Moderate,No,Yes,No,No,4G,,23700
Xiaomi,Poco F5,29999,2024,2,Lucknow,Individual,4,256,Snapdragon 8 Gen 3,120,89,64,Good,No,,Yes,No,Yes,No,5G,,14100
iQOO,12,52999,2025,1,Jaipur,Individual,8,256,Dimensity 8200,120,86,200,Good,No,Minor,Yes,Yes,Yes,No,5G,,32000
Realme,Narzo 70,19999,2023,3,Chennai,Individual,12,64,Snapdragon 8 Gen 2,90,80,200,Good,No,Minor,No,Yes,Yes,No,5G,,7700
Motorola,G84,19999,2026,0,Pune,Individual,12,256,Snapdragon 8 Gen 3,90,86,108,Excellent,Yes,Moderate,Yes,No,Yes,No,5G,,10800
Google,Pixel 8,75999,2025,1,Lucknow,Individual,6,256,Snapdragon 8 Gen 3,60,95,48,Excellent,No,Moderate,Yes,No,Yes,No,5G,,57500
Apple,iPhone 14,79999,2023,3,Delhi,Individual,8,64,Snapdragon 8 Gen 3,90,78,48,Fair,No,Moderate,Yes,No,Yes,No,5G,,31200
Realme,GT Neo 3,36999,2022,4,Delhi,Individual,6,128,Snapdragon 695,60,84,50,Excellent,No,Minor,Yes,Yes,No,No,5G,,12700
Vivo,X90,59999,2023,3,Lucknow,Dealer,12,256,Dimensity 9200,90,87,50,Fair,No,Heavy,No,Yes,Yes,No,5G,,19600
Oppo,Reno 10,32999,2024,2,Noida,Dealer,8,128,Dimensity 7200,90,77,200,Good,No,,Yes,No,No,No,5G,,15000
Samsung,Galaxy S23,74999,2024,2,Delhi,Individual,8,128,A15 Bionic,90,83,200,Good,No,Heavy,No,Yes,Yes,No,5G,,39700
Samsung,Galaxy A54,38999,2024,2,Pune,Individual,8,64,A15 Bionic,90,83,50,Excellent,No,,Yes,Yes,Yes,No,5G,Screen Replaced,21000
Realme,Narzo 70,19999,2022,4,Pune,Dealer,12,64,Snapdragon 695,90,76,200,Good,No,,No,Yes,Yes,No,5G,Battery Replaced,6100
Samsung,Galaxy A54,38999,2025,1,Pune,Individual,4,128,Snapdragon 7 Gen 3,90,96,108,Good,No,Moderate,No,No,No,No,5G,Motherboard Repair,19400
Xiaomi,Redmi Note 12 Pro,25999,2024,2,Pune,Individual,4,128,Dimensity 9200,120,84,64,Fair,No,Minor,No,Yes,Yes,No,5G,,11100
Oppo,F25,23999,2022,4,Kolkata,Individual,8,256,Dimensity 7200,120,77,50,Good,No,,Yes,Yes,No,No,5G,,6900
Google,Pixel 8,75999,2021,5,Lucknow,Individual,16,256,Snapdragon 8 Gen 2,120,71,64,Good,No,Moderate,Yes,Yes,No,No,5G,,21900
Apple,iPhone 15,89999,2023,3,Chennai,Dealer,12,256,A16 Bionic,90,84,200,Fair,No,Heavy,Yes,Yes,Yes,No,5G,Screen Replaced,35400
Samsung,Galaxy S21 FE,54999,2025,1,Lucknow,Individual,6,128,Dimensity 8200,120,85,108,Fair,No,Moderate,Yes,Yes,Yes,No,5G,,30200
OnePlus,9 Pro,64999,2025,1,Delhi,Dealer,6,128,Dimensity 7200,120,88,50,Good,No,Minor,No,Yes,No,No,5G,,39400
Apple,iPhone 13,69999,2025,1,Mumbai,Individual,12,128,Snapdragon 7 Gen 3,120,91,108,Poor,No,Minor,Yes,Yes,Yes,No,5G,,32700
Oppo,Reno 10,32999,2024,2,Hyderabad,Dealer,4,128,A15 Bionic,120,89,108,Good,No,Minor,Yes,No,No,No,5G,,15200
Google,Pixel 7,59999,2022,4,Delhi,Individual,12,128,Snapdragon 8 Gen 2,90,74,50,Good,No,Minor,No,Yes,Yes,No,5G,,20200
OnePlus,Nord 3,33999,2022,4,Noida,Individual,16,64,Dimensity 7200,120,74,64,Good,No,,Yes,Yes,No,No,5G,,11600
iQOO,12,52999,2024,2,Kolkata,Individual,6,128,Dimensity 9200,120,86,108,Poor,No,Minor,Yes,Yes,Yes,No,5G,,18300
Apple,iPhone 15,89999,2023,3,Patna,Dealer,8,512,Snapdragon 695,90,82,48,Excellent,Yes,Minor,No,No,Yes,No,5G,,31000
Google,Pixel 8,75999,2026,0,Lucknow,Individual,12,256,Dimensity 7200,90,100,108,Good,No,Moderate,No,Yes,No,Yes,5G,,58600
OnePlus,Nord 3,33999,2021,5,Patna,Individual,12,256,Dimensity 7200,120,77,50,Excellent,No,Minor,No,Yes,No,No,5G,Battery Replaced,10200
Samsung,Galaxy S22,62999,2025,1,Chennai,Individual,8,256,Tensor G3,60,86,200,Excellent,No,,Yes,No,Yes,No,5G,,44300
Vivo,T3,22999,2024,2,Delhi,Individual,12,256,A16 Bionic,60,84,50,Good,No,Moderate,Yes,No,No,No,5G,,10800
Vivo,T3,22999,2025,1,Chennai,Individual,4,128,A16 Bionic,60,98,108,Excellent,No,Minor,No,Yes,No,No,5G,,14400
Apple,iPhone 15,89999,2022,4,Delhi,Individual,8,128,Dimensity 8200,120,76,64,Good,No,Minor,No,Yes,Yes,No,5G,,34600
iQOO,12,52999,2022,4,Chennai,Individual,12,256,Tensor G3,120,73,64,Good,No,Minor,Yes,Yes,No,No,5G,,16400
Oppo,Reno 10,32999,2022,4,Delhi,Individual,8,128,Dimensity 8200,120,75,64,Good,Yes,Minor,Yes,No,Yes,No,5G,,7400
Samsung,Galaxy S22,62999,2024,2,Patna,Dealer,8,128,Tensor G3,90,82,108,Excellent,No,Moderate,Yes,Yes,Yes,No,5G,,35900
Realme,Narzo 70,19999,2024,2,Kolkata,Individual,8,128,Dimensity 7200,90,86,108,Good,No,Minor,Yes,Yes,No,No,5G,Battery Replaced,9700
Xiaomi,Xiaomi 13 Pro,79999,2023,3,Chennai,Individual,8,256,A17 Pro,120,86,108,Fair,No,Minor,No,Yes,No,No,5G,Screen Replaced,25700
Samsung,Galaxy S22,62999,2025,1,Jaipur,Individual,8,128,Snapdragon 8 Gen 2,90,95,200,Excellent,Yes,Moderate,No,No,No,No,5G,,31300
Realme,11 Pro+,32999,2025,1,Hyderabad,Individual,12,256,Snapdragon 8 Gen 2,90,87,108,Good,No,Minor,Yes,Yes,Yes,No,5G,Battery Replaced,19200
Xiaomi,Xiaomi 13 Pro,79999,2023,3,Kolkata,Individual,6,128,Dimensity 9200,120,77,50,Good,No,,Yes,Yes,No,No,5G,Battery Replaced,29200
iQOO,Z9,21999,2021,5,Noida,Individual,12,256,A16 Bionic,90,72,50,Good,No,Minor,Yes,Yes,No,No,4G,,5700
Samsung,Galaxy M35,22999,2022,4,Kolkata,Individual,12,128,Snapdragon 8 Gen 2,90,74,50,Excellent,No,Moderate,Yes,No,No,No,5G,Screen Replaced,8000
Samsung,Galaxy A54,38999,2023,3,Kolkata,Individual,8,128,Snapdragon 695,90,79,108,Good,No,Moderate,No,No,Yes,No,5G,,16400
Samsung,Galaxy S21 FE,54999,2024,2,Mumbai,Dealer,8,128,Dimensity 9200,90,78,64,Excellent,No,,No,Yes,Yes,No,5G,,31200
iQOO,Neo 9 Pro,37999,2023,3,Pune,Dealer,12,256,Snapdragon 8 Gen 2,90,75,50,Good,Yes,Minor,No,Yes,Yes,No,5G,,10200
Samsung,Galaxy S22,62999,2023,3,Bengaluru,Individual,16,128,Tensor G3,90,84,48,Good,No,Minor,No,No,Yes,No,5G,,27300
iQOO,12,52999,2022,4,Delhi,Individual,12,64,Dimensity 7200,90,72,50,Excellent,Yes,Moderate,No,Yes,Yes,No,5G,,12700
Google,Pixel 7,59999,2026,0,Chennai,Individual,4,128,Snapdragon 7 Gen 3,60,99,64,Good,No,Minor,Yes,Yes,No,Yes,5G,,46100
Nothing,Phone (1),32999,2026,0,Patna,Individual,12,128,Snapdragon 695,120,90,48,Fair,No,Minor,No,No,No,No,5G,Screen Replaced,20500
Samsung,Galaxy S23,74999,2023,3,Delhi,Individual,12,128,Dimensity 8200,90,81,200,Good,No,,Yes,Yes,Yes,No,5G,,31400
Xiaomi,Poco F5,29999,2025,1,Delhi,Individual,12,128,Tensor G3,120,86,48,Good,No,Heavy,Yes,Yes,Yes,No,5G,Screen Replaced,17000
Xiaomi,Redmi Note 12 Pro,25999,2024,2,Hyderabad,Individual,12,256,Snapdragon 695,90,90,50,Poor,No,Minor,No,Yes,Yes,No,5G,,8100
Realme,11 Pro+,32999,2023,3,Jaipur,Individual,8,128,A17 Pro,120,83,200,Poor,No,,No,Yes,No,No,5G,,8600
Motorola,Edge 50 Pro,34999,2026,0,Mumbai,Dealer,12,256,A15 Bionic,120,92,200,Excellent,No,,Yes,Yes,Yes,No,5G,,27900
Xiaomi,Redmi Note 12 Pro,25999,2024,2,Kolkata,Dealer,12,256,Snapdragon 7 Gen 3,90,75,108,Excellent,No,,No,No,No,No,5G,,12400
iQOO,Neo 9 Pro,37999,2025,1,Kolkata,Individual,12,128,Snapdragon 695,90,94,48,Excellent,No,,No,Yes,Yes,No,5G,,23700
Oppo,F25,23999,2025,1,Delhi,Individual,8,128,A17 Pro,90,89,64,Good,No,Moderate,No,Yes,No,No,5G,,13600
Vivo,T3,22999,2025,1,Pune,Dealer,6,256,Dimensity 8200,120,87,64,Good,No,Moderate,Yes,No,No,No,5G,,13200
Nothing,Phone (2a),25999,2022,4,Chennai,Individual,6,256,Snapdragon 8 Gen 3,120,78,48,Good,No,Minor,Yes,Yes,Yes,No,5G,,8700
Oppo,F25,23999,2026,0,Mumbai,Individual,8,128,Snapdragon 7 Gen 3,120,92,108,Fair,No,Minor,Yes,Yes,Yes,No,5G,,15000
Apple,iPhone 15,89999,2025,1,Lucknow,Dealer,6,256,Snapdragon 7 Gen 3,120,83,64,Good,No,,No,Yes,Yes,No,5G,,62100
Samsung,Galaxy M35,22999,2023,3,Lucknow,Individual,8,128,Tensor G3,90,82,48,Good,No,,Yes,Yes,Yes,No,5G,,9800
Vivo,V29,32999,2025,1,Chennai,Individual,8,256,Tensor G3,120,100,48,Good,No,Minor,No,Yes,Yes,No,5G,,18300
Nothing,Phone (2),44999,2022,4,Kolkata,Individual,12,128,Dimensity 8200,120,62,108,Good,No,,No,No,No,No,5G,,13500
Oppo,F25,23999,2024,2,Delhi,Individual,8,128,A16 Bionic,120,89,108,Excellent,Yes,Minor,Yes,Yes,No,No,5G,Motherboard Repair,6300
Oppo,Reno 10,32999,2025,1,Pune,Individual,8,256,Dimensity 7200,90,83,48,Fair,No,Moderate,Yes,Yes,Yes,No,5G,Battery Replaced,16800
Samsung,Galaxy S23,74999,2026,0,Hyderabad,Dealer,12,128,Dimensity 9200,120,95,50,Excellent,No,Minor,Yes,Yes,No,No,5G,Battery Replaced,65500
Samsung,Galaxy S22,62999,2021,5,Delhi,Individual,6,64,Snapdragon 7 Gen 3,120,62,64,Good,No,Minor,Yes,Yes,No,No,5G,Screen Replaced,15200
OnePlus,11R,39999,2025,1,Hyderabad,Individual,4,512,Tensor G3,60,95,50,Poor,No,Minor,No,No,No,No,5G,,16900
Xiaomi,Xiaomi 13 Pro,79999,2022,4,Pune,Individual,8,256,A15 Bionic,90,71,50,Good,Yes,Moderate,Yes,Yes,No,No,5G,Battery Replaced,18100
Oppo,Reno 10,32999,2025,1,Chennai,Individual,8,128,A15 Bionic,60,100,48,Good,No,Minor,No,Yes,No,No,5G,,18700
Nothing,Phone (2),44999,2023,3,Patna,Individual,8,512,A16 Bionic,120,77,48,Good,No,,Yes,Yes,No,No,5G,,17800
Motorola,Edge 40,29999,2022,4,Mumbai,Individual,6,64,Dimensity 9200,120,68,200,Excellent,No,Minor,No,No,Yes,No,5G,,10400
Oppo,Reno 10,32999,2025,1,Jaipur,Individual,12,256,Dimensity 9200,120,92,48,Excellent,No,,No,Yes,Yes,No,5G,,19700
Vivo,V29,32999,2025,1,Hyderabad,Individual,16,256,Snapdragon 695,90,84,200,Poor,No,,No,Yes,No,No,5G,Motherboard Repair,9500
Apple,iPhone 13,69999,2023,3,Hyderabad,Individual,16,128,Dimensity 8200,120,80,50,Good,No,Minor,Yes,No,Yes,No,5G,Screen Replaced,30300
Apple,iPhone 15,89999,2025,1,Kolkata,Individual,4,256,Dimensity 7200,120,89,64,Fair,No,Moderate,Yes,Yes,Yes,No,5G,,57400
Realme,GT Neo 3,36999,2025,1,Bengaluru,Individual,8,64,Dimensity 8200,120,94,108,Poor,No,,Yes,Yes,No,No,5G,Battery Replaced,14700
OnePlus,12,64999,2024,2,Kolkata,Dealer,8,256,Tensor G3,90,75,50,Excellent,No,Minor,Yes,No,No,No,5G,,35500
Xiaomi,Redmi Note 12 Pro,25999,2023,3,Kolkata,Individual,16,128,Dimensity 8200,120,84,108,Fair,No,Moderate,Yes,Yes,Yes,No,5G,,9000
Vivo,X90,59999,2024,2,Noida,Individual,4,512,A16 Bionic,120,94,200,Excellent,No,Heavy,No,Yes,No,No,5G,,32000
Apple,iPhone 13,69999,2025,1,Hyderabad,Dealer,8,256,Tensor G3,90,94,200,Excellent,No,Moderate,Yes,No,Yes,No,5G,Battery Replaced,54500
Samsung,Galaxy M35,22999,2021,5,Patna,Individual,8,128,Tensor G2,90,66,108,Poor,No,Moderate,Yes,No,Yes,No,5G,,4200
Realme,Narzo 70,19999,2025,1,Hyderabad,Individual,8,128,A17 Pro,90,87,64,Poor,No,,No,Yes,No,No,5G,Screen Replaced,6900
OnePlus,Nord 3,33999,2024,2,Mumbai,Dealer,12,128,Dimensity 8200,60,79,50,Good,No,,Yes,Yes,No,No,5G,,17800
Nothing,Phone (2),44999,2024,2,Lucknow,Dealer,6,128,Snapdragon 8 Gen 3,60,87,64,Good,No,Minor,Yes,Yes,No,No,5G,Screen Replaced,20800
Samsung,Galaxy S21 FE,54999,2024,2,Lucknow,Individual,6,128,Tensor G2,120,91,64,Poor,No,Minor,No,Yes,No,No,5G,,20100
Samsung,Galaxy S23,74999,2025,1,Noida,Dealer,8,128,Dimensity 8200,90,96,108,Poor,No,Minor,Yes,Yes,No,No,5G,,31100
Apple,iPhone 14,79999,2026,0,Mumbai,Dealer,4,128,Snapdragon 695,60,92,48,Excellent,No,Minor,No,Yes,Yes,Yes,5G,,75500
Xiaomi,Poco F5,29999,2024,2,Kolkata,Individual,8,256,Dimensity 7200,120,86,48,Fair,No,Moderate,Yes,Yes,No,No,5G,,12600
Samsung,Galaxy M35,22999,2024,2,Lucknow,Individual,12,128,Dimensity 8200,90,92,50,Excellent,Yes,Minor,Yes,Yes,No,No,5G,,9100
Realme,GT Neo 3,36999,2023,3,Bengaluru,Individual,8,256,Snapdragon 8 Gen 2,60,78,50,Good,No,,No,Yes,No,No,5G,,14400
Nothing,Phone (2a),25999,2025,1,Mumbai,Individual,8,128,Snapdragon 7 Gen 3,90,83,64,Good,No,Minor,Yes,No,No,No,5G,Battery Replaced,16500
Samsung,Galaxy M35,22999,2024,2,Noida,Individual,12,256,A15 Bionic,120,84,200,Excellent,No,Heavy,No,Yes,No,No,5G,,12700
Xiaomi,Xiaomi 13 Pro,79999,2022,4,Delhi,Individual,8,256,Tensor G2,120,74,200,Good,Yes,Minor,Yes,Yes,Yes,No,5G,Battery Replaced,17900
Apple,iPhone 12,65999,2025,1,Patna,Individual,4,128,A15 Bionic,90,96,108,Fair,No,Minor,No,Yes,Yes,No,5G,,41900
Motorola,Edge 50 Pro,34999,2023,3,Patna,Dealer,8,256,Snapdragon 8 Gen 2,120,83,200,Excellent,No,,No,Yes,Yes,No,5G,,15000
Samsung,Galaxy M35,22999,2023,3,Jaipur,Individual,8,256,A17 Pro,120,81,200,Fair,No,Minor,Yes,Yes,Yes,No,5G,,8600
Apple,iPhone 11,49999,2026,0,Pune,Individual,8,256,A17 Pro,120,85,48,Excellent,No,Minor,No,Yes,Yes,Yes,5G,,45800
Vivo,X90,59999,2024,2,Jaipur,Individual,6,256,A17 Pro,120,83,108,Good,No,Minor,Yes,Yes,No,No,5G,Battery Replaced,26600
Vivo,V29,32999,2023,3,Noida,Individual,6,128,Snapdragon 8 Gen 2,120,87,64,Poor,No,,No,No,No,No,5G,Screen Replaced,8100
Samsung,Galaxy A54,38999,2022,4,Chennai,Individual,12,512,Tensor G2,120,74,48,Excellent,No,,No,Yes,Yes,No,5G,,14600
Samsung,Galaxy S23,74999,2025,1,Chennai,Individual,8,128,Snapdragon 8 Gen 2,120,93,64,Excellent,No,Heavy,Yes,Yes,Yes,No,5G,,55100
Google,Pixel 7a,43999,2025,1,Lucknow,Dealer,12,64,A16 Bionic,120,95,200,Fair,No,,No,Yes,No,No,5G,,26000
Apple,iPhone 14,79999,2024,2,Jaipur,Individual,8,128,Tensor G2,120,88,200,Good,No,Moderate,Yes,Yes,No,No,5G,,44000
Samsung,Galaxy A54,38999,2025,1,Noida,Individual,8,256,A15 Bionic,120,94,48,Excellent,No,Minor,No,Yes,No,No,5G,,27700
Samsung,Galaxy S23,74999,2023,3,Chennai,Individual,8,128,Dimensity 8200,120,77,200,Fair,No,,Yes,Yes,Yes,No,5G,Screen Replaced,25200
Samsung,Galaxy A54,38999,2025,1,Kolkata,Individual,12,256,A15 Bionic,120,95,48,Good,No,Minor,No,Yes,Yes,No,5G,Screen Replaced,24000
Samsung,Galaxy S23,74999,2025,1,Delhi,Individual,12,128,A17 Pro,90,83,200,Fair,No,,Yes,No,Yes,No,5G,,41300
Realme,11 Pro+,32999,2022,4,Delhi,Dealer,12,128,A15 Bionic,120,62,108,Good,Yes,Moderate,No,Yes,Yes,No,5G,,6800
OnePlus,12,64999,2025,1,Hyderabad,Individual,8,512,Dimensity 7200,120,97,64,Excellent,No,,Yes,No,Yes,No,5G,,46300
Realme,11 Pro+,32999,2023,3,Lucknow,Individual,12,256,Tensor G3,120,80,50,Good,No,,Yes,No,No,No,5G,,13000
Samsung,Galaxy S22,62999,2024,2,Delhi,Individual,8,128,A16 Bionic,120,83,48,Good,No,,Yes,Yes,Yes,No,5G,,33600
Motorola,G84,19999,2025,1,Chennai,Individual,6,512,Tensor G3,120,95,48,Good,No,Minor,No,Yes,Yes,No,5G,Screen Replaced,11800
Xiaomi,Poco F5,29999,2023,3,Jaipur,Individual,16,64,A15 Bionic,90,79,64,Good,No,Minor,Yes,Yes,Yes,No,5G,,11600
Samsung,Galaxy A54,38999,2025,1,Jaipur,Individual,12,256,Snapdragon 8 Gen 2,120,91,48,Good,No,,No,No,No,No,5G,,25400
Nothing,Phone (2a),25999,2021,5,Kolkata,Dealer,12,256,Dimensity 8200,60,68,200,Good,No,Moderate,Yes,Yes,Yes,No,4G,,6600
Xiaomi,Poco F5,29999,2022,4,Lucknow,Dealer,16,128,A16 Bionic,60,71,48,Good,No,,Yes,No,No,No,5G,,9300
Vivo,T3,22999,2024,2,Kolkata,Dealer,4,512,A16 Bionic,120,85,200,Excellent,No,Minor,No,Yes,No,No,5G,,11600
Oppo,F25,23999,2025,1,Chennai,Individual,6,256,Tensor G3,60,93,200,Good,No,,No,No,No,No,5G,,14000
Motorola,Edge 50 Pro,34999,2023,3,Mumbai,Dealer,16,128,Tensor G2,120,68,50,Good,No,,Yes,No,No,No,5G,,13600
Oppo,Reno 10,32999,2024,2,Bengaluru,Dealer,8,256,Snapdragon 8 Gen 2,90,87,108,Excellent,No,,Yes,Yes,No,No,5G,,16200
Apple,iPhone 14,79999,2025,1,Lucknow,Dealer,8,128,Snapdragon 695,120,88,48,Good,No,,Yes,Yes,No,No,5G,,56500
Vivo,X90,59999,2024,2,Lucknow,Individual,8,128,A15 Bionic,90,81,200,Good,No,Minor,Yes,Yes,Yes,No,5G,,27700
Oppo,Find X5,69999,2022,4,Delhi,Individual,6,128,A17 Pro,90,68,48,Poor,No,Minor,No,Yes,Yes,No,5G,,14600
OnePlus,12,64999,2026,0,Chennai,Individual,12,512,Tensor G2,90,86,50,Good,No,Moderate,Yes,Yes,No,No,5G,,46800
Xiaomi,Poco F5,29999,2023,3,Lucknow,Individual,12,256,Dimensity 8200,120,88,200,Excellent,No,Minor,No,Yes,Yes,No,5G,Battery Replaced,12300
Xiaomi,Poco F5,29999,2024,2,Pune,Individual,8,128,Tensor G2,90,86,50,Excellent,No,Minor,Yes,No,Yes,No,5G,,15900
iQOO,Z9,21999,2021,5,Noida,Dealer,8,256,Snapdragon 7 Gen 3,120,62,48,Good,No,,Yes,Yes,No,No,4G,,5600
Samsung,Galaxy S21 FE,54999,2023,3,Delhi,Individual,12,128,Tensor G3,60,70,48,Good,No,,Yes,Yes,Yes,No,5G,,23400
Samsung,Galaxy A54,38999,2021,5,Kolkata,Individual,16,256,A15 Bionic,90,74,48,Good,No,Minor,Yes,Yes,No,No,4G,,11000
Vivo,V29,32999,2023,3,Noida,Individual,12,256,Snapdragon 8 Gen 2,60,81,48,Poor,No,Minor,Yes,Yes,No,No,5G,,8700
Realme,Narzo 70,19999,2022,4,Pune,Individual,12,128,Snapdragon 8 Gen 2,120,78,200,Good,No,Moderate,Yes,No,No,No,5G,,6100
Vivo,X90,59999,2023,3,Kolkata,Dealer,6,256,Dimensity 8200,120,78,200,Excellent,No,,No,Yes,No,No,5G,,24500
OnePlus,12,64999,2026,0,Chennai,Individual,16,64,A15 Bionic,60,90,50,Fair,No,Heavy,No,No,No,Yes,5G,,42000
Realme,Narzo 70,19999,2024,2,Delhi,Dealer,8,64,Snapdragon 7 Gen 3,120,86,64,Poor,No,Minor,Yes,Yes,Yes,No,5G,,6700
Apple,iPhone 12,65999,2024,2,Noida,Individual,8,256,Snapdragon 7 Gen 3,120,88,108,Poor,No,Minor,Yes,Yes,Yes,No,5G,,26600
Vivo,X90,59999,2021,5,Delhi,Dealer,16,256,Snapdragon 8 Gen 3,60,60,48,Good,No,Moderate,Yes,Yes,No,No,4G,Screen Replaced,12800
Xiaomi,Poco F5,29999,2025,1,Lucknow,Individual,12,256,A16 Bionic,60,91,64,Fair,Yes,,Yes,No,Yes,No,5G,,11000
Apple,iPhone 14,79999,2025,1,Lucknow,Individual,6,128,Tensor G3,90,86,200,Good,No,Minor,No,Yes,No,No,5G,,53000
Vivo,X90,59999,2025,1,Hyderabad,Individual,12,256,Tensor G3,120,89,48,Fair,No,,Yes,No,Yes,No,5G,,30400
iQOO,Z9,21999,2026,0,Lucknow,Individual,12,128,Dimensity 8200,120,89,108,Fair,No,,No,Yes,Yes,Yes,5G,,14200
Realme,11 Pro+,32999,2024,2,Bengaluru,Individual,8,128,Snapdragon 8 Gen 3,90,87,200,Good,No,Minor,Yes,Yes,No,No,5G,,15200
Realme,Narzo 70,19999,2022,4,Chennai,Individual,12,128,A17 Pro,90,73,200,Poor,Yes,Moderate,Yes,Yes,Yes,No,5G,,3000
OnePlus,12,64999,2023,3,Jaipur,Individual,12,512,Snapdragon 7 Gen 3,120,84,48,Fair,Yes,Moderate,No,Yes,No,No,5G,,16200
Vivo,X90,59999,2024,2,Patna,Individual,16,256,Snapdragon 695,120,86,48,Good,No,,No,Yes,Yes,No,5G,Battery Replaced,28100
Xiaomi,Poco F5,29999,2023,3,Jaipur,Individual,8,128,Dimensity 7200,90,82,108,Good,No,Moderate,Yes,Yes,Yes,No,5G,,11900
OnePlus,12,64999,2022,4,Hyderabad,Individual,12,256,Tensor G3,120,76,48,Fair,No,Minor,No,Yes,No,No,5G,,19400
Samsung,Galaxy S23,74999,2024,2,Bengaluru,Individual,8,512,Snapdragon 8 Gen 3,120,84,200,Fair,No,,Yes,Yes,No,No,5G,,33500
Oppo,Find X5,69999,2025,1,Delhi,Individual,8,128,Dimensity 8200,120,82,64,Good,No,,No,No,No,No,5G,,38000
Apple,iPhone 11,49999,2023,3,Hyderabad,Dealer,8,128,Tensor G3,90,76,200,Good,No,,No,No,No,No,5G,Screen Replaced,20700
Google,Pixel 7,59999,2023,3,Patna,Individual,12,128,A17 Pro,120,78,200,Fair,No,Minor,No,No,No,No,5G,Battery Replaced,21400
OnePlus,Nord 3,33999,2023,3,Lucknow,Individual,8,256,Tensor G2,120,85,48,Fair,No,Minor,Yes,Yes,No,No,5G,Battery Replaced,11900
Google,Pixel 8,75999,2021,5,Mumbai,Individual,8,128,Dimensity 7200,60,71,48,Good,No,Moderate,Yes,Yes,No,No,4G,,21600
Vivo,T3,22999,2023,3,Mumbai,Individual,6,128,Snapdragon 695,60,86,200,Good,No,,No,No,No,No,5G,,8400
iQOO,12,52999,2022,4,Delhi,Individual,12,128,Snapdragon 8 Gen 2,90,81,48,Excellent,No,Minor,Yes,Yes,Yes,No,5G,,18100
Samsung,Galaxy A54,38999,2024,2,Kolkata,Individual,12,128,Snapdragon 8 Gen 2,120,88,50,Good,No,Heavy,Yes,No,Yes,No,5G,,20700
Apple,iPhone 13,69999,2024,2,Delhi,Individual,12,256,Tensor G3,120,92,108,Good,No,Minor,No,Yes,Yes,No,5G,,40100
Vivo,V29,32999,2022,4,Noida,Individual,12,128,A15 Bionic,90,67,48,Fair,No,Minor,Yes,Yes,No,No,5G,,8400
Apple,iPhone 11,49999,2023,3,Hyderabad,Individual,8,128,A17 Pro,90,78,200,Excellent,No,,Yes,Yes,No,No,5G,,25400
Nothing,Phone (2),44999,2023,3,Bengaluru,Dealer,4,128,Snapdragon 8 Gen 3,120,68,108,Excellent,Yes,,Yes,Yes,No,No,5G,,13500
Realme,GT Neo 3,36999,2026,0,Chennai,Individual,16,256,Snapdragon 8 Gen 2,90,91,200,Good,No,Minor,Yes,No,Yes,No,5G,,26500
Realme,11 Pro+,32999,2023,3,Hyderabad,Individual,12,128,Snapdragon 695,90,73,200,Fair,No,,Yes,Yes,No,No,5G,,10700
Apple,iPhone 15,89999,2024,2,Patna,Individual,8,256,Dimensity 7200,120,85,200,Good,Yes,Moderate,No,Yes,No,No,5G,Battery Replaced,35600
Oppo,Find X5,69999,2021,5,Lucknow,Individual,8,128,Dimensity 8200,90,75,64,Fair,No,Minor,Yes,No,No,No,4G,Screen Replaced,13000
Xiaomi,Xiaomi 13 Pro,79999,2023,3,Delhi,Individual,12,128,Tensor G3,90,87,200,Excellent,No,Moderate,Yes,No,Yes,No,5G,Battery Replaced,34400
iQOO,Z9,21999,2025,1,Delhi,Individual,8,256,Snapdragon 8 Gen 3,120,90,200,Good,No,,Yes,No,Yes,No,5G,Screen Replaced,12300
OnePlus,11R,39999,2025,1,Kolkata,Individual,16,512,Snapdragon 8 Gen 2,90,86,64,Excellent,No,Minor,Yes,No,Yes,No,5G,,27600
iQOO,12,52999,2025,1,Hyderabad,Individual,8,128,A17 Pro,120,95,200,Excellent,No,Minor,Yes,Yes,Yes,No,5G,,36200
Xiaomi,Redmi Note 12 Pro,25999,2021,5,Bengaluru,Individual,16,128,Snapdragon 8 Gen 3,120,74,200,Good,No,,No,No,No,No,4G,Battery Replaced,6500
Nothing,Phone (2a),25999,2022,4,Pune,Dealer,6,128,Snapdragon 7 Gen 3,120,73,48,Good,No,,Yes,Yes,Yes,No,5G,Battery Replaced,8500
Realme,11 Pro+,32999,2024,2,Pune,Individual,12,128,A16 Bionic,90,81,48,Excellent,No,,Yes,Yes,No,No,5G,,16300
Vivo,V29,32999,2023,3,Pune,Dealer,12,128,A15 Bionic,60,83,48,Excellent,No,Heavy,Yes,Yes,Yes,No,5G,,13400
Samsung,Galaxy A54,38999,2022,4,Mumbai,Individual,8,128,Dimensity 8200,120,75,108,Good,No,Minor,Yes,Yes,Yes,No,5G,,13400
iQOO,Z9,21999,2022,4,Pune,Dealer,4,128,Snapdragon 8 Gen 2,120,76,200,Fair,No,Heavy,No,Yes,Yes,No,5G,,6200
Google,Pixel 8,75999,2023,3,Jaipur,Individual,8,256,Tensor G2,120,82,50,Good,No,Heavy,Yes,Yes,Yes,No,5G,,32800
Oppo,Find X5,69999,2025,1,Patna,Individual,8,64,Dimensity 9200,60,93,50,Good,No,Heavy,No,Yes,No,No,5G,,41300
Realme,GT Neo 3,36999,2025,1,Pune,Individual,8,128,Dimensity 8200,120,92,48,Excellent,No,Minor,No,Yes,No,No,5G,,23600
Xiaomi,Xiaomi 13 Pro,79999,2024,2,Jaipur,Dealer,12,128,Tensor G2,90,86,64,Poor,Yes,Moderate,No,Yes,No,No,5G,,18600
Realme,GT Neo 3,36999,2023,3,Pune,Individual,16,256,Dimensity 8200,120,79,50,Excellent,No,Moderate,Yes,Yes,Yes,No,5G,Screen Replaced,14500
Apple,iPhone 11,49999,2026,0,Mumbai,Individual,12,256,Snapdragon 8 Gen 3,120,93,48,Excellent,No,,Yes,Yes,Yes,Yes,5G,Screen Replaced,44400
Vivo,T3,22999,2026,0,Lucknow,Individual,6,512,A15 Bionic,120,93,64,Good,No,Moderate,Yes,No,No,Yes,5G,,15000
Apple,iPhone 14,79999,2024,2,Kolkata,Individual,16,128,Dimensity 7200,120,77,50,Fair,No,,Yes,Yes,No,No,5G,Motherboard Repair,30700
Vivo,V29,32999,2021,5,Kolkata,Individual,8,512,Snapdragon 695,90,69,50,Good,No,Moderate,Yes,No,No,No,4G,,8100
Realme,11 Pro+,32999,2025,1,Hyderabad,Individual,6,256,Snapdragon 8 Gen 2,120,84,64,Excellent,No,,No,Yes,Yes,No,5G,,21400
Google,Pixel 7a,43999,2025,1,Delhi,Individual,8,128,Snapdragon 8 Gen 2,60,92,200,Excellent,Yes,Minor,Yes,Yes,No,No,5G,,22200
Samsung,Galaxy A54,38999,2024,2,Chennai,Dealer,12,128,Dimensity 9200,120,91,108,Good,No,,No,No,No,No,5G,,20600
Samsung,Galaxy A54,38999,2024,2,Noida,Dealer,12,128,Snapdragon 7 Gen 3,120,82,200,Good,No,,Yes,Yes,No,No,5G,,20600
Realme,GT Neo 3,36999,2023,3,Pune,Individual,12,128,Snapdragon 7 Gen 3,90,81,64,Fair,No,Moderate,No,Yes,Yes,No,5G,,12100
Vivo,V29,32999,2023,3,Hyderabad,Individual,16,128,A17 Pro,90,79,48,Fair,No,Moderate,No,No,Yes,No,5G,,11000
iQOO,Z9,21999,2023,3,Patna,Individual,16,256,A15 Bionic,120,79,50,Poor,No,Minor,Yes,Yes,Yes,No,5G,,5600
Nothing,Phone (2),44999,2023,3,Jaipur,Individual,8,256,Snapdragon 7 Gen 3,120,76,50,Fair,No,,No,Yes,Yes,No,5G,,15100
Apple,iPhone 13,69999,2024,2,Noida,Dealer,8,256,Dimensity 8200,120,88,200,Poor,No,,Yes,Yes,No,No,5G,,27700
Samsung,Galaxy M35,22999,2024,2,Kolkata,Individual,6,128,Dimensity 8200,120,86,200,Fair,No,Minor,Yes,Yes,Yes,No,5G,Screen Replaced,10000
Google,Pixel 7,59999,2023,3,Mumbai,Dealer,8,128,Tensor G3,120,80,50,Good,No,Heavy,Yes,Yes,No,No,5G,,26600
Samsung,Galaxy S23,74999,2025,1,Kolkata,Individual,8,256,Tensor G2,60,93,200,Excellent,No,Minor,Yes,Yes,Yes,No,5G,,52300
Samsung,Galaxy M35,22999,2025,1,Kolkata,Dealer,12,128,A15 Bionic,120,80,50,Good,Yes,Minor,No,Yes,No,No,5G,,10600
iQOO,Z9,21999,2022,4,Noida,Dealer,8,256,A16 Bionic,90,69,48,Good,No,Moderate,Yes,No,No,No,5G,,6900
Apple,iPhone 13,69999,2023,3,Noida,Individual,12,128,A16 Bionic,120,77,50,Good,No,Minor,Yes,Yes,Yes,No,5G,Battery Replaced,32300
Apple,iPhone 13,69999,2021,5,Patna,Individual,6,128,Snapdragon 8 Gen 3,120,71,50,Fair,No,Moderate,Yes,Yes,Yes,No,4G,Battery Replaced,19200
Realme,GT Neo 3,36999,2022,4,Chennai,Individual,12,128,Tensor G2,120,71,48,Good,No,Minor,Yes,Yes,Yes,No,5G,,11300
Xiaomi,Redmi Note 13 Pro,29999,2021,5,Kolkata,Dealer,16,128,Snapdragon 8 Gen 3,60,75,64,Good,No,Moderate,No,Yes,No,No,4G,,7300
iQOO,Z9,21999,2023,3,Bengaluru,Dealer,12,128,Dimensity 7200,120,77,50,Excellent,No,,Yes,Yes,Yes,No,5G,,9500
OnePlus,9 Pro,64999,2022,4,Bengaluru,Dealer,6,128,Tensor G3,120,79,48,Fair,No,,Yes,No,No,No,5G,,18000
Motorola,Edge 50 Pro,34999,2023,3,Kolkata,Individual,6,128,Snapdragon 8 Gen 3,60,82,200,Fair,No,Minor,No,Yes,No,No,5G,,12000
OnePlus,Nord 3,33999,2025,1,Kolkata,Individual,6,256,A17 Pro,120,87,200,Excellent,No,,No,Yes,No,No,5G,,23700
Samsung,Galaxy S21 FE,54999,2026,0,Hyderabad,Individual,8,128,Snapdragon 8 Gen 2,120,100,108,Good,No,Minor,No,Yes,Yes,No,5G,,42800
Apple,iPhone 14,79999,2023,3,Hyderabad,Individual,8,64,Dimensity 7200,90,78,48,Good,No,Minor,No,Yes,Yes,No,5G,,37500
Apple,iPhone 12,65999,2024,2,Kolkata,Individual,8,512,Dimensity 9200,120,82,50,Good,No,Minor,Yes,No,Yes,No,5G,,38400
Motorola,Edge 40,29999,2024,2,Chennai,Individual,12,512,A17 Pro,120,81,50,Good,No,Minor,Yes,Yes,Yes,No,5G,Battery Replaced,15000
Samsung,Galaxy S22,62999,2025,1,Jaipur,Individual,8,128,A17 Pro,120,97,48,Excellent,No,Minor,No,Yes,No,No,5G,,42900
Oppo,Reno 10,32999,2025,1,Noida,Dealer,8,128,Tensor G2,120,90,108,Poor,No,Minor,Yes,Yes,No,No,5G,,12900
OnePlus,12,64999,2025,1,Jaipur,Individual,6,128,Snapdragon 8 Gen 2,60,84,108,Good,No,Moderate,No,Yes,No,No,5G,,38100
OnePlus,12,64999,2024,2,Kolkata,Dealer,8,128,Dimensity 8200,120,84,64,Good,No,Moderate,No,No,Yes,No,5G,,34100
Realme,11 Pro+,32999,2026,0,Bengaluru,Individual,4,128,Tensor G2,120,99,50,Fair,Yes,Moderate,Yes,No,No,No,5G,Battery Replaced,14600
Realme,Narzo 70,19999,2024,2,Chennai,Individual,6,256,Tensor G2,120,74,64,Good,Yes,,Yes,No,Yes,No,5G,Battery Replaced,6600
Oppo,Find X5,69999,2024,2,Hyderabad,Individual,8,128,Dimensity 9200,90,83,48,Excellent,No,Moderate,Yes,No,Yes,No,5G,Screen Replaced,32800
iQOO,12,52999,2023,3,Chennai,Individual,12,256,Snapdragon 695,120,83,64,Good,No,Moderate,Yes,Yes,No,No,5G,,20300
Realme,11 Pro+,32999,2022,4,Delhi,Individual,12,128,Dimensity 8200,120,69,48,Good,No,,No,Yes,Yes,No,5G,,10000
Oppo,F25,23999,2023,3,Noida,Dealer,8,256,A17 Pro,90,92,50,Fair,No,,No,No,Yes,No,5G,,8200
Xiaomi,Redmi Note 12 Pro,25999,2021,5,Noida,Individual,8,128,Tensor G2,60,65,48,Good,No,,No,No,No,No,5G,,6300
Google,Pixel 8,75999,2022,4,Chennai,Individual,8,128,Snapdragon 7 Gen 3,90,66,48,Excellent,No,Moderate,Yes,Yes,No,No,5G,,29400
Oppo,Find X5,69999,2022,4,Bengaluru,Individual,8,128,A16 Bionic,90,73,200,Good,No,Minor,Yes,No,No,No,5G,,21200
iQOO,12,52999,2024,2,Noida,Individual,6,128,Snapdragon 8 Gen 2,60,86,64,Good,Yes,Minor,Yes,Yes,No,No,5G,Motherboard Repair,13500
iQOO,Z9,21999,2022,4,Delhi,Individual,12,256,Dimensity 7200,60,75,64,Fair,No,,Yes,Yes,No,No,5G,,5800
Samsung,Galaxy A54,38999,2023,3,Patna,Individual,6,128,Snapdragon 7 Gen 3,90,79,200,Excellent,No,,No,No,No,No,5G,,18300
Motorola,Edge 50 Pro,34999,2024,2,Patna,Individual,4,128,Dimensity 8200,120,72,200,Good,No,Minor,Yes,Yes,No,No,5G,,15900
Xiaomi,Poco F5,29999,2024,2,Delhi,Dealer,6,128,Tensor G3,90,85,48,Excellent,No,Minor,Yes,No,No,No,5G,,15100
Samsung,Galaxy S22,62999,2023,3,Hyderabad,Individual,12,128,Dimensity 9200,120,81,50,Excellent,No,,Yes,Yes,Yes,No,5G,,28500
Xiaomi,Redmi Note 13 Pro,29999,2024,2,Hyderabad,Individual,8,128,A16 Bionic,120,82,50,Excellent,No,,No,Yes,Yes,No,5G,Screen Replaced,14900
Nothing,Phone (1),32999,2024,2,Mumbai,Individual,6,256,Snapdragon 8 Gen 3,60,88,64,Excellent,No,,Yes,Yes,Yes,No,5G,Battery Replaced,17600
Apple,iPhone 15,89999,2023,3,Noida,Dealer,12,128,Snapdragon 8 Gen 3,120,83,108,Excellent,No,,Yes,Yes,No,No,5G,,46900
Apple,iPhone 12,65999,2021,5,Pune,Individual,12,64,A17 Pro,90,74,64,Good,No,Moderate,Yes,Yes,No,No,5G,Screen Replaced,18200
Samsung,Galaxy A54,38999,2024,2,Hyderabad,Individual,6,256,Dimensity 7200,60,92,48,Excellent,No,Heavy,No,Yes,Yes,No,5G,Battery Replaced,21500
Google,Pixel 7,59999,2024,2,Jaipur,Individual,8,128,A15 Bionic,90,84,200,Good,No,,No,Yes,Yes,No,5G,,32400
Nothing,Phone (2a),25999,2023,3,Kolkata,Individual,12,128,Snapdragon 7 Gen 3,120,69,64,Excellent,No,Minor,No,Yes,Yes,No,5G,,11600
Samsung,Galaxy S23,74999,2025,1,Chennai,Individual,12,128,Snapdragon 8 Gen 3,90,85,64,Fair,Yes,Moderate,No,No,Yes,No,5G,,30500
Oppo,F25,23999,2025,1,Patna,Individual,12,128,A17 Pro,120,88,50,Fair,No,Minor,Yes,Yes,Yes,No,5G,,12500
Samsung,Galaxy S22,62999,2025,1,Chennai,Individual,8,64,A16 Bionic,90,89,200,Good,No,Heavy,No,No,Yes,No,5G,,37800
Xiaomi,Poco F5,29999,2026,0,Noida,Individual,12,512,Dimensity 8200,60,85,108,Fair,No,Minor,Yes,Yes,Yes,Yes,5G,,18600
Xiaomi,Redmi Note 12 Pro,25999,2021,5,Lucknow,Individual,4,128,A15 Bionic,60,64,108,Good,No,,Yes,Yes,No,No,4G,,6300
Xiaomi,Poco F5,29999,2025,1,Delhi,Individual,8,256,Snapdragon 7 Gen 3,120,93,50,Fair,No,,Yes,No,Yes,No,5G,Screen Replaced,13500
Samsung,Galaxy S21 FE,54999,2025,1,Delhi,Individual,8,256,Dimensity 7200,120,89,64,Excellent,No,,Yes,Yes,No,No,5G,,37700
Apple,iPhone 15,89999,2023,3,Jaipur,Individual,16,128,Snapdragon 8 Gen 3,60,82,200,Fair,Yes,Minor,Yes,Yes,No,No,5G,,27100
Xiaomi,Xiaomi 13 Pro,79999,2021,5,Jaipur,Individual,4,128,Snapdragon 7 Gen 3,90,72,108,Good,No,Moderate,Yes,No,Yes,No,4G,,19500
Xiaomi,Xiaomi 13 Pro,79999,2022,4,Noida,Individual,16,256,Snapdragon 7 Gen 3,120,73,200,Good,No,Heavy,Yes,Yes,No,No,5G,Battery Replaced,25200
Xiaomi,Redmi Note 12 Pro,25999,2024,2,Bengaluru,Dealer,6,128,A17 Pro,120,87,108,Excellent,No,Minor,No,No,No,No,5G,Motherboard Repair,9500
iQOO,Z9,21999,2022,4,Noida,Dealer,8,512,Dimensity 8200,60,72,200,Excellent,No,,No,Yes,Yes,No,5G,Battery Replaced,7400
OnePlus,Nord 3,33999,2025,1,Kolkata,Individual,12,256,Snapdragon 7 Gen 3,120,97,48,Good,No,Minor,Yes,Yes,No,No,5G,,22600
Apple,iPhone 11,49999,2024,2,Noida,Individual,12,128,Tensor G2,90,89,200,Good,No,Minor,No,Yes,Yes,No,5G,,29400
Oppo,Find X5,69999,2023,3,Kolkata,Individual,4,256,A16 Bionic,90,78,50,Fair,No,,Yes,Yes,Yes,No,5G,,22700
Apple,iPhone 14,79999,2023,3,Delhi,Dealer,8,128,A16 Bionic,120,82,50,Good,No,Minor,No,Yes,No,No,5G,,38000
Xiaomi,Redmi Note 12 Pro,25999,2021,5,Bengaluru,Individual,4,128,Dimensity 8200,120,74,200,Good,Yes,,Yes,Yes,No,No,4G,,4500
Realme,11 Pro+,32999,2024,2,Chennai,Individual,16,256,Snapdragon 695,120,88,200,Good,No,,No,Yes,Yes,No,5G,,15800
Google,Pixel 7a,43999,2025,1,Chennai,Individual,12,512,Tensor G3,120,93,64,Good,No,,No,Yes,No,No,5G,,29400
Xiaomi,Redmi Note 13 Pro,29999,2024,2,Hyderabad,Individual,8,128,Tensor G2,120,85,50,Good,No,Moderate,Yes,Yes,No,No,5G,Screen Replaced,13500
Realme,Narzo 70,19999,2021,5,Chennai,Individual,8,128,A15 Bionic,90,71,200,Excellent,No,Moderate,Yes,No,Yes,No,4G,,5100
Google,Pixel 7a,43999,2022,4,Chennai,Dealer,12,128,Dimensity 9200,120,76,108,Good,No,Moderate,Yes,Yes,Yes,No,5G,Screen Replaced,13800
Apple,iPhone 11,49999,2026,0,Bengaluru,Individual,8,128,Tensor G2,120,95,200,Fair,No,Moderate,No,No,Yes,Yes,5G,,37300
Samsung,Galaxy S23,74999,2025,1,Pune,Dealer,8,256,Snapdragon 695,90,92,50,Good,No,,Yes,Yes,No,No,5G,,47100
Samsung,Galaxy A54,38999,2026,0,Pune,Dealer,8,512,Tensor G3,90,95,200,Good,No,Minor,Yes,Yes,No,Yes,5G,,29000
Samsung,Galaxy S23,74999,2023,3,Delhi,Individual,8,128,Snapdragon 7 Gen 3,60,78,48,Good,No,Moderate,No,Yes,Yes,No,5G,Screen Replaced,27900
Motorola,Edge 40,29999,2024,2,Noida,Individual,8,128,A15 Bionic,90,85,200,Poor,No,Moderate,No,Yes,Yes,No,5G,Screen Replaced,9400
Nothing,Phone (1),32999,2022,4,Patna,Individual,6,128,Snapdragon 7 Gen 3,120,76,200,Excellent,No,Moderate,Yes,No,No,No,5G,Battery Replaced,11500
Xiaomi,Poco F5,29999,2026,0,Pune,Dealer,6,128,Snapdragon 695,60,97,108,Good,Yes,Minor,Yes,Yes,Yes,Yes,5G,,15100
Realme,GT Neo 3,36999,2021,5,Noida,Dealer,4,128,Tensor G3,60,63,108,Good,No,Moderate,Yes,Yes,No,No,4G,,8700
Motorola,Edge 40,29999,2025,1,Chennai,Individual,12,256,A16 Bionic,120,83,48,Fair,No,,Yes,No,No,No,5G,,15300
Samsung,Galaxy S23,74999,2026,0,Lucknow,Individual,8,256,Dimensity 8200,120,95,108,Good,No,Minor,No,Yes,Yes,Yes,5G,,59400
iQOO,Neo 9 Pro,37999,2025,1,Mumbai,Individual,12,256,A17 Pro,90,85,108,Good,No,,Yes,Yes,No,No,5G,,23200
Samsung,Galaxy A54,38999,2024,2,Jaipur,Individual,4,256,Snapdragon 8 Gen 2,90,83,200,Good,No,Heavy,Yes,Yes,Yes,No,5G,,19500
Realme,GT Neo 3,36999,2025,1,Mumbai,Dealer,16,128,Dimensity 9200,60,80,50,Fair,No,Minor,No,Yes,No,No,5G,,17800
Realme,11 Pro+,32999,2022,4,Pune,Individual,8,512,A17 Pro,60,73,200,Good,No,Moderate,No,Yes,Yes,No,5G,,10300
Xiaomi,Poco F5,29999,2022,4,Chennai,Individual,8,256,Tensor G3,60,71,64,Fair,Yes,,Yes,No,No,No,5G,,5900
Vivo,X90,59999,2023,3,Noida,Individual,8,256,A17 Pro,120,75,50,Fair,No,Moderate,No,Yes,No,No,5G,,19300
OnePlus,11R,39999,2024,2,Chennai,Individual,4,128,Snapdragon 7 Gen 3,120,89,64,Excellent,No,Moderate,Yes,No,Yes,No,5G,,22500
Xiaomi,Redmi Note 12 Pro,25999,2024,2,Hyderabad,Individual,8,64,Snapdragon 7 Gen 3,120,90,48,Good,No,Minor,No,No,No,No,5G,,12400
Xiaomi,Redmi Note 12 Pro,25999,2021,5,Chennai,Individual,8,256,Dimensity 9200,120,69,50,Good,No,Moderate,Yes,Yes,Yes,No,5G,,6400
Realme,11 Pro+,32999,2022,4,Mumbai,Individual,8,128,Dimensity 7200,120,73,200,Good,No,,Yes,Yes,No,No,5G,,9600
Xiaomi,Redmi Note 13 Pro,29999,2023,3,Delhi,Dealer,8,128,Dimensity 8200,60,72,50,Good,No,Minor,No,Yes,Yes,No,5G,,11800
Apple,iPhone 11,49999,2021,5,Delhi,Individual,12,256,Dimensity 7200,60,65,48,Good,No,Moderate,Yes,Yes,Yes,No,4G,,15500
Nothing,Phone (2),44999,2024,2,Pune,Individual,8,128,Dimensity 7200,120,83,200,Fair,No,,Yes,Yes,No,No,5G,,20400
Oppo,Reno 10,32999,2024,2,Pune,Individual,12,256,Snapdragon 695,90,88,64,Fair,No,,Yes,Yes,No,No,5G,,13200
Samsung,Galaxy S21 FE,54999,2024,2,Delhi,Individual,8,128,Snapdragon 695,120,85,64,Good,No,Moderate,No,No,Yes,No,5G,,28900
Motorola,G84,19999,2024,2,Bengaluru,Individual,12,64,Snapdragon 8 Gen 3,60,92,64,Excellent,No,Minor,Yes,No,Yes,No,5G,,11200
Samsung,Galaxy S22,62999,2026,0,Bengaluru,Dealer,8,128,Snapdragon 7 Gen 3,60,89,64,Fair,No,Moderate,No,No,Yes,Yes,5G,,39800
Oppo,Reno 10,32999,2026,0,Lucknow,Dealer,12,256,A16 Bionic,120,89,108,Good,No,Moderate,No,Yes,No,Yes,5G,,22900
Samsung,Galaxy A54,38999,2024,2,Bengaluru,Dealer,6,128,Tensor G2,90,89,108,Fair,No,Minor,Yes,Yes,Yes,No,5G,,18000
Xiaomi,Redmi Note 13 Pro,29999,2026,0,Kolkata,Individual,6,256,A15 Bionic,90,91,200,Good,No,,Yes,No,Yes,Yes,5G,,20900
OnePlus,Nord 3,33999,2024,2,Jaipur,Individual,16,64,A17 Pro,90,86,48,Good,No,Minor,Yes,Yes,Yes,No,5G,Battery Replaced,17300
Apple,iPhone 15,89999,2026,0,Jaipur,Individual,4,256,Dimensity 8200,120,93,48,Good,No,Minor,Yes,No,Yes,Yes,5G,,75900
iQOO,Z9,21999,2023,3,Noida,Individual,4,128,Dimensity 7200,120,80,108,Poor,No,Minor,Yes,No,No,No,5G,Battery Replaced,6000
Xiaomi,Xiaomi 13 Pro,79999,2022,4,Kolkata,Dealer,6,128,Snapdragon 8 Gen 2,90,77,64,Good,No,Minor,No,No,Yes,No,5G,Battery Replaced,23400
Apple,iPhone 13,69999,2022,4,Delhi,Individual,12,128,Snapdragon 8 Gen 3,90,75,108,Good,No,Minor,Yes,Yes,Yes,No,5G,,26500
iQOO,12,52999,2024,2,Kolkata,Individual,12,256,Dimensity 7200,90,87,108,Good,No,Minor,No,Yes,Yes,No,5G,Battery Replaced,24500
Xiaomi,Xiaomi 13 Pro,79999,2022,4,Kolkata,Dealer,8,128,Snapdragon 7 Gen 3,120,72,200,Good,No,Minor,Yes,Yes,No,No,5G,Screen Replaced,23200
Oppo,F25,23999,2024,2,Patna,Individual,12,256,Snapdragon 8 Gen 3,90,85,50,Good,No,Minor,No,No,No,No,5G,Screen Replaced,9900
Xiaomi,Poco F5,29999,2025,1,Pune,Individual,8,128,Dimensity 9200,120,88,200,Good,No,,No,Yes,No,No,5G,,17900
Xiaomi,Poco F5,29999,2026,0,Chennai,Dealer,8,512,Snapdragon 695,90,97,108,Good,No,,No,Yes,No,No,5G,,21300
Xiaomi,Redmi Note 13 Pro,29999,2022,4,Jaipur,Individual,6,256,Dimensity 8200,120,76,48,Fair,No,Minor,Yes,Yes,Yes,No,5G,Screen Replaced,7700
Motorola,Edge 40,29999,2022,4,Delhi,Dealer,12,256,Tensor G2,120,72,108,Good,Yes,Minor,No,Yes,Yes,No,5G,,6700
Vivo,V29,32999,2023,3,Patna,Individual,6,256,Snapdragon 7 Gen 3,120,85,64,Excellent,No,Minor,No,Yes,Yes,No,5G,,13600
Xiaomi,Redmi Note 12 Pro,25999,2022,4,Jaipur,Individual,12,256,Snapdragon 7 Gen 3,120,78,64,Poor,No,Minor,Yes,No,No,No,5G,Screen Replaced,5000
Samsung,Galaxy S23,74999,2025,1,Hyderabad,Dealer,12,256,Snapdragon 7 Gen 3,120,94,64,Good,No,Heavy,No,Yes,Yes,No,5G,,46200
Xiaomi,Poco F5,29999,2023,3,Chennai,Individual,8,128,Snapdragon 8 Gen 3,120,82,108,Excellent,No,,Yes,Yes,Yes,No,5G,,13300
Xiaomi,Xiaomi 13 Pro,79999,2024,2,Pune,Dealer,8,256,Tensor G3,60,90,200,Fair,No,Minor,Yes,Yes,Yes,No,5G,,32200
Samsung,Galaxy S21 FE,54999,2023,3,Lucknow,Individual,8,256,A17 Pro,60,72,48,Good,No,Moderate,Yes,Yes,No,No,5G,Battery Replaced,21900
Oppo,Find X5,69999,2024,2,Hyderabad,Individual,8,512,Snapdragon 695,90,91,200,Excellent,No,Minor,No,No,Yes,No,5G,,36400
Vivo,V29,32999,2024,2,Jaipur,Individual,8,128,Snapdragon 695,90,85,200,Excellent,No,Minor,No,Yes,Yes,No,5G,Battery Replaced,16100
Google,Pixel 8,75999,2023,3,Chennai,Individual,6,256,Tensor G2,120,85,64,Excellent,No,Minor,Yes,Yes,Yes,No,5G,,37800
Xiaomi,Poco F5,29999,2024,2,Chennai,Dealer,8,512,Dimensity 7200,120,76,200,Fair,No,Minor,No,No,No,No,5G,,11300
OnePlus,Nord 3,33999,2026,0,Patna,Individual,6,128,Snapdragon 7 Gen 3,90,98,50,Good,Yes,Minor,Yes,No,Yes,No,5G,,19100
Xiaomi,Poco F5,29999,2023,3,Patna,Individual,6,128,Snapdragon 8 Gen 2,120,78,108,Good,No,Minor,No,Yes,Yes,No,5G,,11400
Vivo,T3,22999,2024,2,Chennai,Individual,12,256,Snapdragon 695,60,78,50,Excellent,Yes,,Yes,Yes,Yes,No,5G,,8700
Google,Pixel 8,75999,2023,3,Mumbai,Dealer,6,128,Snapdragon 8 Gen 3,90,80,48,Fair,No,,Yes,Yes,No,No,5G,,27900
Nothing,Phone (2),44999,2024,2,Pune,Individual,8,256,A16 Bionic,120,83,64,Good,No,Minor,Yes,Yes,No,No,5G,,22600
Samsung,Galaxy A54,38999,2022,4,Kolkata,Dealer,12,256,A15 Bionic,90,70,48,Good,No,Minor,Yes,Yes,No,No,5G,,13000
iQOO,12,52999,2021,5,Jaipur,Dealer,8,128,A17 Pro,120,60,48,Fair,No,,No,Yes,Yes,No,4G,Battery Replaced,11200
Realme,Narzo 70,19999,2023,3,Hyderabad,Individual,12,256,Snapdragon 7 Gen 3,120,83,200,Good,No,Minor,No,Yes,Yes,No,5G,,7900
Samsung,Galaxy S21 FE,54999,2022,4,Patna,Individual,8,128,A16 Bionic,90,78,50,Excellent,No,Minor,Yes,Yes,No,No,5G,Battery Replaced,19500
Apple,iPhone 12,65999,2024,2,Hyderabad,Dealer,8,128,A17 Pro,60,86,48,Good,No,Minor,Yes,Yes,Yes,No,5G,,38900
OnePlus,9 Pro,64999,2024,2,Mumbai,Individual,6,256,Snapdragon 695,90,84,200,Fair,Yes,,No,Yes,No,No,5G,,20100
Apple,iPhone 11,49999,2025,1,Hyderabad,Dealer,8,128,A15 Bionic,120,90,200,Good,No,Heavy,No,No,Yes,No,5G,,33500
Xiaomi,Redmi Note 13 Pro,29999,2022,4,Noida,Individual,12,512,Snapdragon 8 Gen 2,120,75,108,Excellent,No,Minor,No,No,No,No,5G,,10200
Motorola,Edge 50 Pro,34999,2025,1,Patna,Dealer,4,256,A15 Bionic,60,89,50,Good,No,,Yes,Yes,No,No,5G,,20500
OnePlus,12,64999,2023,3,Patna,Dealer,16,128,Snapdragon 8 Gen 3,90,79,64,Excellent,No,Minor,Yes,No,Yes,No,5G,,29600
Xiaomi,Xiaomi 13 Pro,79999,2024,2,Noida,Dealer,6,128,Snapdragon 8 Gen 2,120,77,50,Good,No,,No,Yes,No,No,5G,Battery Replaced,38600
Vivo,V29,32999,2022,4,Noida,Individual,16,128,Snapdragon 8 Gen 2,120,79,108,Fair,No,Moderate,Yes,Yes,No,No,5G,Motherboard Repair,6800
Samsung,Galaxy S21 FE,54999,2023,3,Delhi,Individual,6,256,Dimensity 8200,90,71,48,Excellent,No,Minor,No,No,Yes,No,5G,,24500
iQOO,Z9,21999,2023,3,Jaipur,Individual,8,512,Dimensity 8200,120,88,64,Good,No,Minor,No,No,No,No,5G,Battery Replaced,8900
Vivo,X90,59999,2025,1,Kolkata,Individual,12,256,A17 Pro,90,88,48,Fair,No,Minor,Yes,Yes,No,No,5G,,29700
OnePlus,11R,39999,2024,2,Noida,Dealer,8,64,Dimensity 7200,120,88,50,Good,No,Minor,No,Yes,No,No,5G,Screen Replaced,19700
Samsung,Galaxy S23,74999,2022,4,Pune,Individual,8,128,Tensor G2,90,82,108,Excellent,Yes,,Yes,No,No,No,5G,,19200
Nothing,Phone (2a),25999,2025,1,Kolkata,Individual,8,128,Snapdragon 8 Gen 2,120,84,48,Good,Yes,Moderate,No,Yes,Yes,No,5G,,11300
Realme,GT Neo 3,36999,2023,3,Bengaluru,Dealer,8,128,Dimensity 9200,120,84,200,Good,No,,No,Yes,No,No,5G,,14200
Realme,Narzo 70,19999,2025,1,Patna,Dealer,12,128,Tensor G2,120,86,50,Excellent,No,,No,Yes,Yes,No,5G,Battery Replaced,11800
iQOO,Z9,21999,2022,4,Bengaluru,Individual,6,256,A17 Pro,120,84,200,Good,No,,No,No,Yes,No,5G,Battery Replaced,7100
Xiaomi,Poco F5,29999,2022,4,Bengaluru,Individual,12,512,Snapdragon 7 Gen 3,120,80,50,Fair,Yes,,No,Yes,No,No,5G,,5600
Oppo,F25,23999,2025,1,Delhi,Dealer,12,128,Tensor G2,90,95,108,Good,No,,Yes,No,No,No,5G,,13300
OnePlus,11R,39999,2024,2,Pune,Individual,6,128,Dimensity 9200,120,90,48,Fair,No,Moderate,No,Yes,Yes,No,5G,,18400
Nothing,Phone (2a),25999,2024,2,Bengaluru,Individual,6,256,Tensor G3,120,87,200,Fair,No,Minor,No,No,No,No,5G,,11500
OnePlus,11R,39999,2024,2,Noida,Individual,12,128,Tensor G3,120,86,108,Good,No,Minor,No,Yes,Yes,No,5G,,19800
Google,Pixel 7,59999,2024,2,Kolkata,Dealer,12,128,Tensor G3,120,88,64,Good,No,Minor,Yes,Yes,No,No,5G,,33600
Apple,iPhone 13,69999,2022,4,Kolkata,Dealer,4,128,Dimensity 7200,120,79,48,Excellent,No,Heavy,No,Yes,No,No,5G,Battery Replaced,27400
Apple,iPhone 15,89999,2023,3,Bengaluru,Individual,12,256,Snapdragon 8 Gen 2,120,83,50,Good,No,Minor,Yes,Yes,Yes,No,5G,,42100
Xiaomi,Redmi Note 12 Pro,25999,2023,3,Pune,Dealer,8,128,Dimensity 7200,120,79,200,Excellent,No,Heavy,Yes,No,No,No,5G,,11200
Samsung,Galaxy S21 FE,54999,2021,5,Lucknow,Dealer,8,128,A17 Pro,90,76,50,Good,No,Moderate,No,Yes,Yes,No,5G,,14800
Apple,iPhone 12,65999,2024,2,Jaipur,Individual,16,128,A15 Bionic,120,82,48,Excellent,No,Minor,Yes,Yes,No,No,5G,,39000
OnePlus,12,64999,2025,1,Jaipur,Individual,8,128,Snapdragon 8 Gen 3,60,89,48,Poor,No,,Yes,No,No,No,5G,,28200
Motorola,Edge 50 Pro,34999,2022,4,Kolkata,Individual,6,128,Snapdragon 8 Gen 3,120,77,64,Good,No,Moderate,Yes,Yes,No,No,5G,,10700
Apple,iPhone 15,89999,2022,4,Delhi,Dealer,6,128,Dimensity 9200,90,75,108,Fair,No,,Yes,Yes,No,No,5G,Battery Replaced,30100
Realme,Narzo 70,19999,2024,2,Delhi,Individual,16,256,A16 Bionic,120,85,64,Poor,No,,No,Yes,No,No,5G,,6500
OnePlus,9 Pro,64999,2024,2,Delhi,Dealer,16,128,Tensor G2,90,70,200,Excellent,No,Moderate,No,Yes,No,No,5G,,34500
Oppo,Find X5,69999,2024,2,Jaipur,Individual,6,64,Dimensity 7200,120,85,200,Good,No,Heavy,Yes,No,Yes,No,5G,,33200
Apple,iPhone 12,65999,2024,2,Mumbai,Individual,8,256,A15 Bionic,120,81,108,Fair,No,Minor,Yes,Yes,Yes,No,5G,,32100
Motorola,Edge 40,29999,2024,2,Chennai,Individual,8,256,Snapdragon 695,60,85,48,Fair,No,Moderate,No,No,No,No,5G,,13100
Realme,11 Pro+,32999,2021,5,Lucknow,Individual,8,128,Snapdragon 7 Gen 3,120,76,108,Fair,No,Heavy,No,Yes,No,No,4G,,7300
iQOO,Z9,21999,2025,1,Kolkata,Individual,4,256,Tensor G3,120,88,200,Good,No,,Yes,No,Yes,No,5G,,13100
Samsung,Galaxy S21 FE,54999,2025,1,Mumbai,Individual,8,128,Dimensity 9200,60,91,50,Good,Yes,,Yes,No,Yes,No,5G,,25800
Nothing,Phone (1),32999,2025,1,Bengaluru,Dealer,12,128,Dimensity 8200,120,92,48,Fair,No,Minor,Yes,No,Yes,No,5G,,18000
Apple,iPhone 13,69999,2024,2,Kolkata,Individual,16,256,Tensor G2,60,96,108,Poor,No,Minor,Yes,No,Yes,No,5G,,27300
Realme,Narzo 70,19999,2022,4,Hyderabad,Individual,12,512,Dimensity 7200,90,69,50,Good,No,Moderate,Yes,No,Yes,No,5G,,6000
Samsung,Galaxy S22,62999,2023,3,Chennai,Individual,8,256,Dimensity 9200,120,78,108,Fair,No,,No,Yes,No,No,5G,,23400
Motorola,G84,19999,2025,1,Mumbai,Individual,6,128,A17 Pro,120,87,200,Good,No,Moderate,Yes,Yes,Yes,No,5G,Screen Replaced,11500
Samsung,Galaxy M35,22999,2023,3,Bengaluru,Individual,12,128,Snapdragon 8 Gen 2,90,88,50,Good,No,Minor,Yes,Yes,Yes,No,5G,,10100
Apple,iPhone 13,69999,2025,1,Noida,Individual,6,128,A17 Pro,120,90,64,Good,No,Minor,Yes,Yes,No,No,5G,Battery Replaced,48000
Samsung,Galaxy A54,38999,2025,1,Kolkata,Dealer,8,64,Tensor G2,120,90,48,Poor,No,Minor,No,No,Yes,No,5G,,16100
OnePlus,9 Pro,64999,2025,1,Pune,Individual,8,256,Tensor G3,120,85,48,Good,Yes,,Yes,Yes,No,No,5G,,29900
iQOO,Z9,21999,2022,4,Chennai,Individual,8,128,Tensor G3,120,86,200,Poor,No,Minor,Yes,Yes,Yes,No,5G,,4600
Vivo,V29,32999,2023,3,Mumbai,Individual,6,256,Dimensity 8200,120,87,200,Fair,No,Moderate,Yes,Yes,Yes,No,5G,,11600
Samsung,Galaxy A54,38999,2022,4,Mumbai,Individual,12,128,Dimensity 7200,120,88,48,Good,No,Minor,Yes,Yes,No,No,5G,Battery Replaced,12900
Samsung,Galaxy M35,22999,2026,0,Jaipur,Individual,8,128,Dimensity 8200,60,93,48,Excellent,No,Moderate,Yes,Yes,No,Yes,5G,Screen Replaced,17600
Apple,iPhone 12,65999,2024,2,Delhi,Dealer,12,256,Snapdragon 8 Gen 3,90,81,48,Fair,No,,No,No,Yes,No,5G,Screen Replaced,31300
OnePlus,12,64999,2023,3,Mumbai,Dealer,12,256,A16 Bionic,120,84,108,Fair,No,,Yes,Yes,No,No,5G,,23000
Vivo,X90,59999,2023,3,Chennai,Dealer,4,64,A17 Pro,120,75,50,Good,No,Minor,No,Yes,Yes,No,5G,,23500
OnePlus,11R,39999,2024,2,Kolkata,Individual,6,64,Tensor G3,120,84,200,Excellent,No,Moderate,Yes,Yes,Yes,No,5G,Screen Replaced,21200
Vivo,X90,59999,2025,1,Pune,Dealer,12,256,Snapdragon 695,120,98,200,Good,No,,Yes,Yes,Yes,No,5G,Battery Replaced,36700
iQOO,12,52999,2021,5,Delhi,Individual,6,256,A15 Bionic,120,69,108,Excellent,No,,Yes,Yes,Yes,No,4G,Screen Replaced,13400
Apple,iPhone 15,89999,2024,2,Pune,Individual,8,256,Snapdragon 695,60,86,50,Excellent,No,Minor,Yes,Yes,No,No,5G,,54600
Vivo,X90,59999,2026,0,Kolkata,Dealer,4,256,Dimensity 9200,120,91,200,Good,Yes,,No,Yes,No,Yes,5G,Screen Replaced,27700
Oppo,F25,23999,2021,5,Patna,Individual,12,64,Snapdragon 695,120,70,48,Poor,No,,Yes,Yes,Yes,No,5G,,4000
Apple,iPhone 11,49999,2025,1,Chennai,Individual,8,128,Tensor G3,90,83,108,Fair,No,Minor,Yes,No,No,No,5G,,28200
Oppo,F25,23999,2024,2,Kolkata,Dealer,8,512,Snapdragon 8 Gen 3,120,77,108,Good,No,,No,No,No,No,5G,,10500
OnePlus,Nord 3,33999,2025,1,Mumbai,Individual,8,512,A15 Bionic,60,83,50,Good,No,Minor,No,Yes,No,No,5G,,19800
Samsung,Galaxy S22,62999,2024,2,Kolkata,Individual,4,256,Snapdragon 7 Gen 3,60,84,108,Good,No,Minor,Yes,Yes,No,No,5G,Battery Replaced,33300
Google,Pixel 8,75999,2025,1,Noida,Dealer,8,128,Snapdragon 7 Gen 3,90,91,48,Poor,No,Moderate,No,No,No,No,5G,Screen Replaced,30700
Apple,iPhone 11,49999,2022,4,Chennai,Individual,8,256,Dimensity 7200,120,77,48,Good,No,Minor,Yes,Yes,Yes,No,5G,Screen Replaced,16700
Motorola,Edge 40,29999,2021,5,Chennai,Individual,6,256,Dimensity 8200,60,74,108,Poor,No,Minor,No,Yes,No,No,5G,Motherboard Repair,3900
Apple,iPhone 13,69999,2024,2,Mumbai,Dealer,16,128,Tensor G2,90,79,200,Good,No,Minor,Yes,No,Yes,No,5G,,38200
Xiaomi,Redmi Note 12 Pro,25999,2021,5,Chennai,Individual,12,256,Snapdragon 695,120,67,48,Excellent,No,Minor,Yes,Yes,Yes,No,5G,,7200
Motorola,Edge 50 Pro,34999,2022,4,Chennai,Individual,12,64,Snapdragon 695,120,70,48,Excellent,No,Moderate,No,Yes,Yes,No,5G,Motherboard Repair,9000
Xiaomi,Redmi Note 12 Pro,25999,2024,2,Chennai,Dealer,6,128,Dimensity 9200,60,83,64,Good,No,Minor,Yes,Yes,Yes,No,5G,,12200
iQOO,Neo 9 Pro,37999,2025,1,Mumbai,Individual,8,128,Snapdragon 7 Gen 3,60,80,64,Excellent,No,Minor,Yes,Yes,No,No,5G,,24900
Xiaomi,Poco F5,29999,2024,2,Noida,Dealer,6,256,Snapdragon 7 Gen 3,60,84,48,Good,No,Minor,No,Yes,Yes,No,5G,,13900
Nothing,Phone (2),44999,2024,2,Delhi,Individual,4,256,A15 Bionic,120,82,64,Excellent,Yes,Minor,No,Yes,Yes,No,5G,Screen Replaced,16000
Apple,iPhone 15,89999,2025,1,Hyderabad,Dealer,12,64,A16 Bionic,120,89,64,Good,No,,No,Yes,Yes,No,5G,,62700
OnePlus,9 Pro,64999,2025,1,Kolkata,Dealer,4,64,Tensor G2,90,88,64,Excellent,No,Minor,Yes,Yes,Yes,No,5G,,43000
Samsung,Galaxy A54,38999,2026,0,Chennai,Individual,12,128,Snapdragon 8 Gen 2,90,96,64,Good,No,Minor,Yes,Yes,Yes,Yes,5G,Screen Replaced,29900
OnePlus,9 Pro,64999,2023,3,Bengaluru,Dealer,6,128,Snapdragon 7 Gen 3,120,72,200,Good,No,Minor,Yes,Yes,Yes,No,5G,Screen Replaced,24000
Realme,11 Pro+,32999,2025,1,Bengaluru,Individual,16,256,Snapdragon 7 Gen 3,120,90,50,Excellent,No,,Yes,Yes,No,No,5G,,21200
Xiaomi,Poco F5,29999,2022,4,Lucknow,Individual,12,128,A16 Bionic,120,73,108,Fair,No,Minor,Yes,Yes,Yes,No,5G,,8300
Samsung,Galaxy S21 FE,54999,2025,1,Chennai,Dealer,12,256,A17 Pro,90,94,64,Good,No,Minor,Yes,Yes,Yes,No,5G,,35500
Realme,GT Neo 3,36999,2024,2,Chennai,Individual,12,512,A16 Bionic,120,77,64,Good,Yes,Moderate,No,Yes,Yes,No,5G,Battery Replaced,12300
Vivo,T3,22999,2023,3,Delhi,Individual,8,128,Snapdragon 8 Gen 3,90,85,48,Fair,No,Minor,Yes,Yes,Yes,No,5G,Screen Replaced,6900
Samsung,Galaxy S23,74999,2022,4,Hyderabad,Individual,12,128,Dimensity 9200,120,69,64,Excellent,No,,Yes,Yes,Yes,No,5G,,28400
Vivo,V29,32999,2023,3,Jaipur,Dealer,8,256,Tensor G3,120,71,48,Fair,No,Minor,No,No,No,No,5G,,10400
Samsung,Galaxy S22,62999,2026,0,Mumbai,Individual,6,256,A15 Bionic,90,98,48,Fair,No,,Yes,Yes,No,Yes,5G,,43600
Samsung,Galaxy S23,74999,2024,2,Mumbai,Dealer,8,256,A17 Pro,120,87,50,Good,No,Minor,No,Yes,Yes,No,5G,,39500
OnePlus,11R,39999,2024,2,Chennai,Individual,6,256,Tensor G3,90,80,64,Excellent,No,,No,No,Yes,No,5G,,22400
Apple,iPhone 11,49999,2022,4,Noida,Individual,8,128,Tensor G3,60,80,108,Excellent,No,,Yes,Yes,Yes,No,5G,,19900
Xiaomi,Redmi Note 12 Pro,25999,2022,4,Chennai,Individual,8,256,A15 Bionic,120,76,50,Good,No,Minor,Yes,Yes,No,No,5G,,7800
Samsung,Galaxy S23,74999,2024,2,Lucknow,Dealer,8,256,A17 Pro,60,88,64,Fair,No,Minor,No,Yes,No,No,5G,,35100
Xiaomi,Xiaomi 13 Pro,79999,2025,1,Noida,Individual,16,128,Snapdragon 7 Gen 3,90,90,200,Excellent,No,Minor,Yes,Yes,No,No,5G,,48300
Motorola,Edge 50 Pro,34999,2021,5,Hyderabad,Individual,8,256,Tensor G2,60,70,108,Fair,No,Moderate,Yes,Yes,No,No,5G,,7600
Xiaomi,Xiaomi 13 Pro,79999,2023,3,Mumbai,Individual,6,128,A16 Bionic,90,83,200,Good,No,,Yes,Yes,Yes,No,5G,Battery Replaced,30900
Xiaomi,Redmi Note 12 Pro,25999,2026,0,Delhi,Individual,6,512,Snapdragon 7 Gen 3,120,95,64,Good,No,,No,Yes,Yes,Yes,5G,,18300
Apple,iPhone 12,65999,2023,3,Delhi,Individual,8,128,Snapdragon 8 Gen 3,60,80,108,Good,No,Moderate,Yes,Yes,Yes,No,5G,,30600
Google,Pixel 7,59999,2024,2,Mumbai,Dealer,8,128,A16 Bionic,90,81,200,Fair,No,Moderate,No,No,Yes,No,5G,,26400
Vivo,X90,59999,2024,2,Bengaluru,Individual,8,64,Snapdragon 7 Gen 3,90,86,108,Good,No,Minor,No,Yes,No,No,5G,,28700
Nothing,Phone (2a),25999,2023,3,Mumbai,Dealer,8,512,Tensor G3,120,82,64,Good,No,Minor,Yes,Yes,Yes,No,5G,,10400
Xiaomi,Xiaomi 13 Pro,79999,2021,5,Noida,Individual,12,128,Snapdragon 7 Gen 3,120,69,50,Good,No,Moderate,Yes,Yes,Yes,No,5G,,19000
iQOO,Neo 9 Pro,37999,2022,4,Lucknow,Individual,6,256,Snapdragon 695,90,72,48,Excellent,No,Minor,No,No,Yes,No,5G,,12900
Vivo,X90,59999,2024,2,Noida,Individual,4,128,Snapdragon 695,90,83,50,Good,No,Moderate,Yes,Yes,No,No,5G,,27300
Oppo,Reno 10,32999,2021,5,Chennai,Dealer,8,64,Dimensity 8200,90,72,200,Good,No,Minor,No,No,Yes,No,4G,,8100
Google,Pixel 8,75999,2023,3,Pune,Dealer,6,256,A15 Bionic,90,80,108,Good,No,,No,No,No,No,5G,,33100
Vivo,V29,32999,2023,3,Pune,Individual,12,128,Snapdragon 7 Gen 3,60,83,48,Good,No,,Yes,Yes,No,No,5G,,12200
Apple,iPhone 12,65999,2023,3,Delhi,Individual,4,128,Tensor G2,90,78,108,Good,No,,Yes,Yes,Yes,No,5G,,29500
Samsung,Galaxy S22,62999,2024,2,Noida,Individual,8,128,Snapdragon 695,120,86,48,Excellent,Yes,,Yes,No,No,No,5G,,24900
Oppo,Reno 10,32999,2024,2,Hyderabad,Individual,8,256,A15 Bionic,60,87,64,Good,No,Moderate,No,No,Yes,No,5G,,15100
Samsung,Galaxy S22,62999,2024,2,Noida,Individual,8,128,Dimensity 8200,120,85,200,Excellent,No,,Yes,Yes,No,No,5G,,36900
iQOO,Z9,21999,2021,5,Lucknow,Individual,12,256,Dimensity 7200,90,69,48,Good,No,Moderate,Yes,Yes,No,No,4G,Screen Replaced,5300
Samsung,Galaxy S23,74999,2022,4,Jaipur,Individual,12,128,Snapdragon 8 Gen 3,60,70,200,Fair,No,Minor,Yes,Yes,No,No,5G,,22100
Google,Pixel 7a,43999,2024,2,Patna,Individual,12,128,Snapdragon 695,120,89,108,Poor,No,,No,Yes,No,No,5G,Battery Replaced,15100
Realme,Narzo 70,19999,2024,2,Noida,Individual,8,128,A17 Pro,90,76,200,Good,No,Minor,Yes,Yes,No,No,5G,,9300
Apple,iPhone 15,89999,2023,3,Bengaluru,Dealer,6,128,Dimensity 9200,120,79,108,Good,No,,Yes,Yes,Yes,No,5G,Battery Replaced,41200
Nothing,Phone (2),44999,2024,2,Kolkata,Individual,12,256,A16 Bionic,120,80,200,Excellent,No,Minor,Yes,Yes,Yes,No,5G,,24600
Apple,iPhone 14,79999,2022,4,Noida,Individual,12,128,Dimensity 8200,90,72,48,Good,No,,Yes,No,Yes,No,5G,Screen Replaced,26100
Xiaomi,Xiaomi 13 Pro,79999,2022,4,Jaipur,Individual,8,128,Snapdragon 8 Gen 2,90,78,50,Good,No,Minor,No,No,No,No,5G,,24900
Xiaomi,Redmi Note 12 Pro,25999,2023,3,Pune,Dealer,4,64,A17 Pro,120,84,200,Excellent,No,Minor,Yes,No,No,No,5G,,11100
Realme,Narzo 70,19999,2024,2,Delhi,Individual,8,128,A15 Bionic,90,78,64,Good,Yes,Minor,Yes,No,No,No,5G,,6300
Google,Pixel 7a,43999,2023,3,Pune,Dealer,12,256,Dimensity 9200,120,74,108,Good,No,Minor,Yes,Yes,Yes,No,5G,,19300
Samsung,Galaxy A54,38999,2022,4,Lucknow,Dealer,8,128,Dimensity 7200,120,69,108,Excellent,No,Minor,No,Yes,No,No,5G,Battery Replaced,14200
Vivo,X90,59999,2025,1,Jaipur,Individual,8,128,Snapdragon 8 Gen 2,60,92,200,Fair,No,Heavy,Yes,Yes,Yes,No,5G,,30100
Apple,iPhone 12,65999,2025,1,Chennai,Individual,6,128,Snapdragon 7 Gen 3,90,92,48,Good,No,Minor,Yes,Yes,Yes,No,5G,Screen Replaced,41500
iQOO,Neo 9 Pro,37999,2025,1,Jaipur,Individual,8,64,Dimensity 9200,90,90,48,Excellent,No,,No,No,Yes,No,5G,,25100
Xiaomi,Xiaomi 13 Pro,79999,2024,2,Pune,Individual,8,256,A16 Bionic,120,81,108,Excellent,No,,No,No,Yes,No,5G,Motherboard Repair,29700
Xiaomi,Poco F5,29999,2021,5,Patna,Individual,12,256,Dimensity 7200,60,67,200,Fair,No,Minor,Yes,Yes,Yes,No,4G,,6600
Vivo,T3,22999,2024,2,Chennai,Individual,16,256,Tensor G2,120,86,48,Good,No,,No,Yes,Yes,No,5G,,10600
Apple,iPhone 14,79999,2021,5,Jaipur,Individual,8,512,A15 Bionic,120,71,48,Fair,No,Moderate,Yes,No,Yes,No,5G,,20000
Vivo,X90,59999,2022,4,Lucknow,Individual,8,128,A16 Bionic,60,69,48,Fair,No,Minor,Yes,Yes,No,No,5G,,16100
Nothing,Phone (2),44999,2023,3,Jaipur,Individual,12,64,Snapdragon 8 Gen 2,90,80,200,Good,No,,No,Yes,No,No,5G,,19100
iQOO,12,52999,2024,2,Delhi,Individual,12,256,Dimensity 8200,120,88,64,Good,No,Minor,No,Yes,Yes,No,5G,,26600
Samsung,Galaxy A54,38999,2024,2,Jaipur,Individual,16,128,A17 Pro,120,78,200,Fair,No,Minor,Yes,Yes,Yes,No,5G,,16900
Google,Pixel 7a,43999,2022,4,Delhi,Individual,12,128,Tensor G3,120,75,64,Good,Yes,Minor,Yes,No,Yes,No,5G,,10500
Google,Pixel 8,75999,2022,4,Patna,Dealer,6,128,A16 Bionic,120,70,108,Fair,No,Minor,Yes,Yes,Yes,No,5G,,22100
Nothing,Phone (2a),25999,2024,2,Lucknow,Individual,16,256,Tensor G3,60,87,48,Poor,No,Minor,Yes,Yes,Yes,No,5G,Motherboard Repair,6900
Realme,11 Pro+,32999,2023,3,Jaipur,Individual,12,128,A15 Bionic,120,79,108,Excellent,No,Minor,No,Yes,Yes,No,5G,,14200
Vivo,T3,22999,2024,2,Patna,Individual,4,256,A17 Pro,120,85,108,Good,No,Moderate,No,No,No,No,5G,Battery Replaced,10500
Nothing,Phone (2a),25999,2023,3,Pune,Individual,8,128,Dimensity 8200,60,80,50,Good,No,Minor,No,Yes,Yes,No,5G,Battery Replaced,10100
Apple,iPhone 13,69999,2023,3,Delhi,Individual,12,256,Snapdragon 8 Gen 3,90,77,64,Excellent,No,,No,Yes,No,No,5G,,35900
Samsung,Galaxy M35,22999,2024,2,Kolkata,Individual,12,256,Tensor G3,120,76,50,Excellent,No,Minor,No,No,Yes,No,5G,,13200
Samsung,Galaxy S23,74999,2024,2,Lucknow,Individual,12,128,Tensor G2,90,84,200,Good,No,,No,No,No,No,5G,Screen Replaced,35300
Vivo,T3,22999,2026,0,Lucknow,Individual,4,256,Dimensity 7200,120,94,48,Good,No,,No,No,No,Yes,5G,,15000
iQOO,Neo 9 Pro,37999,2025,1,Pune,Individual,6,128,Snapdragon 8 Gen 2,120,88,50,Fair,No,,No,Yes,Yes,No,5G,,19800
Samsung,Galaxy A54,38999,2021,5,Hyderabad,Individual,12,128,A17 Pro,60,84,64,Good,No,Minor,Yes,No,No,No,5G,,10800
Nothing,Phone (1),32999,2023,3,Pune,Dealer,8,128,Tensor G2,120,77,50,Good,No,Minor,Yes,No,Yes,No,5G,,12900
Samsung,Galaxy A54,38999,2023,3,Lucknow,Individual,8,256,Snapdragon 8 Gen 3,90,80,50,Good,No,,No,Yes,Yes,No,5G,,16300
Vivo,T3,22999,2025,1,Lucknow,Individual,16,128,Tensor G2,120,87,48,Good,No,Moderate,No,Yes,No,No,5G,,13100
Apple,iPhone 15,89999,2024,2,Lucknow,Individual,8,256,Snapdragon 7 Gen 3,120,92,200,Fair,Yes,Moderate,Yes,Yes,Yes,No,5G,Battery Replaced,31300
Apple,iPhone 12,65999,2021,5,Pune,Dealer,8,512,A16 Bionic,60,77,50,Good,No,Heavy,No,No,Yes,No,5G,Screen Replaced,17800
Apple,iPhone 12,65999,2024,2,Bengaluru,Individual,12,128,Tensor G3,120,78,200,Fair,No,Minor,Yes,Yes,No,No,5G,,31100
Realme,GT Neo 3,36999,2023,3,Bengaluru,Individual,8,256,Tensor G2,120,79,64,Poor,Yes,,Yes,No,Yes,No,5G,Screen Replaced,6300
Vivo,X90,59999,2024,2,Bengaluru,Individual,8,256,Tensor G3,120,79,48,Fair,No,Minor,Yes,Yes,No,No,5G,,23700
Realme,GT Neo 3,36999,2025,1,Kolkata,Dealer,6,128,A16 Bionic,90,86,64,Good,No,,No,Yes,No,No,5G,,21800
Google,Pixel 7a,43999,2021,5,Jaipur,Dealer,12,128,Dimensity 7200,120,65,200,Good,No,Minor,No,Yes,Yes,No,5G,,12000
iQOO,12,52999,2023,3,Pune,Individual,12,128,A17 Pro,90,82,64,Fair,No,,Yes,No,Yes,No,5G,,17500
Apple,iPhone 14,79999,2024,2,Hyderabad,Individual,8,512,A15 Bionic,120,81,48,Excellent,No,Minor,Yes,Yes,Yes,No,5G,,51100
Vivo,T3,22999,2025,1,Patna,Individual,8,256,Dimensity 7200,120,84,64,Poor,No,,No,No,No,No,5G,Battery Replaced,8800
Realme,GT Neo 3,36999,2024,2,Hyderabad,Individual,16,256,A17 Pro,120,75,200,Fair,No,Minor,Yes,Yes,Yes,No,5G,,14500
Google,Pixel 8,75999,2026,0,Jaipur,Dealer,12,256,A15 Bionic,60,97,64,Good,Yes,,No,No,No,Yes,5G,Battery Replaced,44300
iQOO,Z9,21999,2024,2,Chennai,Individual,8,128,A17 Pro,120,84,108,Good,No,Minor,Yes,Yes,No,No,5G,,10800
Vivo,T3,22999,2023,3,Delhi,Individual,16,256,Dimensity 8200,120,75,64,Good,No,Minor,Yes,Yes,Yes,No,5G,,9100
Apple,iPhone 12,65999,2024,2,Delhi,Individual,16,256,Dimensity 8200,120,81,200,Excellent,No,Minor,Yes,Yes,No,No,5G,Battery Replaced,40000
Xiaomi,Redmi Note 12 Pro,25999,2024,2,Pune,Dealer,8,256,A17 Pro,120,81,108,Good,No,Minor,Yes,Yes,No,No,5G,,12100
Samsung,Galaxy M35,22999,2023,3,Noida,Individual,12,512,Snapdragon 7 Gen 3,120,72,108,Fair,No,Minor,Yes,Yes,Yes,No,5G,,8400
OnePlus,9 Pro,64999,2026,0,Bengaluru,Dealer,12,256,Dimensity 9200,120,92,50,Good,No,,Yes,Yes,Yes,No,5G,,50000
Vivo,T3,22999,2024,2,Lucknow,Individual,12,128,Tensor G2,120,85,50,Fair,No,Minor,Yes,Yes,Yes,No,5G,Battery Replaced,9700
iQOO,Z9,21999,2024,2,Hyderabad,Individual,8,128,Dimensity 7200,120,74,64,Good,No,,No,Yes,Yes,No,5G,Screen Replaced,9300
iQOO,12,52999,2023,3,Patna,Individual,12,256,Dimensity 9200,90,86,64,Good,No,Moderate,No,Yes,Yes,No,5G,,20900
Realme,Narzo 70,19999,2024,2,Delhi,Individual,8,256,Snapdragon 8 Gen 2,120,83,108,Fair,Yes,,Yes,No,No,No,5G,Battery Replaced,5800
Xiaomi,Redmi Note 13 Pro,29999,2024,2,Mumbai,Individual,12,256,Snapdragon 8 Gen 3,90,78,50,Fair,No,,Yes,Yes,Yes,No,5G,,12200
Vivo,X90,59999,2021,5,Hyderabad,Individual,4,512,Tensor G3,120,70,48,Fair,Yes,,Yes,Yes,Yes,No,4G,,8900
Vivo,V29,32999,2024,2,Mumbai,Dealer,6,128,Dimensity 9200,120,88,50,Poor,No,Minor,Yes,No,Yes,No,5G,,10600
Oppo,Reno 10,32999,2023,3,Delhi,Individual,8,128,Dimensity 9200,120,74,200,Good,No,Minor,Yes,Yes,Yes,No,5G,Screen Replaced,11000
OnePlus,12,64999,2021,5,Hyderabad,Dealer,6,256,Dimensity 9200,120,64,200,Good,Yes,Minor,No,Yes,Yes,No,5G,,12400
iQOO,Z9,21999,2021,5,Patna,Individual,8,128,Dimensity 8200,90,62,108,Good,No,Minor,Yes,No,Yes,No,5G,Screen Replaced,4800
Oppo,Reno 10,32999,2025,1,Mumbai,Individual,8,256,Tensor G2,120,92,108,Good,No,Moderate,Yes,Yes,No,No,5G,,18000
Realme,11 Pro+,32999,2022,4,Noida,Individual,8,128,Dimensity 8200,90,63,48,Fair,No,Minor,No,Yes,Yes,No,5G,Screen Replaced,7800
Apple,iPhone 13,69999,2024,2,Pune,Individual,8,256,Snapdragon 8 Gen 2,60,81,200,Good,No,Moderate,Yes,Yes,Yes,No,5G,,40800
Oppo,Find X5,69999,2021,5,Kolkata,Individual,8,128,Dimensity 8200,90,69,48,Good,No,,Yes,Yes,No,No,4G,,16500
OnePlus,11R,39999,2025,1,Pune,Individual,12,64,Tensor G3,120,87,108,Good,No,Minor,Yes,No,Yes,No,5G,Motherboard Repair,19200
Samsung,Galaxy S23,74999,2022,4,Hyderabad,Individual,12,128,Dimensity 7200,90,78,64,Good,No,Heavy,Yes,Yes,Yes,No,5G,Battery Replaced,25600
Realme,GT Neo 3,36999,2023,3,Jaipur,Individual,8,128,Snapdragon 8 Gen 2,120,88,64,Good,No,,No,Yes,No,No,5G,Motherboard Repair,10700
Apple,iPhone 15,89999,2024,2,Jaipur,Individual,6,256,Snapdragon 8 Gen 2,120,92,108,Excellent,No,Minor,Yes,No,Yes,No,5G,,58600
Oppo,Find X5,69999,2026,0,Lucknow,Individual,8,128,Snapdragon 8 Gen 3,120,90,50,Good,Yes,,Yes,Yes,Yes,No,5G,,33500
Nothing,Phone (2a),25999,2024,2,Patna,Dealer,12,128,A17 Pro,90,86,108,Fair,No,,Yes,Yes,Yes,No,5G,Screen Replaced,10500
Vivo,T3,22999,2023,3,Hyderabad,Individual,16,128,A16 Bionic,120,74,200,Fair,No,Minor,Yes,Yes,No,No,5G,Motherboard Repair,5800
Realme,GT Neo 3,36999,2023,3,Patna,Individual,12,512,Tensor G3,90,81,200,Excellent,No,,No,Yes,Yes,No,5G,,14700
Motorola,Edge 40,29999,2024,2,Kolkata,Individual,8,128,A16 Bionic,120,86,108,Good,No,Minor,No,Yes,Yes,No,5G,Battery Replaced,14500
Samsung,Galaxy S21 FE,54999,2025,1,Pune,Individual,6,256,Snapdragon 7 Gen 3,90,93,50,Good,No,Minor,No,Yes,Yes,No,5G,,34300
Apple,iPhone 13,69999,2026,0,Patna,Individual,6,128,Dimensity 9200,90,98,108,Good,No,Moderate,Yes,Yes,No,Yes,5G,,58700
Samsung,Galaxy M35,22999,2026,0,Lucknow,Individual,12,256,Dimensity 7200,60,86,108,Excellent,Yes,Minor,Yes,No,Yes,Yes,5G,,13700
OnePlus,Nord 3,33999,2024,2,Hyderabad,Individual,16,128,Dimensity 7200,120,81,200,Excellent,No,,Yes,No,No,No,5G,,17800
Motorola,G84,19999,2024,2,Delhi,Dealer,8,256,Dimensity 9200,60,83,48,Excellent,No,,Yes,Yes,No,No,5G,Battery Replaced,11000
Oppo,Find X5,69999,2025,1,Patna,Individual,8,256,Snapdragon 8 Gen 2,120,87,200,Fair,No,,No,Yes,No,No,5G,,34300
Nothing,Phone (2a),25999,2025,1,Lucknow,Individual,12,256,A15 Bionic,60,92,64,Good,No,Minor,No,Yes,Yes,No,5G,,16300
OnePlus,Nord 3,33999,2022,4,Bengaluru,Dealer,12,512,Dimensity 7200,90,73,48,Good,No,Minor,Yes,Yes,Yes,No,5G,,11700
Samsung,Galaxy M35,22999,2026,0,Jaipur,Individual,6,128,A15 Bionic,90,95,200,Good,No,Moderate,Yes,Yes,No,Yes,5G,,17300
Samsung,Galaxy S21 FE,54999,2023,3,Chennai,Individual,8,512,Snapdragon 695,60,76,48,Fair,No,Moderate,No,Yes,No,No,5G,,19500
OnePlus,9 Pro,64999,2024,2,Pune,Individual,8,256,Tensor G2,120,75,64,Excellent,No,Minor,Yes,Yes,Yes,No,5G,,34300
Google,Pixel 8,75999,2023,3,Kolkata,Individual,6,512,Dimensity 8200,60,82,200,Excellent,No,Minor,No,Yes,Yes,No,5G,Screen Replaced,34400
Apple,iPhone 15,89999,2025,1,Patna,Individual,8,128,Snapdragon 7 Gen 3,90,80,108,Poor,No,,Yes,Yes,No,No,5G,Screen Replaced,37500
Google,Pixel 7,59999,2022,4,Pune,Individual,12,256,Tensor G2,120,73,48,Good,No,Minor,No,No,Yes,No,5G,,20300
Realme,Narzo 70,19999,2024,2,Chennai,Individual,8,128,A15 Bionic,90,96,200,Excellent,No,Minor,No,Yes,Yes,No,5G,,10600
iQOO,12,52999,2026,0,Patna,Individual,16,128,A16 Bionic,90,100,64,Fair,No,Minor,Yes,Yes,No,Yes,5G,,34900
Samsung,Galaxy S23,74999,2026,0,Lucknow,Dealer,8,256,A15 Bionic,90,93,200,Good,No,Minor,No,Yes,Yes,No,5G,Battery Replaced,56500
iQOO,12,52999,2025,1,Noida,Individual,8,256,A15 Bionic,90,89,50,Fair,No,Moderate,Yes,Yes,Yes,No,5G,,28800
Samsung,Galaxy S23,74999,2026,0,Kolkata,Individual,16,128,Snapdragon 7 Gen 3,90,88,50,Good,No,Minor,Yes,Yes,Yes,Yes,5G,,60900
Apple,iPhone 11,49999,2024,2,Pune,Individual,8,256,A15 Bionic,90,78,48,Good,No,,Yes,Yes,No,No,5G,,29500
Xiaomi,Poco F5,29999,2022,4,Pune,Individual,8,512,Snapdragon 8 Gen 2,90,74,108,Poor,Yes,,Yes,Yes,No,No,5G,Screen Replaced,4300
Xiaomi,Poco F5,29999,2025,1,Noida,Individual,6,64,A16 Bionic,60,87,50,Good,No,Minor,No,No,Yes,No,5G,,17400
Realme,Narzo 70,19999,2025,1,Hyderabad,Individual,16,256,A16 Bionic,120,88,48,Good,No,Moderate,Yes,Yes,Yes,No,5G,,11900
Oppo,F25,23999,2022,4,Delhi,Individual,12,256,Dimensity 9200,60,84,64,Excellent,No,Minor,Yes,Yes,Yes,No,5G,,8400
Xiaomi,Redmi Note 13 Pro,29999,2023,3,Chennai,Individual,8,64,A15 Bionic,60,84,200,Fair,No,Minor,Yes,Yes,No,No,5G,,10400
Apple,iPhone 15,89999,2024,2,Lucknow,Dealer,12,128,Snapdragon 8 Gen 2,60,84,48,Fair,Yes,Minor,No,Yes,Yes,No,5G,,32500
Oppo,Reno 10,32999,2025,1,Chennai,Individual,8,256,Dimensity 7200,60,86,48,Excellent,No,Minor,No,Yes,Yes,No,5G,,20500
Samsung,Galaxy S23,74999,2023,3,Mumbai,Individual,6,128,Tensor G2,120,79,108,Good,No,,Yes,No,No,No,5G,,32700
OnePlus,11R,39999,2025,1,Jaipur,Individual,8,128,Dimensity 7200,60,90,200,Good,No,Minor,No,No,Yes,No,5G,,24100
Samsung,Galaxy M35,22999,2024,2,Hyderabad,Dealer,6,128,A16 Bionic,120,77,50,Poor,No,Heavy,Yes,Yes,Yes,No,5G,,8000
Samsung,Galaxy S21 FE,54999,2023,3,Pune,Individual,8,128,A16 Bionic,120,85,64,Fair,No,,No,No,Yes,No,5G,,20800
Xiaomi,Poco F5,29999,2025,1,Lucknow,Individual,8,512,Dimensity 9200,90,82,64,Fair,No,Minor,Yes,Yes,Yes,No,5G,Motherboard Repair,11700
OnePlus,12,64999,2021,5,Jaipur,Individual,4,256,Tensor G2,90,67,48,Excellent,No,Moderate,Yes,Yes,Yes,No,4G,,18400
Apple,iPhone 14,79999,2025,1,Hyderabad,Individual,8,512,Snapdragon 695,90,83,50,Good,No,Moderate,Yes,Yes,Yes,No,5G,,56000
Samsung,Galaxy A54,38999,2022,4,Pune,Individual,8,128,A17 Pro,60,79,200,Good,No,,No,Yes,Yes,No,5G,,13100
Xiaomi,Redmi Note 12 Pro,25999,2026,0,Patna,Individual,16,256,Dimensity 8200,120,95,48,Poor,No,Minor,Yes,Yes,Yes,No,5G,Battery Replaced,13100
iQOO,12,52999,2024,2,Delhi,Individual,8,128,A16 Bionic,60,84,108,Fair,No,,Yes,Yes,No,No,5G,,23000
iQOO,12,52999,2023,3,Lucknow,Individual,8,128,A16 Bionic,60,77,64,Excellent,No,Moderate,Yes,No,Yes,No,5G,,23300
Google,Pixel 8,75999,2024,2,Kolkata,Individual,4,128,Tensor G2,60,92,108,Fair,No,,No,No,Yes,No,5G,,34100
Apple,iPhone 12,65999,2024,2,Mumbai,Individual,6,128,A17 Pro,120,83,200,Fair,No,Minor,Yes,Yes,Yes,No,5G,,33200
Xiaomi,Redmi Note 12 Pro,25999,2023,3,Jaipur,Individual,8,128,Snapdragon 8 Gen 3,90,86,48,Good,No,,No,Yes,Yes,No,5G,,10200
Oppo,Find X5,69999,2023,3,Lucknow,Individual,16,128,A17 Pro,90,84,48,Good,No,Moderate,Yes,No,Yes,No,5G,Battery Replaced,26700
OnePlus,12,64999,2022,4,Kolkata,Individual,8,256,Snapdragon 8 Gen 3,120,73,64,Fair,No,,No,Yes,Yes,No,5G,,17700
Nothing,Phone (1),32999,2022,4,Chennai,Dealer,12,512,A15 Bionic,120,77,108,Fair,No,,No,Yes,No,No,5G,,8900
OnePlus,11R,39999,2023,3,Pune,Individual,6,128,A15 Bionic,120,80,200,Good,Yes,,No,Yes,No,No,5G,,12100
Samsung,Galaxy A54,38999,2025,1,Kolkata,Dealer,4,128,Snapdragon 8 Gen 3,90,83,48,Excellent,No,,Yes,No,Yes,No,5G,,27500
Motorola,Edge 50 Pro,34999,2024,2,Kolkata,Individual,4,256,Dimensity 7200,90,86,200,Good,No,,Yes,No,Yes,No,5G,,17300
OnePlus,Nord 3,33999,2025,1,Pune,Dealer,6,256,A15 Bionic,60,94,200,Good,No,Moderate,Yes,Yes,No,No,5G,,21400
Nothing,Phone (2a),25999,2025,1,Jaipur,Individual,8,256,Tensor G2,120,90,200,Fair,No,Minor,No,Yes,No,No,5G,,14000
Google,Pixel 7,59999,2025,1,Delhi,Dealer,8,256,Snapdragon 7 Gen 3,60,90,108,Fair,Yes,,Yes,No,No,No,5G,,24400
Samsung,Galaxy M35,22999,2025,1,Pune,Individual,6,128,Dimensity 7200,90,83,64,Fair,No,Minor,Yes,Yes,No,No,5G,,13200
Motorola,Edge 50 Pro,34999,2022,4,Noida,Dealer,8,128,Dimensity 9200,60,77,64,Good,Yes,Moderate,Yes,Yes,Yes,No,5G,Motherboard Repair,6100
Oppo,Reno 10,32999,2022,4,Jaipur,Dealer,8,128,Dimensity 8200,120,73,50,Excellent,No,,No,No,No,No,5G,Screen Replaced,10100
Xiaomi,Redmi Note 12 Pro,25999,2024,2,Noida,Individual,8,128,Snapdragon 695,90,81,48,Good,No,Minor,Yes,Yes,No,No,5G,Screen Replaced,11500
Oppo,F25,23999,2023,3,Jaipur,Individual,12,256,Tensor G2,120,80,50,Good,No,Minor,No,Yes,Yes,No,5G,Screen Replaced,8500
Xiaomi,Poco F5,29999,2025,1,Bengaluru,Individual,6,256,Snapdragon 8 Gen 2,120,95,50,Excellent,No,Minor,No,Yes,Yes,No,5G,,19500
Xiaomi,Xiaomi 13 Pro,79999,2024,2,Pune,Individual,16,128,Tensor G2,90,80,64,Poor,No,,Yes,No,Yes,No,5G,,25400
Samsung,Galaxy S23,74999,2025,1,Hyderabad,Individual,8,128,Dimensity 8200,90,92,50,Excellent,No,Moderate,Yes,Yes,Yes,No,5G,Screen Replaced,51500
Nothing,Phone (2a),25999,2026,0,Bengaluru,Individual,8,128,Snapdragon 695,90,90,200,Good,No,,No,Yes,Yes,Yes,5G,,19700
Apple,iPhone 14,79999,2025,1,Delhi,Individual,12,128,Snapdragon 695,120,96,200,Good,No,Minor,Yes,No,No,No,5G,,55900
Motorola,G84,19999,2025,1,Hyderabad,Individual,8,64,Snapdragon 7 Gen 3,60,92,50,Good,No,Minor,Yes,Yes,No,No,5G,Motherboard Repair,8700
Samsung,Galaxy S22,62999,2022,4,Lucknow,Individual,6,128,Tensor G3,60,82,48,Excellent,No,Moderate,Yes,Yes,No,No,5G,,23200
Apple,iPhone 15,89999,2023,3,Pune,Individual,12,64,Tensor G2,120,81,48,Excellent,No,Moderate,Yes,Yes,Yes,No,5G,,46900
Vivo,V29,32999,2022,4,Patna,Individual,8,64,Snapdragon 695,120,76,108,Good,No,Minor,No,Yes,No,No,5G,,9800
Nothing,Phone (1),32999,2026,0,Bengaluru,Individual,8,128,Dimensity 8200,90,94,200,Excellent,No,Moderate,Yes,Yes,No,Yes,5G,,28100
Samsung,Galaxy S23,74999,2023,3,Jaipur,Individual,6,64,Snapdragon 8 Gen 3,120,87,48,Fair,No,,No,Yes,Yes,No,5G,,28200
OnePlus,Nord 3,33999,2024,2,Pune,Dealer,12,128,Snapdragon 7 Gen 3,120,92,200,Good,No,Moderate,No,Yes,No,No,5G,,18300
Oppo,Find X5,69999,2023,3,Patna,Individual,6,128,Tensor G2,90,80,48,Good,No,,Yes,Yes,Yes,No,5G,Battery Replaced,26500
Apple,iPhone 11,49999,2022,4,Kolkata,Individual,6,512,Dimensity 9200,120,69,108,Excellent,No,Minor,Yes,Yes,No,No,5G,,19500
Realme,11 Pro+,32999,2025,1,Delhi,Dealer,8,256,Tensor G2,90,90,200,Excellent,No,Minor,Yes,Yes,Yes,No,5G,,20700
Nothing,Phone (2),44999,2021,5,Patna,Individual,12,128,Snapdragon 8 Gen 2,120,74,108,Fair,No,Minor,No,Yes,Yes,No,4G,,10200
Apple,iPhone 12,65999,2023,3,Noida,Individual,12,64,A17 Pro,120,77,200,Fair,No,Minor,Yes,No,No,No,5G,,27400
Vivo,X90,59999,2024,2,Delhi,Individual,6,128,Snapdragon 7 Gen 3,90,82,48,Excellent,No,,Yes,Yes,No,No,5G,,28700
Apple,iPhone 11,49999,2022,4,Chennai,Individual,6,256,Tensor G3,120,74,48,Excellent,Yes,,Yes,Yes,No,No,5G,,14700
Vivo,X90,59999,2023,3,Bengaluru,Individual,6,128,A15 Bionic,60,84,108,Fair,No,Minor,Yes,No,Yes,No,5G,,20100
Realme,11 Pro+,32999,2024,2,Lucknow,Dealer,8,256,Tensor G3,120,84,64,Good,No,Minor,Yes,Yes,No,No,5G,,15000
Vivo,T3,22999,2023,3,Delhi,Individual,16,256,Snapdragon 8 Gen 3,120,80,50,Fair,No,,Yes,Yes,Yes,No,5G,,7800
Apple,iPhone 11,49999,2022,4,Delhi,Individual,6,128,A17 Pro,90,84,64,Good,No,Moderate,Yes,Yes,No,No,5G,Battery Replaced,18600
Oppo,Find X5,69999,2024,2,Delhi,Dealer,8,256,A16 Bionic,90,82,50,Excellent,No,Minor,Yes,Yes,Yes,No,5G,,35800
Nothing,Phone (2a),25999,2024,2,Pune,Dealer,8,256,Dimensity 9200,120,91,200,Excellent,Yes,,Yes,Yes,Yes,No,5G,Screen Replaced,9500
Realme,GT Neo 3,36999,2025,1,Chennai,Dealer,8,256,A16 Bionic,120,87,200,Fair,No,Moderate,No,No,Yes,No,5G,,17700
Google,Pixel 7a,43999,2024,2,Jaipur,Individual,4,128,A17 Pro,120,90,50,Good,No,Minor,Yes,No,Yes,No,5G,Screen Replaced,22200
Oppo,Find X5,69999,2023,3,Hyderabad,Individual,12,64,Tensor G3,90,92,64,Good,No,Minor,Yes,Yes,Yes,No,5G,,27900
Apple,iPhone 13,69999,2025,1,Chennai,Individual,12,256,Snapdragon 7 Gen 3,120,89,108,Excellent,No,,Yes,Yes,Yes,No,5G,,54300
Xiaomi,Redmi Note 12 Pro,25999,2022,4,Chennai,Individual,12,128,Tensor G2,120,77,108,Excellent,No,Moderate,Yes,Yes,Yes,No,5G,,8700
Samsung,Galaxy A54,38999,2024,2,Bengaluru,Individual,8,256,A15 Bionic,90,87,48,Good,No,,No,No,No,No,5G,,20200
Oppo,Reno 10,32999,2023,3,Hyderabad,Dealer,8,128,Snapdragon 8 Gen 3,60,83,108,Fair,No,Moderate,Yes,Yes,No,No,5G,,10700
OnePlus,12,64999,2024,2,Patna,Individual,8,128,Dimensity 8200,90,82,48,Excellent,No,,No,No,Yes,No,5G,,36200
Motorola,Edge 50 Pro,34999,2025,1,Pune,Individual,6,256,Snapdragon 695,120,80,48,Excellent,No,Moderate,Yes,Yes,Yes,No,5G,,22300
Samsung,Galaxy S22,62999,2024,2,Bengaluru,Individual,6,512,A16 Bionic,120,83,108,Good,Yes,Minor,No,Yes,Yes,No,5G,Battery Replaced,22400
Google,Pixel 8,75999,2024,2,Delhi,Dealer,8,128,Snapdragon 695,120,74,48,Fair,No,Minor,No,No,Yes,No,5G,,34900
Xiaomi,Xiaomi 13 Pro,79999,2021,5,Noida,Dealer,12,128,Dimensity 9200,120,73,108,Good,No,,No,No,Yes,No,4G,,18700
Samsung,Galaxy A54,38999,2024,2,Mumbai,Individual,8,64,Snapdragon 7 Gen 3,60,95,64,Fair,No,Minor,Yes,Yes,No,No,5G,,18200
Apple,iPhone 13,69999,2023,3,Patna,Individual,8,256,Snapdragon 8 Gen 2,120,80,48,Good,No,,No,Yes,Yes,No,5G,,31200
iQOO,12,52999,2024,2,Lucknow,Individual,6,256,Snapdragon 7 Gen 3,90,86,48,Good,No,,Yes,Yes,No,No,5G,,25100
iQOO,Z9,21999,2024,2,Kolkata,Individual,12,128,Snapdragon 8 Gen 3,120,82,64,Fair,No,Minor,Yes,Yes,No,No,5G,,9200
Vivo,V29,32999,2026,0,Jaipur,Individual,6,128,Snapdragon 7 Gen 3,120,100,50,Fair,No,Minor,Yes,Yes,Yes,Yes,5G,,19500
Samsung,Galaxy S21 FE,54999,2024,2,Kolkata,Individual,12,128,Dimensity 9200,60,86,50,Excellent,No,Minor,Yes,Yes,No,No,5G,,30600
Xiaomi,Redmi Note 12 Pro,25999,2023,3,Bengaluru,Dealer,16,256,Snapdragon 8 Gen 2,120,84,108,Excellent,No,Moderate,No,Yes,No,No,5G,,10500
Samsung,Galaxy A54,38999,2024,2,Hyderabad,Individual,6,64,A15 Bionic,120,71,50,Good,No,,No,Yes,No,No,5G,Screen Replaced,17700
Xiaomi,Redmi Note 12 Pro,25999,2024,2,Jaipur,Dealer,6,512,Snapdragon 8 Gen 3,120,75,200,Good,No,,Yes,No,No,No,5G,,12500
Nothing,Phone (1),32999,2025,1,Noida,Individual,16,128,Snapdragon 7 Gen 3,120,83,64,Good,No,Moderate,Yes,Yes,No,No,5G,,19300
Nothing,Phone (1),32999,2023,3,Mumbai,Dealer,8,256,Dimensity 7200,90,90,64,Good,Yes,Minor,No,Yes,Yes,No,5G,,10000
OnePlus,Nord 3,33999,2024,2,Lucknow,Individual,6,64,A17 Pro,60,88,108,Poor,No,Heavy,Yes,No,Yes,No,5G,,11400
Realme,11 Pro+,32999,2023,3,Bengaluru,Individual,8,256,Dimensity 7200,60,88,200,Good,No,Minor,No,Yes,Yes,No,5G,,12700
Motorola,Edge 50 Pro,34999,2024,2,Hyderabad,Individual,8,256,Tensor G3,120,78,48,Fair,No,Heavy,Yes,Yes,No,No,5G,,14200
Google,Pixel 7a,43999,2022,4,Delhi,Dealer,8,256,Snapdragon 8 Gen 2,60,79,64,Poor,No,,Yes,No,Yes,No,5G,,10300
Samsung,Galaxy S22,62999,2023,3,Patna,Dealer,12,256,Snapdragon 7 Gen 3,120,78,64,Good,Yes,,No,No,Yes,No,5G,,19200
iQOO,Neo 9 Pro,37999,2021,5,Noida,Individual,12,128,A16 Bionic,90,70,50,Fair,No,Minor,Yes,No,No,No,4G,Motherboard Repair,6400
Samsung,Galaxy S22,62999,2024,2,Bengaluru,Individual,6,128,A16 Bionic,60,80,48,Good,No,,No,Yes,No,No,5G,,31900
OnePlus,12,64999,2024,2,Delhi,Individual,8,128,A15 Bionic,90,80,64,Excellent,No,Minor,Yes,Yes,No,No,5G,,34600
Samsung,Galaxy S22,62999,2024,2,Pune,Dealer,8,64,Dimensity 7200,120,92,48,Excellent,No,,No,No,Yes,No,5G,Battery Replaced,36300
iQOO,Z9,21999,2023,3,Kolkata,Individual,6,128,Snapdragon 8 Gen 3,120,77,48,Good,No,Minor,Yes,Yes,Yes,No,5G,,8800
Apple,iPhone 13,69999,2024,2,Hyderabad,Individual,8,512,Tensor G3,60,75,200,Good,No,,Yes,Yes,No,No,5G,,40500
Samsung,Galaxy M35,22999,2023,3,Noida,Dealer,12,256,A16 Bionic,120,72,64,Fair,Yes,Moderate,No,Yes,No,No,5G,Battery Replaced,6100
Vivo,V29,32999,2025,1,Delhi,Individual,8,256,Snapdragon 695,90,86,200,Good,No,Minor,Yes,Yes,Yes,No,5G,Battery Replaced,18800
Realme,Narzo 70,19999,2026,0,Patna,Individual,8,128,A16 Bionic,120,100,48,Fair,No,,Yes,Yes,Yes,Yes,5G,,13000
Realme,Narzo 70,19999,2023,3,Bengaluru,Individual,8,128,Dimensity 8200,120,71,200,Fair,No,Moderate,No,Yes,No,No,5G,,6200
Motorola,Edge 50 Pro,34999,2021,5,Jaipur,Individual,8,256,Snapdragon 7 Gen 3,120,78,108,Fair,No,Minor,Yes,Yes,No,No,4G,,7900
Realme,Narzo 70,19999,2024,2,Chennai,Individual,16,128,Dimensity 9200,120,83,108,Excellent,No,Minor,Yes,Yes,Yes,No,5G,,10500
Apple,iPhone 13,69999,2022,4,Delhi,Dealer,12,512,Dimensity 7200,90,68,64,Good,No,Minor,Yes,Yes,Yes,No,5G,,25100
Realme,11 Pro+,32999,2026,0,Patna,Individual,8,128,Tensor G3,120,99,48,Good,Yes,Minor,No,Yes,Yes,No,5G,,16900
iQOO,Z9,21999,2025,1,Hyderabad,Individual,6,128,Dimensity 8200,120,88,64,Good,No,Minor,Yes,Yes,Yes,No,5G,Motherboard Repair,10300
Motorola,Edge 50 Pro,34999,2025,1,Lucknow,Dealer,12,128,Dimensity 8200,120,96,64,Good,No,Minor,Yes,Yes,No,No,5G,Screen Replaced,19800
Samsung,Galaxy A54,38999,2022,4,Hyderabad,Individual,16,128,A15 Bionic,90,79,64,Fair,No,,Yes,Yes,Yes,No,5G,,11400
Realme,Narzo 70,19999,2023,3,Hyderabad,Individual,6,256,Dimensity 9200,120,73,200,Fair,No,,No,Yes,Yes,No,5G,Screen Replaced,6300
Realme,11 Pro+,32999,2026,0,Chennai,Dealer,12,512,A17 Pro,120,92,64,Good,No,Minor,No,Yes,Yes,No,5G,,23000
Vivo,T3,22999,2025,1,Delhi,Individual,6,64,A16 Bionic,120,88,64,Good,No,,Yes,Yes,Yes,No,5G,,13100
Vivo,V29,32999,2021,5,Lucknow,Individual,4,128,Tensor G2,90,75,200,Good,No,,No,No,No,No,4G,Screen Replaced,7300
iQOO,12,52999,2023,3,Kolkata,Individual,12,512,A15 Bionic,60,79,48,Good,No,,No,No,Yes,No,5G,,21400
Google,Pixel 7a,43999,2022,4,Chennai,Individual,8,128,Snapdragon 8 Gen 2,90,80,108,Good,No,,No,Yes,Yes,No,5G,,15100
Samsung,Galaxy S22,62999,2021,5,Jaipur,Dealer,6,128,Snapdragon 8 Gen 2,60,68,64,Excellent,No,Moderate,Yes,Yes,No,No,4G,Screen Replaced,17400
iQOO,12,52999,2025,1,Lucknow,Individual,6,256,A17 Pro,120,86,48,Good,No,Minor,No,Yes,Yes,No,5G,,31500
Realme,GT Neo 3,36999,2023,3,Patna,Individual,8,256,Snapdragon 8 Gen 3,120,72,48,Excellent,No,Moderate,No,No,No,No,5G,,14100
Vivo,V29,32999,2025,1,Chennai,Individual,12,256,Dimensity 7200,60,89,108,Excellent,No,Moderate,Yes,No,No,No,5G,,20800
OnePlus,12,64999,2024,2,Chennai,Dealer,12,256,Snapdragon 7 Gen 3,120,86,108,Good,Yes,,Yes,Yes,No,No,5G,,23200
OnePlus,12,64999,2026,0,Mumbai,Dealer,8,128,Tensor G3,120,96,48,Poor,No,Moderate,Yes,Yes,No,Yes,5G,,33500
Samsung,Galaxy S21 FE,54999,2023,3,Hyderabad,Individual,16,256,Dimensity 9200,90,75,64,Fair,No,,Yes,Yes,No,No,5G,,20800
Xiaomi,Redmi Note 13 Pro,29999,2025,1,Chennai,Individual,6,256,A16 Bionic,120,89,200,Excellent,No,,Yes,Yes,No,No,5G,,19700
Oppo,F25,23999,2026,0,Bengaluru,Individual,8,256,A17 Pro,120,97,108,Good,No,Minor,No,Yes,Yes,Yes,5G,,16300
Oppo,Reno 10,32999,2025,1,Mumbai,Individual,8,512,A16 Bionic,120,95,48,Excellent,No,Minor,Yes,No,No,No,5G,Battery Replaced,20000
Motorola,Edge 40,29999,2023,3,Noida,Dealer,8,256,Dimensity 7200,90,83,200,Good,No,Heavy,Yes,Yes,No,No,5G,Screen Replaced,10900
Samsung,Galaxy A54,38999,2023,3,Lucknow,Dealer,16,256,Tensor G2,60,80,48,Good,No,Minor,Yes,Yes,Yes,No,5G,Battery Replaced,16100
Apple,iPhone 12,65999,2024,2,Kolkata,Individual,4,256,Snapdragon 7 Gen 3,60,80,200,Good,No,Minor,No,No,Yes,No,5G,,37300
iQOO,12,52999,2021,5,Kolkata,Individual,8,64,Tensor G2,120,70,48,Good,No,Heavy,No,Yes,No,No,4G,,12800
Realme,11 Pro+,32999,2022,4,Mumbai,Individual,12,256,A15 Bionic,90,68,48,Good,No,Minor,Yes,Yes,Yes,No,5G,,10100
Samsung,Galaxy S23,74999,2023,3,Pune,Dealer,8,64,A16 Bionic,60,74,200,Poor,No,Minor,Yes,Yes,Yes,No,5G,Motherboard Repair,15400
Samsung,Galaxy M35,22999,2022,4,Delhi,Individual,4,128,Snapdragon 8 Gen 2,60,72,200,Good,No,Minor,Yes,Yes,No,No,5G,,7500
Oppo,F25,23999,2025,1,Kolkata,Individual,12,128,Snapdragon 8 Gen 2,60,89,108,Poor,No,,Yes,No,Yes,No,5G,,9200
Vivo,T3,22999,2024,2,Delhi,Individual,8,512,Snapdragon 8 Gen 2,120,74,64,Good,No,Moderate,No,Yes,No,No,5G,,10200
Xiaomi,Xiaomi 13 Pro,79999,2022,4,Kolkata,Individual,8,128,A16 Bionic,120,82,108,Good,No,Minor,Yes,No,Yes,No,5G,Battery Replaced,24800
Xiaomi,Redmi Note 12 Pro,25999,2024,2,Patna,Individual,6,256,Snapdragon 8 Gen 2,90,78,108,Good,Yes,Minor,Yes,Yes,No,No,5G,Screen Replaced,7700
Oppo,Find X5,69999,2024,2,Patna,Individual,8,64,Snapdragon 8 Gen 3,120,90,108,Fair,No,Minor,No,Yes,Yes,No,5G,,28500
Apple,iPhone 12,65999,2021,5,Noida,Individual,8,256,A15 Bionic,120,78,48,Good,No,,Yes,Yes,No,No,5G,,20700
Motorola,Edge 50 Pro,34999,2021,5,Delhi,Dealer,16,128,A15 Bionic,90,70,48,Excellent,No,Moderate,Yes,Yes,Yes,No,4G,,9400
Vivo,V29,32999,2023,3,Bengaluru,Individual,12,128,Snapdragon 8 Gen 3,120,86,64,Good,No,,Yes,No,No,No,5G,,13100
Motorola,G84,19999,2025,1,Hyderabad,Individual,8,512,Tensor G2,120,95,108,Good,No,Moderate,No,Yes,Yes,No,5G,Battery Replaced,12700
Vivo,X90,59999,2025,1,Kolkata,Individual,8,256,Dimensity 9200,120,88,64,Excellent,No,Minor,Yes,Yes,Yes,No,5G,,37000
iQOO,12,52999,2025,1,Bengaluru,Individual,12,128,Dimensity 8200,120,94,108,Good,Yes,Minor,No,No,No,No,5G,Screen Replaced,21100
Nothing,Phone (1),32999,2024,2,Noida,Individual,16,256,A15 Bionic,90,86,200,Excellent,No,Moderate,Yes,Yes,No,No,5G,Battery Replaced,18200
Vivo,T3,22999,2022,4,Patna,Individual,12,256,Tensor G2,60,80,200,Good,Yes,,Yes,Yes,No,No,5G,,5000
iQOO,Neo 9 Pro,37999,2024,2,Lucknow,Individual,12,256,A16 Bionic,90,82,200,Excellent,No,,No,Yes,Yes,No,5G,,20000
Xiaomi,Redmi Note 12 Pro,25999,2026,0,Jaipur,Dealer,8,512,Dimensity 7200,90,93,48,Excellent,No,Moderate,Yes,Yes,No,No,5G,,20100
Apple,iPhone 14,79999,2024,2,Kolkata,Individual,8,128,Dimensity 9200,90,82,200,Good,No,,No,No,No,No,5G,Battery Replaced,44000
Realme,GT Neo 3,36999,2022,4,Bengaluru,Individual,12,128,A16 Bionic,120,67,108,Good,No,Moderate,Yes,No,No,No,5G,,10800
Xiaomi,Poco F5,29999,2025,1,Delhi,Individual,16,256,A15 Bionic,90,90,64,Fair,Yes,Moderate,No,Yes,No,No,5G,,11100
Apple,iPhone 11,49999,2025,1,Pune,Dealer,12,512,Snapdragon 8 Gen 3,90,91,200,Good,No,Minor,Yes,No,No,No,5G,Screen Replaced,31500
OnePlus,12,64999,2023,3,Noida,Individual,4,64,A17 Pro,120,70,48,Good,No,Moderate,Yes,No,Yes,No,5G,,26000
Samsung,Galaxy S22,62999,2023,3,Patna,Individual,16,128,Tensor G2,90,85,108,Good,No,Minor,Yes,No,Yes,No,5G,,25700
Xiaomi,Xiaomi 13 Pro,79999,2024,2,Patna,Individual,6,256,A15 Bionic,60,85,48,Good,No,Moderate,Yes,Yes,No,No,5G,,38100
Oppo,Reno 10,32999,2026,0,Pune,Individual,12,128,Dimensity 8200,120,94,48,Good,No,Moderate,Yes,Yes,Yes,No,5G,,22100
Samsung,Galaxy M35,22999,2021,5,Hyderabad,Individual,8,128,Dimensity 7200,120,81,48,Fair,No,Minor,Yes,Yes,No,No,4G,,5800
Google,Pixel 7a,43999,2025,1,Jaipur,Individual,4,512,Tensor G3,120,86,64,Good,No,,No,No,No,No,5G,,28600
OnePlus,9 Pro,64999,2024,2,Jaipur,Individual,4,128,Snapdragon 8 Gen 2,120,85,64,Good,No,Minor,No,Yes,Yes,No,5G,,32900
Nothing,Phone (1),32999,2023,3,Noida,Individual,6,256,A16 Bionic,120,76,64,Good,No,,Yes,No,No,No,5G,,13800
Nothing,Phone (2),44999,2023,3,Pune,Individual,16,128,Snapdragon 695,120,73,50,Excellent,No,Minor,Yes,Yes,No,No,5G,,19900
Apple,iPhone 14,79999,2025,1,Kolkata,Individual,12,128,A17 Pro,90,88,64,Poor,No,Minor,Yes,Yes,No,No,5G,,38500
iQOO,Neo 9 Pro,37999,2022,4,Patna,Dealer,6,256,A15 Bionic,60,75,64,Good,No,,Yes,No,Yes,No,5G,Screen Replaced,10600
Samsung,Galaxy S23,74999,2022,4,Bengaluru,Individual,8,128,Snapdragon 7 Gen 3,90,68,48,Good,No,,No,Yes,Yes,No,5G,,25400
Motorola,Edge 40,29999,2025,1,Mumbai,Individual,4,128,Dimensity 8200,120,87,50,Excellent,Yes,Minor,Yes,Yes,Yes,No,5G,,14200
Google,Pixel 7a,43999,2021,5,Pune,Individual,8,512,A16 Bionic,120,60,48,Fair,No,Minor,Yes,Yes,No,No,4G,,10400
Vivo,X90,59999,2021,5,Hyderabad,Individual,6,256,A16 Bionic,90,66,48,Excellent,No,Moderate,No,Yes,No,No,4G,,15900
Apple,iPhone 13,69999,2026,0,Bengaluru,Individual,8,256,Snapdragon 695,120,99,50,Excellent,No,,No,Yes,No,Yes,5G,,63900
iQOO,Neo 9 Pro,37999,2023,3,Patna,Individual,4,256,Tensor G3,120,88,200,Good,No,Moderate,Yes,No,Yes,No,5G,,15500
Apple,iPhone 13,69999,2022,4,Hyderabad,Individual,8,512,Snapdragon 8 Gen 2,90,71,64,Fair,No,Minor,No,No,Yes,No,5G,,23200
Apple,iPhone 12,65999,2024,2,Bengaluru,Individual,8,128,Dimensity 8200,60,82,108,Excellent,No,,No,Yes,Yes,No,5G,,39200
Samsung,Galaxy S22,62999,2025,1,Mumbai,Dealer,12,512,Dimensity 7200,60,88,108,Good,No,Minor,No,Yes,Yes,No,5G,,38300
Google,Pixel 7a,43999,2023,3,Kolkata,Individual,8,128,Dimensity 8200,120,91,108,Good,No,Heavy,No,Yes,Yes,No,5G,,20500
Samsung,Galaxy S23,74999,2025,1,Bengaluru,Individual,12,128,Tensor G2,120,94,50,Good,No,Moderate,No,Yes,Yes,No,5G,,45900
Samsung,Galaxy S22,62999,2023,3,Kolkata,Individual,6,128,Snapdragon 7 Gen 3,60,90,108,Good,No,Heavy,Yes,No,Yes,No,5G,,28500
OnePlus,11R,39999,2024,2,Patna,Dealer,4,256,Snapdragon 8 Gen 3,90,89,64,Fair,No,Minor,Yes,Yes,No,No,5G,,17100
Vivo,V29,32999,2022,4,Hyderabad,Individual,6,256,Tensor G2,120,71,200,Excellent,No,Minor,Yes,Yes,No,No,5G,,11100
Nothing,Phone (1),32999,2024,2,Jaipur,Individual,8,128,Dimensity 8200,120,77,64,Good,No,,No,Yes,No,No,5G,Screen Replaced,15600
Samsung,Galaxy A54,38999,2023,3,Noida,Dealer,12,256,Dimensity 9200,120,81,200,Good,No,Minor,Yes,Yes,Yes,No,5G,,16400
Apple,iPhone 11,49999,2022,4,Kolkata,Individual,8,128,Tensor G2,120,76,64,Fair,No,Minor,No,Yes,Yes,No,5G,,16100
Nothing,Phone (2a),25999,2023,3,Delhi,Individual,12,128,A17 Pro,120,79,48,Fair,No,Minor,No,No,No,No,5G,,9500
Google,Pixel 8,75999,2025,1,Patna,Individual,8,128,Snapdragon 8 Gen 2,90,91,200,Excellent,No,Moderate,Yes,No,No,No,5G,,54400
iQOO,Neo 9 Pro,37999,2022,4,Mumbai,Individual,6,256,Dimensity 9200,60,72,200,Good,No,,Yes,Yes,Yes,No,5G,,12200
Vivo,X90,59999,2022,4,Bengaluru,Individual,16,256,Dimensity 9200,90,74,108,Fair,No,,Yes,Yes,Yes,No,5G,,15000
iQOO,12,52999,2023,3,Delhi,Individual,4,256,Dimensity 9200,120,77,200,Good,No,Moderate,No,No,Yes,No,5G,,20600
Samsung,Galaxy M35,22999,2022,4,Hyderabad,Dealer,12,512,Dimensity 9200,60,75,48,Excellent,No,Minor,Yes,Yes,No,No,5G,Battery Replaced,8200
Samsung,Galaxy A54,38999,2024,2,Pune,Individual,4,128,Dimensity 7200,120,84,108,Good,Yes,Moderate,Yes,Yes,Yes,No,5G,,15000
Samsung,Galaxy S23,74999,2025,1,Mumbai,Individual,8,128,Tensor G3,90,89,48,Good,No,,Yes,Yes,Yes,No,5G,Battery Replaced,46200
Oppo,Find X5,69999,2021,5,Kolkata,Individual,8,128,Tensor G2,120,73,48,Good,No,Minor,Yes,Yes,Yes,No,4G,,16900
OnePlus,12,64999,2023,3,Delhi,Individual,8,128,A15 Bionic,120,71,64,Poor,No,,Yes,Yes,No,No,5G,,17000
Samsung,Galaxy S23,74999,2021,5,Lucknow,Individual,8,256,A15 Bionic,90,60,200,Fair,Yes,Minor,No,Yes,No,No,4G,,12700
Oppo,F25,23999,2024,2,Hyderabad,Individual,6,512,Tensor G3,120,87,50,Fair,No,,Yes,Yes,Yes,No,5G,,9800
Oppo,Find X5,69999,2024,2,Jaipur,Individual,16,256,Dimensity 7200,90,80,200,Fair,Yes,Minor,Yes,Yes,No,No,5G,,20200
Samsung,Galaxy S23,74999,2021,5,Pune,Individual,8,256,Tensor G3,120,69,64,Excellent,No,Minor,Yes,Yes,Yes,No,5G,,21600
Apple,iPhone 13,69999,2021,5,Kolkata,Dealer,4,128,A16 Bionic,90,72,108,Good,No,Minor,No,Yes,No,No,4G,,20600
iQOO,Neo 9 Pro,37999,2023,3,Jaipur,Individual,8,128,Snapdragon 695,120,83,50,Excellent,No,Moderate,No,Yes,Yes,No,5G,,16900
Samsung,Galaxy S21 FE,54999,2025,1,Patna,Dealer,6,128,A15 Bionic,60,96,48,Good,No,Moderate,Yes,Yes,Yes,No,5G,Motherboard Repair,27100
Realme,Narzo 70,19999,2023,3,Mumbai,Individual,6,512,Dimensity 9200,90,86,200,Excellent,No,Moderate,Yes,Yes,No,No,5G,Battery Replaced,8300
Apple,iPhone 11,49999,2022,4,Delhi,Individual,12,128,A16 Bionic,120,71,50,Good,Yes,,Yes,Yes,No,No,5G,,12700
Realme,Narzo 70,19999,2024,2,Chennai,Individual,6,256,A17 Pro,120,90,64,Good,No,Minor,Yes,Yes,No,No,5G,,9500
OnePlus,11R,39999,2023,3,Jaipur,Individual,8,128,Snapdragon 8 Gen 2,120,78,48,Good,No,Moderate,Yes,Yes,Yes,No,5G,,17200
Google,Pixel 7a,43999,2022,4,Patna,Individual,12,256,Snapdragon 8 Gen 3,60,70,48,Good,No,Heavy,No,Yes,Yes,No,5G,,14800
Oppo,Reno 10,32999,2022,4,Noida,Dealer,6,256,A15 Bionic,120,74,50,Good,No,,Yes,Yes,Yes,No,5G,Screen Replaced,9100
OnePlus,Nord 3,33999,2026,0,Kolkata,Dealer,8,256,Dimensity 8200,60,83,64,Excellent,No,Moderate,No,Yes,No,Yes,5G,,28100
Google,Pixel 7,59999,2024,2,Hyderabad,Individual,8,256,Dimensity 9200,120,82,200,Good,No,,No,Yes,Yes,No,5G,,32300
Samsung,Galaxy S23,74999,2022,4,Pune,Dealer,4,256,A15 Bionic,120,83,64,Fair,No,,No,Yes,Yes,No,5G,Motherboard Repair,17000
Oppo,Find X5,69999,2026,0,Delhi,Individual,6,128,Tensor G3,120,95,200,Good,No,,No,Yes,No,Yes,5G,Battery Replaced,50000
OnePlus,Nord 3,33999,2021,5,Pune,Dealer,4,256,A17 Pro,120,60,50,Excellent,No,Heavy,No,Yes,No,No,4G,,9700
Apple,iPhone 12,65999,2024,2,Hyderabad,Individual,6,128,Dimensity 7200,90,84,200,Good,No,Minor,Yes,Yes,Yes,No,5G,,37200
OnePlus,12,64999,2025,1,Jaipur,Individual,6,64,A16 Bionic,120,85,108,Poor,No,Minor,Yes,Yes,Yes,No,5G,,26200
Realme,Narzo 70,19999,2022,4,Pune,Individual,8,256,Tensor G2,120,75,48,Good,No,Moderate,Yes,Yes,Yes,No,5G,Battery Replaced,6000
Vivo,T3,22999,2025,1,Mumbai,Individual,4,128,A15 Bionic,120,89,200,Good,Yes,Moderate,No,Yes,Yes,No,5G,,9200
Samsung,Galaxy S22,62999,2025,1,Lucknow,Individual,12,128,Snapdragon 8 Gen 3,120,90,108,Excellent,No,Minor,No,No,Yes,No,5G,,42400
Samsung,Galaxy S21 FE,54999,2023,3,Mumbai,Individual,8,256,A15 Bionic,90,75,108,Good,No,,Yes,Yes,No,No,5G,,23400
Nothing,Phone (1),32999,2024,2,Mumbai,Individual,12,512,Tensor G2,120,82,48,Excellent,No,,No,No,No,No,5G,,18100
Apple,iPhone 12,65999,2022,4,Jaipur,Individual,6,256,Tensor G2,120,79,64,Excellent,No,Minor,No,Yes,Yes,No,5G,,27000
Xiaomi,Poco F5,29999,2021,5,Noida,Individual,4,256,Snapdragon 8 Gen 2,120,66,108,Good,No,Minor,No,No,Yes,No,4G,,7000
Realme,Narzo 70,19999,2024,2,Bengaluru,Individual,8,128,Dimensity 7200,120,87,64,Excellent,No,,Yes,Yes,Yes,No,5G,,10000
Samsung,Galaxy M35,22999,2022,4,Bengaluru,Individual,12,128,Snapdragon 695,60,67,200,Good,No,Minor,No,Yes,No,No,5G,,7300
Samsung,Galaxy S22,62999,2025,1,Lucknow,Dealer,6,256,Snapdragon 8 Gen 3,90,92,108,Excellent,No,Moderate,Yes,Yes,Yes,No,5G,,43100
Apple,iPhone 15,89999,2026,0,Jaipur,Individual,6,128,Snapdragon 8 Gen 2,120,90,108,Good,No,Minor,Yes,Yes,No,Yes,5G,,73000
iQOO,12,52999,2024,2,Delhi,Individual,8,256,A15 Bionic,90,74,200,Good,No,Minor,Yes,Yes,Yes,No,5G,,24200
OnePlus,9 Pro,64999,2025,1,Jaipur,Individual,8,256,Snapdragon 8 Gen 3,120,85,50,Good,No,Moderate,Yes,No,No,No,5G,,41000
OnePlus,Nord 3,33999,2022,4,Jaipur,Dealer,8,128,A17 Pro,120,69,64,Fair,No,,No,Yes,Yes,No,5G,,9600
Samsung,Galaxy S23,74999,2023,3,Lucknow,Individual,12,128,Snapdragon 8 Gen 3,120,86,200,Good,No,Minor,Yes,Yes,Yes,No,5G,,31600
Nothing,Phone (1),32999,2024,2,Bengaluru,Individual,12,256,Dimensity 8200,120,81,64,Excellent,No,Moderate,No,Yes,Yes,No,5G,Motherboard Repair,13800
Xiaomi,Redmi Note 12 Pro,25999,2025,1,Hyderabad,Individual,6,256,Dimensity 8200,120,92,108,Excellent,No,Minor,Yes,Yes,No,No,5G,,15800
OnePlus,Nord 3,33999,2022,4,Delhi,Individual,16,256,Snapdragon 695,90,84,200,Fair,No,,Yes,Yes,Yes,No,5G,Screen Replaced,8900
Apple,iPhone 11,49999,2023,3,Patna,Individual,12,64,Snapdragon 7 Gen 3,120,87,108,Good,No,,No,Yes,Yes,No,5G,,22800
Xiaomi,Poco F5,29999,2023,3,Bengaluru,Individual,8,512,Dimensity 9200,120,83,200,Fair,No,,No,Yes,No,No,5G,,9700
Google,Pixel 7,59999,2023,3,Noida,Individual,12,512,Dimensity 8200,90,82,50,Fair,No,,Yes,Yes,No,No,5G,,23100
Motorola,G84,19999,2024,2,Kolkata,Individual,8,256,Snapdragon 8 Gen 2,90,89,108,Good,No,,Yes,Yes,Yes,No,5G,,10500
Vivo,T3,22999,2024,2,Bengaluru,Individual,8,512,Dimensity 7200,120,86,200,Good,No,,Yes,Yes,No,No,5G,,10200
Google,Pixel 8,75999,2024,2,Hyderabad,Dealer,16,512,Dimensity 9200,120,78,200,Excellent,No,Minor,No,No,No,No,5G,,41700
Apple,iPhone 11,49999,2023,3,Bengaluru,Individual,6,256,Dimensity 9200,120,80,108,Excellent,No,Moderate,Yes,Yes,No,No,5G,,26100
Google,Pixel 8,75999,2023,3,Kolkata,Individual,8,256,Dimensity 9200,120,74,48,Good,No,Minor,Yes,Yes,Yes,No,5G,,34400
Samsung,Galaxy S21 FE,54999,2024,2,Hyderabad,Individual,12,256,Tensor G3,90,83,64,Poor,Yes,,Yes,Yes,No,No,5G,,13600
Xiaomi,Poco F5,29999,2021,5,Hyderabad,Dealer,16,128,A16 Bionic,120,81,48,Good,No,Moderate,Yes,Yes,No,No,5G,Screen Replaced,6800
Oppo,Reno 10,32999,2024,2,Lucknow,Individual,4,512,Snapdragon 7 Gen 3,90,89,50,Good,No,Moderate,Yes,Yes,No,No,5G,,15100
OnePlus,11R,39999,2024,2,Bengaluru,Dealer,4,128,A15 Bionic,120,82,64,Fair,No,Moderate,Yes,Yes,Yes,No,5G,,17400
Samsung,Galaxy S23,74999,2025,1,Bengaluru,Individual,8,256,A15 Bionic,90,85,50,Poor,No,,Yes,Yes,Yes,No,5G,,31500
iQOO,Z9,21999,2022,4,Hyderabad,Individual,6,512,Snapdragon 8 Gen 3,120,71,50,Good,No,,No,Yes,Yes,No,5G,Screen Replaced,6300
Apple,iPhone 12,65999,2025,1,Bengaluru,Dealer,8,128,Dimensity 8200,90,86,50,Good,No,,Yes,No,Yes,No,5G,,47500
Oppo,Reno 10,32999,2023,3,Bengaluru,Dealer,6,128,Snapdragon 7 Gen 3,120,73,200,Fair,No,,Yes,No,Yes,No,5G,,10800
Apple,iPhone 11,49999,2023,3,Noida,Dealer,16,64,A16 Bionic,120,83,64,Excellent,No,Minor,Yes,Yes,Yes,No,5G,,26800
Oppo,F25,23999,2024,2,Bengaluru,Individual,4,256,Snapdragon 695,90,86,64,Good,No,Minor,No,Yes,Yes,No,5G,,11000
Xiaomi,Poco F5,29999,2022,4,Hyderabad,Individual,6,256,Snapdragon 695,90,76,200,Good,No,Moderate,Yes,Yes,No,No,5G,,9300
Xiaomi,Poco F5,29999,2024,2,Jaipur,Dealer,8,256,Snapdragon 695,60,88,50,Excellent,No,Minor,Yes,Yes,Yes,No,5G,,15600
iQOO,Z9,21999,2026,0,Chennai,Dealer,12,64,Dimensity 7200,120,91,108,Good,No,Minor,Yes,No,Yes,Yes,5G,Screen Replaced,14200
Xiaomi,Xiaomi 13 Pro,79999,2022,4,Lucknow,Dealer,8,256,Snapdragon 8 Gen 2,120,79,50,Good,No,,No,Yes,Yes,No,5G,Battery Replaced,25700
Realme,11 Pro+,32999,2023,3,Hyderabad,Dealer,16,128,Dimensity 8200,90,79,200,Poor,No,,Yes,Yes,No,No,5G,,8100
OnePlus,Nord 3,33999,2023,3,Mumbai,Individual,8,64,A16 Bionic,90,71,50,Good,No,Moderate,No,Yes,Yes,No,5G,,14100
Vivo,X90,59999,2025,1,Mumbai,Individual,4,64,Snapdragon 8 Gen 3,120,80,48,Good,No,,Yes,No,Yes,No,5G,Battery Replaced,32900
Google,Pixel 8,75999,2024,2,Delhi,Individual,6,128,Dimensity 8200,120,93,200,Excellent,No,,No,Yes,Yes,No,5G,Screen Replaced,41800
OnePlus,11R,39999,2022,4,Hyderabad,Individual,6,64,Snapdragon 695,120,81,200,Good,No,Moderate,No,No,No,No,5G,,13400
Apple,iPhone 11,49999,2023,3,Bengaluru,Individual,8,256,Dimensity 9200,60,73,200,Fair,No,Moderate,No,Yes,No,No,5G,Battery Replaced,19500
Samsung,Galaxy S21 FE,54999,2026,0,Kolkata,Individual,8,512,Dimensity 8200,120,97,200,Excellent,No,Minor,No,Yes,Yes,Yes,5G,,44800
OnePlus,11R,39999,2024,2,Mumbai,Individual,8,64,A16 Bionic,120,78,50,Poor,No,Minor,No,Yes,No,No,5G,,13400
Motorola,Edge 50 Pro,34999,2023,3,Noida,Individual,8,256,Dimensity 7200,90,80,48,Fair,No,,No,Yes,Yes,No,5G,,12500
OnePlus,11R,39999,2024,2,Bengaluru,Individual,8,128,Snapdragon 8 Gen 2,120,89,50,Excellent,No,Moderate,No,Yes,Yes,No,5G,,21600
Nothing,Phone (1),32999,2023,3,Kolkata,Individual,12,256,Dimensity 9200,120,79,64,Fair,No,Minor,No,Yes,Yes,No,5G,Battery Replaced,11500
Samsung,Galaxy S23,74999,2024,2,Mumbai,Dealer,6,256,Snapdragon 8 Gen 3,120,75,64,Poor,Yes,,No,Yes,Yes,No,5G,,18800
Xiaomi,Redmi Note 13 Pro,29999,2022,4,Patna,Individual,6,256,A17 Pro,120,75,108,Good,No,Minor,Yes,Yes,No,No,5G,,8800
Realme,11 Pro+,32999,2021,5,Noida,Individual,12,128,Tensor G3,120,80,64,Fair,No,Minor,No,Yes,Yes,No,4G,,7000
Vivo,V29,32999,2022,4,Mumbai,Dealer,12,128,Snapdragon 695,90,73,48,Good,No,Minor,Yes,Yes,Yes,No,5G,,10400
OnePlus,9 Pro,64999,2022,4,Chennai,Individual,6,512,Tensor G3,120,74,48,Fair,No,Minor,Yes,No,Yes,No,5G,,18300
Vivo,T3,22999,2023,3,Kolkata,Individual,12,256,A15 Bionic,120,82,108,Poor,No,,Yes,No,Yes,No,5G,Battery Replaced,5800
Samsung,Galaxy M35,22999,2024,2,Patna,Dealer,4,512,Snapdragon 695,60,85,200,Excellent,No,,Yes,Yes,Yes,No,5G,,13200
Realme,Narzo 70,19999,2025,1,Patna,Individual,4,256,Tensor G2,90,89,48,Excellent,No,Moderate,Yes,Yes,Yes,No,5G,Screen Replaced,11800
Apple,iPhone 15,89999,2023,3,Jaipur,Individual,4,128,A16 Bionic,90,77,200,Excellent,No,,No,Yes,Yes,No,5G,,46300
Google,Pixel 7a,43999,2022,4,Jaipur,Individual,12,128,Snapdragon 7 Gen 3,120,80,108,Fair,No,Minor,Yes,Yes,Yes,No,5G,,13300
Samsung,Galaxy M35,22999,2022,4,Bengaluru,Individual,12,256,Tensor G3,120,80,50,Fair,No,,No,No,Yes,No,5G,,6600
Motorola,Edge 50 Pro,34999,2022,4,Chennai,Individual,12,128,A16 Bionic,90,70,64,Poor,No,Minor,No,No,No,No,5G,,7300
Vivo,X90,59999,2026,0,Chennai,Dealer,8,128,A15 Bionic,120,94,64,Excellent,No,Minor,Yes,Yes,Yes,Yes,5G,,43900
Apple,iPhone 12,65999,2021,5,Lucknow,Individual,4,256,Tensor G2,120,72,50,Fair,No,,No,No,No,No,5G,,17200
Google,Pixel 8,75999,2023,3,Chennai,Dealer,8,256,A16 Bionic,90,72,200,Poor,No,,Yes,Yes,No,No,5G,,21800
iQOO,Z9,21999,2023,3,Bengaluru,Individual,4,128,Dimensity 8200,90,78,50,Good,Yes,Minor,Yes,Yes,Yes,No,5G,,6100
OnePlus,9 Pro,64999,2022,4,Mumbai,Individual,16,256,A17 Pro,120,81,64,Poor,No,Moderate,No,Yes,Yes,No,5G,Battery Replaced,14700
Realme,GT Neo 3,36999,2022,4,Pune,Individual,6,128,Dimensity 7200,60,68,64,Fair,No,Moderate,Yes,Yes,No,No,5G,,9400
Samsung,Galaxy S21 FE,54999,2023,3,Mumbai,Individual,16,128,Dimensity 9200,120,81,64,Fair,No,,Yes,Yes,No,No,5G,Battery Replaced,21100
Apple,iPhone 13,69999,2021,5,Patna,Dealer,12,256,Dimensity 8200,90,71,48,Fair,No,Minor,No,Yes,No,No,4G,,17500
OnePlus,Nord 3,33999,2021,5,Patna,Individual,8,128,Snapdragon 7 Gen 3,120,71,108,Good,No,Minor,No,No,Yes,No,4G,,8500
Realme,GT Neo 3,36999,2024,2,Noida,Individual,8,256,Dimensity 8200,120,89,48,Excellent,No,,Yes,Yes,No,No,5G,Battery Replaced,19300
Apple,iPhone 12,65999,2023,3,Hyderabad,Individual,8,256,Snapdragon 7 Gen 3,120,74,200,Fair,Yes,Minor,Yes,Yes,Yes,No,5G,,18600
Apple,iPhone 12,65999,2023,3,Kolkata,Individual,8,128,Snapdragon 695,120,82,108,Excellent,No,Moderate,No,No,Yes,No,5G,,32300
iQOO,Z9,21999,2026,0,Jaipur,Individual,16,128,A15 Bionic,60,89,64,Good,No,Minor,Yes,Yes,No,Yes,5G,Battery Replaced,15000
Google,Pixel 8,75999,2022,4,Kolkata,Individual,12,128,Snapdragon 8 Gen 2,60,73,200,Good,No,Minor,Yes,No,Yes,No,5G,,26800
Samsung,Galaxy S22,62999,2025,1,Noida,Individual,8,128,A16 Bionic,90,86,64,Good,No,Minor,Yes,Yes,No,No,5G,,40700
Xiaomi,Xiaomi 13 Pro,79999,2024,2,Bengaluru,Individual,8,512,Tensor G3,60,77,50,Good,No,,No,Yes,Yes,No,5G,,37000
Xiaomi,Xiaomi 13 Pro,79999,2023,3,Lucknow,Individual,8,256,Snapdragon 695,90,84,64,Good,No,Moderate,Yes,Yes,No,No,5G,,31300
iQOO,Z9,21999,2021,5,Pune,Individual,12,256,Snapdragon 7 Gen 3,120,75,108,Fair,No,,Yes,Yes,No,No,4G,Battery Replaced,5000
Vivo,T3,22999,2024,2,Delhi,Individual,8,128,A17 Pro,120,89,108,Good,No,Moderate,No,No,No,No,5G,Screen Replaced,9800
Nothing,Phone (2),44999,2022,4,Pune,Individual,8,128,Snapdragon 8 Gen 3,120,71,64,Fair,No,Minor,Yes,Yes,Yes,No,5G,,12400
Xiaomi,Xiaomi 13 Pro,79999,2021,5,Noida,Individual,6,512,A16 Bionic,120,75,200,Excellent,No,Minor,Yes,No,No,No,5G,Motherboard Repair,16700
Google,Pixel 8,75999,2023,3,Bengaluru,Individual,4,512,Tensor G2,120,82,200,Good,No,Minor,Yes,Yes,Yes,No,5G,,32000
Vivo,X90,59999,2023,3,Mumbai,Individual,8,256,Dimensity 9200,120,83,48,Fair,No,Minor,Yes,No,No,No,5G,,19400
Google,Pixel 8,75999,2024,2,Hyderabad,Individual,16,512,Tensor G2,60,82,64,Poor,No,,No,Yes,Yes,No,5G,,26000
iQOO,12,52999,2023,3,Pune,Individual,6,256,Dimensity 7200,90,77,48,Excellent,No,Moderate,No,Yes,No,No,5G,,21600
Vivo,T3,22999,2024,2,Hyderabad,Dealer,8,128,Dimensity 7200,90,84,48,Fair,No,Minor,No,No,Yes,No,5G,,9300
OnePlus,11R,39999,2025,1,Kolkata,Individual,6,128,Tensor G3,120,84,48,Excellent,No,Moderate,Yes,Yes,No,No,5G,,26500
Apple,iPhone 12,65999,2024,2,Noida,Individual,16,512,Dimensity 8200,90,91,108,Good,Yes,,No,Yes,No,No,5G,,27700
Oppo,Reno 10,32999,2023,3,Noida,Individual,8,256,Snapdragon 8 Gen 3,90,77,48,Good,No,,Yes,Yes,Yes,No,5G,Screen Replaced,12000
Xiaomi,Redmi Note 13 Pro,29999,2024,2,Chennai,Individual,16,128,Snapdragon 7 Gen 3,120,83,50,Fair,No,,Yes,Yes,Yes,No,5G,,13000
iQOO,Z9,21999,2023,3,Jaipur,Individual,6,256,Dimensity 9200,90,76,50,Excellent,No,,No,Yes,Yes,No,5G,,9400
Samsung,Galaxy S23,74999,2025,1,Noida,Individual,4,512,Tensor G2,120,97,108,Good,No,Moderate,No,Yes,No,No,5G,Motherboard Repair,36000
Realme,GT Neo 3,36999,2025,1,Chennai,Individual,6,128,Snapdragon 8 Gen 2,90,84,64,Good,No,,Yes,Yes,No,No,5G,,21500
Nothing,Phone (2),44999,2026,0,Delhi,Individual,12,128,Dimensity 8200,90,92,64,Poor,No,Minor,No,Yes,No,No,5G,,21800
Nothing,Phone (2),44999,2024,2,Jaipur,Individual,8,64,A17 Pro,120,81,64,Good,No,,Yes,Yes,No,No,5G,Motherboard Repair,17400
Apple,iPhone 14,79999,2024,2,Mumbai,Individual,8,256,Tensor G2,60,92,200,Good,No,,No,Yes,Yes,No,5G,Screen Replaced,43500
Xiaomi,Xiaomi 13 Pro,79999,2022,4,Noida,Individual,6,128,Dimensity 7200,120,80,64,Poor,No,Moderate,No,No,No,No,5G,,15600
iQOO,12,52999,2024,2,Delhi,Dealer,12,256,Dimensity 7200,120,81,48,Excellent,No,Minor,No,No,No,No,5G,,26600
OnePlus,11R,39999,2025,1,Delhi,Dealer,6,128,Snapdragon 695,120,92,200,Poor,No,Moderate,Yes,Yes,Yes,No,5G,,17300
Xiaomi,Redmi Note 12 Pro,25999,2026,0,Jaipur,Individual,4,256,Snapdragon 8 Gen 2,90,94,48,Excellent,No,Minor,Yes,Yes,No,No,5G,,19400
Realme,GT Neo 3,36999,2023,3,Lucknow,Individual,8,128,Snapdragon 8 Gen 3,120,73,200,Excellent,No,Minor,No,Yes,No,No,5G,,14900
Oppo,Find X5,69999,2025,1,Hyderabad,Individual,12,256,A17 Pro,90,85,48,Good,No,Moderate,Yes,Yes,Yes,No,5G,Motherboard Repair,30000
Realme,Narzo 70,19999,2024,2,Jaipur,Individual,8,256,Tensor G2,120,83,48,Fair,No,,No,Yes,Yes,No,5G,,7800
OnePlus,11R,39999,2024,2,Pune,Individual,8,128,A17 Pro,90,75,48,Excellent,No,,Yes,No,Yes,No,5G,Motherboard Repair,16600
Oppo,Reno 10,32999,2025,1,Kolkata,Individual,8,512,Snapdragon 7 Gen 3,90,82,108,Good,No,Moderate,Yes,Yes,Yes,No,5G,,18900
Xiaomi,Redmi Note 13 Pro,29999,2026,0,Patna,Individual,16,256,A15 Bionic,90,96,50,Good,No,Minor,Yes,Yes,Yes,No,5G,,22100
Samsung,Galaxy S23,74999,2024,2,Pune,Dealer,8,512,Snapdragon 8 Gen 2,90,89,50,Excellent,No,Minor,No,No,Yes,No,5G,,40600
Oppo,F25,23999,2024,2,Pune,Individual,8,512,Tensor G2,120,79,48,Good,No,Heavy,Yes,Yes,Yes,No,5G,,11600
Vivo,X90,59999,2025,1,Chennai,Individual,8,128,Tensor G2,120,90,50,Excellent,No,Minor,Yes,Yes,Yes,No,5G,,36200
Samsung,Galaxy M35,22999,2022,4,Patna,Individual,8,256,Tensor G2,120,81,50,Fair,No,,Yes,Yes,No,No,5G,,6500
Realme,GT Neo 3,36999,2023,3,Hyderabad,Individual,6,128,Snapdragon 8 Gen 3,90,86,50,Good,No,,Yes,No,No,No,5G,Screen Replaced,12900
iQOO,Z9,21999,2025,1,Noida,Individual,4,256,Tensor G3,90,95,50,Good,No,Minor,No,Yes,No,No,5G,,13300
Samsung,Galaxy A54,38999,2024,2,Delhi,Individual,12,256,Snapdragon 695,120,74,64,Excellent,No,Minor,Yes,No,Yes,No,5G,,20600
OnePlus,11R,39999,2022,4,Bengaluru,Dealer,4,128,Snapdragon 8 Gen 2,120,72,64,Fair,No,Moderate,No,Yes,No,No,5G,,10900
Xiaomi,Xiaomi 13 Pro,79999,2026,0,Patna,Individual,8,512,Tensor G2,90,98,50,Poor,No,Moderate,Yes,Yes,Yes,Yes,5G,,38300
Xiaomi,Poco F5,29999,2022,4,Pune,Individual,8,256,A17 Pro,60,89,64,Good,No,Moderate,Yes,Yes,Yes,No,5G,,10000
Motorola,Edge 50 Pro,34999,2024,2,Kolkata,Individual,8,128,A16 Bionic,90,79,50,Fair,No,,Yes,Yes,Yes,No,5G,,14600
Motorola,G84,19999,2024,2,Noida,Dealer,6,128,Tensor G3,90,86,64,Good,No,Heavy,No,Yes,No,No,5G,,10100
Apple,iPhone 11,49999,2024,2,Lucknow,Individual,6,256,A15 Bionic,120,90,48,Excellent,No,,Yes,Yes,Yes,No,5G,,33100
Apple,iPhone 11,49999,2024,2,Delhi,Individual,16,256,A15 Bionic,120,88,50,Good,No,,No,Yes,Yes,No,5G,Screen Replaced,27100
Samsung,Galaxy A54,38999,2023,3,Chennai,Dealer,6,64,Tensor G2,120,76,50,Excellent,No,,No,Yes,Yes,No,5G,,18400
Nothing,Phone (2a),25999,2021,5,Jaipur,Individual,12,256,Snapdragon 695,60,72,48,Excellent,No,Minor,No,No,No,No,4G,Screen Replaced,6500
Samsung,Galaxy S21 FE,54999,2024,2,Patna,Individual,8,128,A17 Pro,120,80,64,Good,No,Minor,Yes,No,No,No,5G,,29100
Samsung,Galaxy M35,22999,2022,4,Bengaluru,Individual,8,256,Dimensity 7200,60,73,200,Excellent,Yes,Moderate,Yes,Yes,Yes,No,5G,,5800
Nothing,Phone (2a),25999,2023,3,Jaipur,Individual,12,256,A15 Bionic,120,77,48,Good,No,,No,Yes,Yes,No,5G,Battery Replaced,10600
Samsung,Galaxy S23,74999,2021,5,Bengaluru,Individual,8,512,A15 Bionic,120,67,48,Good,No,Minor,No,Yes,Yes,No,4G,,19500
Apple,iPhone 15,89999,2024,2,Delhi,Individual,8,128,A16 Bionic,90,87,48,Excellent,No,Minor,Yes,Yes,No,No,5G,,54500
Vivo,X90,59999,2023,3,Pune,Dealer,8,128,Dimensity 7200,120,87,200,Good,No,,No,Yes,No,No,5G,Battery Replaced,22300
Xiaomi,Redmi Note 13 Pro,29999,2023,3,Lucknow,Individual,6,128,Snapdragon 7 Gen 3,90,76,64,Fair,No,,Yes,No,Yes,No,5G,Screen Replaced,8900
Nothing,Phone (2a),25999,2024,2,Bengaluru,Individual,12,256,A16 Bionic,90,75,48,Good,No,Minor,Yes,No,No,No,5G,,12500
Vivo,X90,59999,2022,4,Mumbai,Individual,6,256,Dimensity 8200,60,84,48,Good,No,Moderate,Yes,Yes,No,No,5G,,18300
Samsung,Galaxy S22,62999,2021,5,Jaipur,Individual,6,256,Tensor G3,120,75,64,Fair,No,Moderate,No,No,Yes,No,4G,,14100
Nothing,Phone (2a),25999,2023,3,Chennai,Dealer,8,64,Dimensity 8200,60,79,50,Poor,No,Minor,Yes,Yes,No,No,5G,,7400
Apple,iPhone 13,69999,2022,4,Lucknow,Individual,8,128,Dimensity 8200,120,64,48,Good,No,Moderate,No,Yes,No,No,5G,,25600
Oppo,Reno 10,32999,2025,1,Hyderabad,Individual,6,128,A17 Pro,90,89,200,Good,No,Heavy,No,Yes,No,No,5G,,18000
Samsung,Galaxy S22,62999,2024,2,Lucknow,Individual,16,128,A15 Bionic,90,77,108,Good,No,Moderate,Yes,Yes,No,No,5G,,31400
Apple,iPhone 14,79999,2023,3,Kolkata,Dealer,12,128,Tensor G2,120,78,64,Poor,Yes,Minor,Yes,Yes,Yes,No,5G,Screen Replaced,17600
iQOO,12,52999,2024,2,Bengaluru,Individual,12,128,Dimensity 9200,120,88,108,Fair,No,Moderate,Yes,No,Yes,No,5G,,21600
Vivo,X90,59999,2023,3,Lucknow,Individual,12,128,Dimensity 7200,120,81,48,Good,No,Moderate,Yes,Yes,Yes,No,5G,,23600
Xiaomi,Redmi Note 13 Pro,29999,2026,0,Mumbai,Dealer,12,128,Snapdragon 7 Gen 3,120,100,48,Excellent,No,Heavy,No,No,Yes,No,5G,,22300
Google,Pixel 8,75999,2022,4,Delhi,Individual,16,128,Snapdragon 8 Gen 2,120,74,200,Excellent,No,,Yes,No,Yes,No,5G,,29500
Samsung,Galaxy S21 FE,54999,2024,2,Mumbai,Individual,8,256,Dimensity 8200,60,89,64,Fair,No,Minor,Yes,Yes,No,No,5G,,25600
Samsung,Galaxy A54,38999,2026,0,Patna,Individual,16,128,Dimensity 9200,60,92,108,Good,No,Moderate,Yes,No,No,Yes,5G,,30200
Motorola,G84,19999,2023,3,Hyderabad,Dealer,6,64,Dimensity 8200,120,83,50,Excellent,No,Moderate,Yes,No,No,No,5G,,8400
Apple,iPhone 14,79999,2023,3,Chennai,Individual,16,128,Dimensity 7200,120,70,50,Fair,No,,Yes,Yes,No,No,5G,Motherboard Repair,23500
iQOO,Z9,21999,2021,5,Delhi,Dealer,8,512,A15 Bionic,90,65,108,Fair,No,Moderate,Yes,Yes,No,No,4G,,4600
Oppo,Reno 10,32999,2024,2,Patna,Individual,12,256,Dimensity 8200,120,80,64,Good,No,Minor,Yes,Yes,Yes,No,5G,,15300
Realme,11 Pro+,32999,2025,1,Lucknow,Individual,6,128,Snapdragon 8 Gen 2,120,91,108,Fair,No,,No,Yes,No,No,5G,,15700
iQOO,Neo 9 Pro,37999,2023,3,Chennai,Dealer,12,256,Dimensity 7200,90,77,200,Excellent,No,Minor,No,Yes,No,No,5G,,16400
Vivo,V29,32999,2023,3,Chennai,Individual,8,512,A16 Bionic,120,82,200,Excellent,No,Heavy,Yes,Yes,No,No,5G,,13300
Vivo,X90,59999,2022,4,Patna,Dealer,12,512,A17 Pro,120,70,50,Excellent,No,Minor,Yes,Yes,No,No,5G,Battery Replaced,19700
Samsung,Galaxy A54,38999,2026,0,Lucknow,Individual,8,256,A17 Pro,120,98,48,Good,No,Minor,Yes,No,No,Yes,5G,,30900
Samsung,Galaxy M35,22999,2023,3,Chennai,Individual,6,64,Dimensity 7200,120,79,50,Good,Yes,Minor,Yes,Yes,Yes,No,5G,,7300
Xiaomi,Xiaomi 13 Pro,79999,2024,2,Delhi,Individual,12,128,Snapdragon 8 Gen 2,90,91,64,Fair,No,Heavy,No,Yes,Yes,No,5G,,32200
Xiaomi,Redmi Note 13 Pro,29999,2025,1,Lucknow,Individual,8,128,Dimensity 9200,90,95,108,Excellent,No,,Yes,Yes,Yes,No,5G,,19900
iQOO,12,52999,2023,3,Bengaluru,Individual,8,128,Tensor G3,60,81,64,Excellent,No,Moderate,Yes,Yes,Yes,No,5G,,24000
Motorola,Edge 50 Pro,34999,2021,5,Delhi,Individual,16,128,Tensor G3,120,75,108,Good,No,Minor,No,Yes,No,No,4G,Battery Replaced,9300
Nothing,Phone (2),44999,2021,5,Mumbai,Individual,6,256,Snapdragon 7 Gen 3,90,67,48,Good,No,Minor,Yes,No,No,No,4G,,11300
Vivo,X90,59999,2022,4,Noida,Individual,12,128,Snapdragon 8 Gen 2,120,72,108,Poor,No,,Yes,No,Yes,No,5G,,11600
Realme,11 Pro+,32999,2026,0,Mumbai,Dealer,8,128,Snapdragon 695,90,94,108,Excellent,No,Minor,Yes,Yes,Yes,No,5G,,25400
Xiaomi,Redmi Note 13 Pro,29999,2023,3,Bengaluru,Individual,8,256,Tensor G2,120,77,64,Excellent,No,Minor,Yes,Yes,No,No,5G,,12200
OnePlus,11R,39999,2021,5,Pune,Individual,8,128,A17 Pro,90,73,48,Good,No,Minor,No,No,Yes,No,4G,,10300
Apple,iPhone 13,69999,2024,2,Mumbai,Individual,6,128,A15 Bionic,120,81,48,Fair,No,,Yes,No,Yes,No,5G,Battery Replaced,33900
Vivo,V29,32999,2022,4,Bengaluru,Individual,4,128,Dimensity 8200,120,76,64,Fair,Yes,,No,No,No,No,5G,,6100
OnePlus,12,64999,2023,3,Mumbai,Dealer,8,128,A15 Bionic,60,82,50,Good,No,Minor,Yes,Yes,No,No,5G,,27300
Samsung,Galaxy S22,62999,2024,2,Bengaluru,Dealer,12,128,Snapdragon 695,60,77,200,Fair,No,Heavy,No,Yes,No,No,5G,Motherboard Repair,21800
Samsung,Galaxy A54,38999,2023,3,Hyderabad,Individual,4,64,A17 Pro,90,85,108,Excellent,No,Minor,No,Yes,No,No,5G,,18100
Xiaomi,Poco F5,29999,2024,2,Mumbai,Individual,12,128,A17 Pro,120,81,50,Excellent,No,Minor,Yes,Yes,No,No,5G,,15100
Vivo,X90,59999,2026,0,Delhi,Individual,8,128,Tensor G2,90,96,50,Good,No,Heavy,Yes,No,No,No,5G,Motherboard Repair,32100
Samsung,Galaxy S23,74999,2025,1,Mumbai,Individual,8,64,Snapdragon 7 Gen 3,90,94,108,Good,No,Minor,Yes,No,Yes,No,5G,,49400
OnePlus,12,64999,2026,0,Chennai,Dealer,8,256,Snapdragon 695,90,97,64,Poor,No,Minor,Yes,Yes,Yes,Yes,5G,,35100
Realme,11 Pro+,32999,2025,1,Mumbai,Individual,12,256,Dimensity 8200,120,100,200,Fair,No,Moderate,Yes,Yes,No,No,5G,Motherboard Repair,12400
Samsung,Galaxy A54,38999,2022,4,Hyderabad,Dealer,6,128,Dimensity 9200,90,78,48,Fair,No,Moderate,Yes,No,Yes,No,5G,,11700
OnePlus,12,64999,2023,3,Noida,Individual,16,256,Dimensity 8200,120,81,64,Excellent,No,Moderate,No,Yes,Yes,No,5G,Screen Replaced,28500
iQOO,12,52999,2023,3,Patna,Individual,6,256,Dimensity 9200,120,72,108,Good,No,,Yes,Yes,Yes,No,5G,,20600
Samsung,Galaxy A54,38999,2023,3,Hyderabad,Individual,8,128,Tensor G2,90,86,48,Good,No,Minor,Yes,No,Yes,No,5G,Screen Replaced,16200
Samsung,Galaxy S23,74999,2025,1,Bengaluru,Individual,12,128,Dimensity 7200,90,88,48,Excellent,No,,Yes,Yes,No,No,5G,,51900
Google,Pixel 7,59999,2022,4,Chennai,Dealer,12,128,A17 Pro,120,79,108,Good,No,,No,Yes,Yes,No,5G,,21000
Samsung,Galaxy S22,62999,2024,2,Mumbai,Individual,8,512,Tensor G2,120,88,48,Poor,No,Moderate,Yes,Yes,No,No,5G,,22900
Samsung,Galaxy S22,62999,2024,2,Delhi,Dealer,12,256,A15 Bionic,120,86,48,Fair,No,Minor,No,No,No,No,5G,,26900
Nothing,Phone (2a),25999,2024,2,Chennai,Individual,12,256,Tensor G2,120,81,200,Good,No,,Yes,Yes,No,No,5G,Screen Replaced,11500
Oppo,F25,23999,2022,4,Patna,Individual,8,128,Tensor G2,60,76,200,Excellent,Yes,Minor,Yes,Yes,No,No,5G,,5500
Samsung,Galaxy A54,38999,2023,3,Mumbai,Dealer,8,128,Snapdragon 7 Gen 3,60,80,64,Fair,No,Minor,Yes,No,No,No,5G,,14800
Oppo,F25,23999,2022,4,Delhi,Individual,16,128,Snapdragon 8 Gen 3,120,70,50,Excellent,Yes,Moderate,Yes,Yes,Yes,No,5G,,5800
OnePlus,9 Pro,64999,2025,1,Pune,Dealer,6,512,A15 Bionic,120,90,50,Good,No,Minor,Yes,Yes,Yes,No,5G,Screen Replaced,39400
Samsung,Galaxy S21 FE,54999,2022,4,Delhi,Dealer,12,512,Tensor G3,120,76,48,Excellent,No,,Yes,Yes,No,No,5G,,20200
Nothing,Phone (2),44999,2022,4,Lucknow,Individual,12,512,A17 Pro,120,72,64,Good,No,Minor,Yes,Yes,Yes,No,5G,,15000
Realme,11 Pro+,32999,2023,3,Jaipur,Dealer,12,128,Snapdragon 8 Gen 2,90,80,108,Excellent,No,,Yes,Yes,Yes,No,5G,,13200
Xiaomi,Redmi Note 13 Pro,29999,2025,1,Bengaluru,Individual,12,512,Tensor G3,120,89,108,Good,No,Minor,Yes,Yes,No,No,5G,,17700
Nothing,Phone (1),32999,2021,5,Hyderabad,Individual,16,128,Dimensity 9200,120,64,50,Poor,No,Minor,Yes,Yes,No,No,4G,,5700
Apple,iPhone 11,49999,2024,2,Bengaluru,Individual,16,256,Snapdragon 8 Gen 2,120,91,48,Excellent,No,Moderate,Yes,Yes,Yes,No,5G,,32100
Xiaomi,Redmi Note 13 Pro,29999,2025,1,Pune,Individual,8,128,A16 Bionic,90,93,64,Good,Yes,,Yes,No,No,No,5G,,12200
Realme,11 Pro+,32999,2023,3,Hyderabad,Dealer,12,128,Snapdragon 8 Gen 2,120,77,200,Poor,No,Minor,Yes,Yes,No,No,5G,,8800
Samsung,Galaxy S22,62999,2024,2,Lucknow,Dealer,8,256,A15 Bionic,120,86,50,Fair,No,,Yes,No,No,No,5G,Screen Replaced,26500
Vivo,V29,32999,2024,2,Bengaluru,Dealer,8,128,A16 Bionic,120,94,50,Fair,No,Moderate,No,Yes,Yes,No,5G,,13800
Samsung,Galaxy S21 FE,54999,2023,3,Chennai,Individual,12,128,Dimensity 7200,120,72,200,Excellent,No,Minor,No,Yes,Yes,No,5G,Screen Replaced,22500
iQOO,12,52999,2024,2,Patna,Individual,6,64,A16 Bionic,120,82,48,Excellent,No,Minor,Yes,No,No,No,5G,,27500
Motorola,Edge 50 Pro,34999,2021,5,Hyderabad,Dealer,8,128,A17 Pro,90,67,200,Fair,No,,Yes,No,Yes,No,4G,,7700
Realme,Narzo 70,19999,2025,1,Pune,Individual,16,256,A16 Bionic,90,85,64,Fair,No,Minor,Yes,Yes,No,No,5G,,9500
Xiaomi,Redmi Note 13 Pro,29999,2025,1,Bengaluru,Individual,8,128,Tensor G2,120,86,200,Fair,No,,Yes,Yes,Yes,No,5G,,15900
OnePlus,11R,39999,2024,2,Patna,Individual,8,128,Dimensity 8200,60,84,50,Good,No,Minor,Yes,Yes,Yes,No,5G,Motherboard Repair,15000
Vivo,X90,59999,2026,0,Mumbai,Individual,8,128,Dimensity 7200,60,90,64,Excellent,No,Minor,Yes,Yes,Yes,Yes,5G,,45000
Samsung,Galaxy A54,38999,2023,3,Hyderabad,Individual,6,128,Dimensity 9200,90,75,64,Good,No,,Yes,No,Yes,No,5G,,16500
Vivo,X90,59999,2024,2,Patna,Dealer,4,256,A17 Pro,90,87,48,Excellent,No,Minor,No,Yes,No,No,5G,,31400
iQOO,12,52999,2024,2,Noida,Individual,4,512,A17 Pro,120,73,50,Excellent,No,,Yes,Yes,No,No,5G,,28100
iQOO,12,52999,2023,3,Patna,Individual,12,256,Tensor G2,120,78,48,Fair,No,Heavy,Yes,No,Yes,No,5G,,18600
iQOO,Z9,21999,2024,2,Patna,Individual,8,512,Snapdragon 7 Gen 3,60,85,50,Good,No,,No,No,Yes,No,5G,,10900
Vivo,V29,32999,2025,1,Patna,Individual,6,256,Snapdragon 695,120,79,108,Good,No,,Yes,Yes,Yes,No,5G,,18300
iQOO,Z9,21999,2023,3,Delhi,Dealer,8,128,Snapdragon 7 Gen 3,90,87,200,Good,No,,Yes,Yes,Yes,No,5G,Screen Replaced,8400
Nothing,Phone (1),32999,2025,1,Mumbai,Individual,8,256,Tensor G3,120,91,64,Good,No,Minor,No,Yes,Yes,No,5G,Battery Replaced,20500
Samsung,Galaxy M35,22999,2023,3,Jaipur,Individual,8,64,Dimensity 7200,120,73,50,Excellent,No,Minor,No,No,Yes,No,5G,Screen Replaced,9300
Nothing,Phone (2a),25999,2024,2,Bengaluru,Individual,12,128,Tensor G2,120,91,64,Good,No,,Yes,Yes,No,No,5G,,13000
Xiaomi,Xiaomi 13 Pro,79999,2022,4,Noida,Individual,4,256,A15 Bionic,120,78,108,Excellent,No,,No,Yes,Yes,No,5G,,27000
Xiaomi,Redmi Note 13 Pro,29999,2024,2,Lucknow,Individual,8,256,Dimensity 8200,120,85,48,Good,No,Minor,Yes,Yes,No,No,5G,,14400
Xiaomi,Poco F5,29999,2022,4,Jaipur,Dealer,6,256,Dimensity 9200,120,78,108,Excellent,No,,No,No,Yes,No,5G,,9700
Realme,GT Neo 3,36999,2021,5,Delhi,Dealer,8,128,Snapdragon 7 Gen 3,120,74,64,Good,No,Moderate,No,Yes,Yes,No,4G,,8700
OnePlus,9 Pro,64999,2026,0,Chennai,Individual,16,128,A15 Bionic,90,98,50,Excellent,Yes,Minor,Yes,Yes,No,Yes,5G,,38600
Motorola,G84,19999,2025,1,Lucknow,Individual,6,128,Snapdragon 8 Gen 2,90,87,108,Good,No,Minor,Yes,Yes,Yes,No,5G,,12200
Apple,iPhone 14,79999,2025,1,Mumbai,Individual,12,256,Snapdragon 7 Gen 3,60,92,64,Good,No,Minor,No,Yes,Yes,No,5G,,58900
OnePlus,12,64999,2023,3,Mumbai,Individual,8,256,Snapdragon 8 Gen 2,120,80,200,Fair,No,,No,No,No,No,5G,,23400
Samsung,Galaxy S21 FE,54999,2021,5,Mumbai,Individual,12,128,Snapdragon 8 Gen 2,120,70,64,Poor,No,Moderate,No,No,No,No,4G,,9800
Nothing,Phone (1),32999,2025,1,Pune,Dealer,12,256,Tensor G2,90,87,200,Good,Yes,Minor,No,Yes,Yes,No,5G,,14400
Xiaomi,Redmi Note 13 Pro,29999,2022,4,Bengaluru,Individual,8,128,A17 Pro,90,82,108,Good,No,Moderate,Yes,Yes,Yes,No,5G,Screen Replaced,9000
Realme,Narzo 70,19999,2025,1,Patna,Individual,8,256,A15 Bionic,60,85,50,Excellent,No,Minor,Yes,Yes,Yes,No,5G,,12600
Vivo,V29,32999,2022,4,Chennai,Individual,4,256,Snapdragon 8 Gen 3,120,75,200,Fair,No,Minor,Yes,Yes,No,No,5G,Screen Replaced,7800
iQOO,Z9,21999,2023,3,Hyderabad,Individual,8,128,Dimensity 7200,60,83,108,Excellent,No,,No,Yes,Yes,No,5G,,9700
iQOO,Z9,21999,2023,3,Mumbai,Individual,4,128,A15 Bionic,60,80,50,Good,No,Moderate,No,Yes,Yes,No,5G,,9000
Vivo,T3,22999,2021,5,Hyderabad,Individual,4,128,Dimensity 7200,90,76,48,Good,No,Moderate,Yes,No,Yes,No,4G,,5500
Xiaomi,Poco F5,29999,2023,3,Lucknow,Individual,4,256,Snapdragon 7 Gen 3,120,83,108,Excellent,No,,No,Yes,No,No,5G,,12600
Xiaomi,Redmi Note 12 Pro,25999,2026,0,Noida,Dealer,6,256,A16 Bionic,90,93,48,Good,No,Moderate,No,No,No,Yes,5G,,18700
Vivo,T3,22999,2024,2,Jaipur,Individual,8,128,Tensor G2,120,83,48,Good,No,Minor,Yes,Yes,No,No,5G,,10500
OnePlus,11R,39999,2021,5,Chennai,Dealer,8,256,A15 Bionic,120,64,108,Excellent,No,Minor,No,Yes,No,No,4G,,10900
iQOO,12,52999,2026,0,Lucknow,Dealer,8,512,A17 Pro,120,91,108,Good,No,Heavy,Yes,Yes,No,Yes,5G,,36600
OnePlus,12,64999,2023,3,Kolkata,Individual,6,256,Snapdragon 8 Gen 3,120,83,200,Good,No,Minor,Yes,Yes,Yes,No,5G,,28200
Realme,GT Neo 3,36999,2023,3,Pune,Individual,16,256,Dimensity 9200,120,78,108,Fair,No,,No,Yes,Yes,No,5G,,11900
Vivo,V29,32999,2022,4,Patna,Individual,8,256,A16 Bionic,90,78,48,Excellent,No,Minor,Yes,No,No,No,5G,,10300
Oppo,F25,23999,2026,0,Patna,Individual,8,256,Snapdragon 695,90,100,200,Fair,No,Minor,Yes,Yes,No,Yes,5G,,15000
iQOO,12,52999,2023,3,Kolkata,Individual,6,512,Snapdragon 8 Gen 2,120,74,108,Good,No,Minor,No,Yes,No,No,5G,,19900
Apple,iPhone 13,69999,2021,5,Lucknow,Dealer,12,256,Snapdragon 7 Gen 3,60,79,48,Good,No,Minor,No,Yes,Yes,No,4G,Motherboard Repair,15900
Samsung,Galaxy S23,74999,2026,0,Patna,Individual,12,128,A17 Pro,60,90,64,Good,No,Minor,No,Yes,Yes,No,5G,,58400
Samsung,Galaxy A54,38999,2026,0,Patna,Dealer,6,128,Dimensity 7200,90,89,50,Good,Yes,Minor,Yes,No,Yes,Yes,5G,,21500
Oppo,Find X5,69999,2021,5,Pune,Individual,16,128,A15 Bionic,60,70,108,Excellent,Yes,Minor,Yes,No,No,No,5G,,12900
iQOO,Z9,21999,2021,5,Patna,Individual,6,256,Dimensity 8200,60,74,48,Good,No,Moderate,Yes,Yes,No,No,4G,,5600
Motorola,Edge 50 Pro,34999,2024,2,Hyderabad,Individual,8,128,A15 Bionic,120,78,48,Good,No,Minor,No,No,Yes,No,5G,,16500
Nothing,Phone (1),32999,2023,3,Patna,Individual,6,256,Snapdragon 7 Gen 3,120,77,108,Poor,No,Minor,No,Yes,Yes,No,5G,Screen Replaced,8400
Apple,iPhone 15,89999,2023,3,Chennai,Individual,12,128,Snapdragon 8 Gen 3,120,86,50,Good,No,Moderate,Yes,No,Yes,No,5G,,42800
Xiaomi,Xiaomi 13 Pro,79999,2022,4,Kolkata,Individual,12,256,Snapdragon 695,60,78,64,Good,Yes,Minor,No,Yes,Yes,No,5G,,17300
iQOO,Z9,21999,2022,4,Kolkata,Individual,6,256,Snapdragon 8 Gen 3,60,70,64,Fair,No,Moderate,Yes,Yes,Yes,No,5G,,6100
iQOO,Z9,21999,2023,3,Chennai,Dealer,4,256,Dimensity 8200,120,81,108,Excellent,Yes,Moderate,Yes,Yes,Yes,No,5G,,7200
Google,Pixel 8,75999,2024,2,Hyderabad,Individual,8,256,A15 Bionic,120,82,64,Excellent,Yes,Minor,Yes,Yes,Yes,No,5G,,32100
Nothing,Phone (2),44999,2024,2,Hyderabad,Individual,8,128,Dimensity 9200,60,89,108,Fair,No,Minor,Yes,Yes,Yes,No,5G,,20200
Samsung,Galaxy A54,38999,2023,3,Delhi,Individual,16,128,A15 Bionic,120,80,108,Good,No,Moderate,Yes,No,Yes,No,5G,,16800
Realme,11 Pro+,32999,2021,5,Lucknow,Individual,16,128,Tensor G3,120,78,108,Good,No,Minor,No,Yes,Yes,No,5G,,7800
Vivo,X90,59999,2023,3,Pune,Individual,6,128,A15 Bionic,60,73,108,Excellent,No,Minor,No,No,No,No,5G,,23700
iQOO,Z9,21999,2026,0,Bengaluru,Individual,6,128,Snapdragon 695,90,95,200,Good,No,Minor,Yes,Yes,No,No,5G,,16000
Apple,iPhone 12,65999,2023,3,Noida,Individual,8,128,Dimensity 9200,90,75,64,Fair,No,,Yes,Yes,Yes,No,5G,,27100
Motorola,G84,19999,2026,0,Kolkata,Dealer,6,128,Snapdragon 8 Gen 3,120,89,108,Good,No,Minor,Yes,No,No,Yes,5G,Screen Replaced,12900
Apple,iPhone 14,79999,2026,0,Mumbai,Dealer,12,256,Snapdragon 695,90,95,200,Excellent,No,,No,Yes,Yes,Yes,5G,,73100
Samsung,Galaxy S22,62999,2022,4,Chennai,Individual,12,128,Snapdragon 8 Gen 2,120,78,200,Excellent,No,Minor,Yes,Yes,No,No,5G,,23600
Samsung,Galaxy S22,62999,2023,3,Bengaluru,Dealer,6,128,Dimensity 9200,60,71,50,Excellent,No,Moderate,Yes,No,Yes,No,5G,Screen Replaced,27200
iQOO,12,52999,2026,0,Lucknow,Dealer,4,128,Tensor G2,120,99,50,Fair,No,Moderate,Yes,Yes,Yes,No,5G,Battery Replaced,35600
Vivo,T3,22999,2023,3,Jaipur,Individual,12,128,Snapdragon 7 Gen 3,120,75,50,Good,No,,Yes,Yes,No,No,5G,,8200
OnePlus,11R,39999,2023,3,Mumbai,Individual,8,512,Dimensity 8200,90,81,50,Excellent,No,,Yes,No,No,No,5G,,18200
Nothing,Phone (1),32999,2023,3,Lucknow,Individual,12,256,Snapdragon 695,60,84,200,Poor,No,Moderate,No,Yes,No,No,5G,,8800
Xiaomi,Xiaomi 13 Pro,79999,2024,2,Delhi,Dealer,12,128,Tensor G3,90,79,50,Good,Yes,Minor,Yes,Yes,No,No,5G,Motherboard Repair,19600
Vivo,V29,32999,2025,1,Mumbai,Individual,12,512,Snapdragon 7 Gen 3,120,88,64,Good,No,,Yes,No,No,No,5G,,18400
Oppo,Reno 10,32999,2024,2,Jaipur,Individual,8,128,Tensor G3,120,85,200,Good,Yes,Moderate,Yes,Yes,Yes,No,5G,,11400
OnePlus,Nord 3,33999,2023,3,Kolkata,Individual,6,128,Snapdragon 695,90,81,200,Fair,No,Minor,Yes,Yes,No,No,5G,Battery Replaced,11700
Xiaomi,Xiaomi 13 Pro,79999,2023,3,Chennai,Dealer,12,128,Dimensity 8200,90,74,48,Excellent,No,,Yes,Yes,Yes,No,5G,,32900
Apple,iPhone 11,49999,2025,1,Noida,Individual,6,64,Dimensity 9200,120,82,50,Good,No,Minor,Yes,Yes,Yes,No,5G,,34100
Samsung,Galaxy A54,38999,2025,1,Mumbai,Individual,12,256,A16 Bionic,90,91,108,Good,No,,No,No,Yes,No,5G,,25500
Apple,iPhone 14,79999,2023,3,Hyderabad,Individual,12,128,Tensor G3,90,94,64,Fair,No,Minor,Yes,Yes,Yes,No,5G,,34700
Apple,iPhone 15,89999,2024,2,Pune,Individual,8,128,Dimensity 7200,120,82,48,Excellent,No,Minor,No,Yes,Yes,No,5G,,52900
Realme,GT Neo 3,36999,2024,2,Patna,Dealer,8,256,Snapdragon 695,60,85,50,Excellent,No,Moderate,Yes,Yes,No,No,5G,,19800
iQOO,Z9,21999,2021,5,Kolkata,Dealer,12,256,Snapdragon 8 Gen 2,90,66,48,Good,Yes,,No,Yes,No,No,4G,,3800
Apple,iPhone 11,49999,2024,2,Bengaluru,Dealer,8,256,Snapdragon 8 Gen 2,120,88,108,Good,No,Minor,No,Yes,Yes,No,5G,,29400
Realme,GT Neo 3,36999,2023,3,Mumbai,Individual,8,256,A15 Bionic,120,82,200,Fair,Yes,Moderate,No,No,Yes,No,5G,,8400
iQOO,Neo 9 Pro,37999,2024,2,Mumbai,Individual,12,128,Dimensity 8200,120,79,200,Good,No,,Yes,No,Yes,No,5G,,17600
Samsung,Galaxy S21 FE,54999,2023,3,Noida,Individual,12,128,Dimensity 8200,60,67,108,Good,Yes,,No,Yes,No,No,5G,,16000
iQOO,12,52999,2023,3,Chennai,Individual,6,256,Snapdragon 695,120,76,64,Excellent,No,Moderate,Yes,Yes,Yes,No,5G,Battery Replaced,21700
Samsung,Galaxy S22,62999,2022,4,Hyderabad,Individual,12,128,Snapdragon 7 Gen 3,120,78,50,Fair,No,,Yes,Yes,Yes,No,5G,,19200
Xiaomi,Xiaomi 13 Pro,79999,2024,2,Bengaluru,Individual,12,128,Dimensity 7200,120,87,64,Fair,No,Minor,Yes,Yes,Yes,No,5G,Battery Replaced,31800
Xiaomi,Redmi Note 13 Pro,29999,2022,4,Kolkata,Individual,4,128,Tensor G3,60,75,108,Good,No,Moderate,Yes,Yes,No,No,5G,,9500
OnePlus,11R,39999,2025,1,Lucknow,Individual,6,128,Snapdragon 8 Gen 3,120,86,48,Fair,Yes,,No,Yes,No,No,5G,,15700
Realme,Narzo 70,19999,2024,2,Jaipur,Dealer,8,128,Dimensity 7200,90,98,200,Good,No,Minor,No,Yes,No,No,5G,,9800
Nothing,Phone (2a),25999,2025,1,Patna,Dealer,4,256,Dimensity 7200,90,95,108,Fair,Yes,Moderate,Yes,Yes,Yes,No,5G,,10300
Realme,GT Neo 3,36999,2023,3,Chennai,Individual,8,512,Dimensity 8200,90,77,200,Excellent,No,,No,Yes,Yes,No,5G,,14600
Realme,11 Pro+,32999,2026,0,Hyderabad,Individual,12,128,Snapdragon 695,60,98,50,Good,No,Minor,No,Yes,No,Yes,5G,,22100
Realme,Narzo 70,19999,2025,1,Lucknow,Dealer,12,128,A15 Bionic,60,84,108,Excellent,No,Moderate,Yes,Yes,Yes,No,5G,,12400
Google,Pixel 7a,43999,2024,2,Patna,Individual,12,256,A15 Bionic,120,87,200,Good,No,Minor,Yes,No,Yes,No,5G,,24600
Motorola,G84,19999,2024,2,Lucknow,Individual,8,128,Dimensity 9200,120,84,64,Excellent,No,,No,Yes,Yes,No,5G,,10700
Samsung,Galaxy S21 FE,54999,2023,3,Hyderabad,Individual,16,256,Snapdragon 8 Gen 3,120,73,200,Good,No,Minor,No,Yes,Yes,No,5G,,23600
Samsung,Galaxy S23,74999,2025,1,Lucknow,Individual,6,256,Snapdragon 695,120,95,50,Good,No,Minor,Yes,Yes,No,No,5G,,48600
iQOO,Z9,21999,2025,1,Lucknow,Individual,6,256,Snapdragon 8 Gen 2,60,90,50,Poor,No,,No,Yes,Yes,No,5G,,9200
Vivo,T3,22999,2024,2,Hyderabad,Dealer,8,128,A16 Bionic,120,89,108,Fair,No,,Yes,Yes,Yes,No,5G,,9700
Apple,iPhone 12,65999,2024,2,Patna,Dealer,6,512,Dimensity 9200,120,90,48,Good,No,,No,No,No,No,5G,,35900
Apple,iPhone 11,49999,2024,2,Kolkata,Individual,4,256,Snapdragon 7 Gen 3,90,90,108,Fair,No,Moderate,No,Yes,Yes,No,5G,,23800
Apple,iPhone 14,79999,2025,1,Delhi,Individual,12,128,Dimensity 8200,120,88,64,Poor,No,Minor,Yes,No,Yes,No,5G,Battery Replaced,38600
iQOO,Z9,21999,2025,1,Pune,Dealer,8,128,Tensor G3,90,90,48,Excellent,No,,No,Yes,No,No,5G,Screen Replaced,13500
iQOO,Neo 9 Pro,37999,2022,4,Lucknow,Individual,8,256,Dimensity 7200,120,74,48,Fair,No,Moderate,No,No,Yes,No,5G,Screen Replaced,9500
Nothing,Phone (2a),25999,2026,0,Kolkata,Individual,6,128,Snapdragon 8 Gen 3,90,88,64,Good,No,Heavy,Yes,Yes,Yes,No,5G,,20000
Apple,iPhone 13,69999,2024,2,Pune,Individual,6,256,Dimensity 8200,60,79,48,Good,No,Minor,No,Yes,No,No,5G,Motherboard Repair,30600
Nothing,Phone (2a),25999,2022,4,Bengaluru,Individual,4,128,A15 Bionic,120,78,50,Fair,No,Heavy,No,No,Yes,No,5G,,7300
iQOO,Neo 9 Pro,37999,2024,2,Chennai,Individual,8,128,A15 Bionic,90,100,50,Good,No,Heavy,Yes,Yes,Yes,No,5G,,19800
Realme,GT Neo 3,36999,2022,4,Mumbai,Individual,12,256,Snapdragon 8 Gen 2,120,75,64,Excellent,No,Moderate,Yes,Yes,Yes,No,5G,,11800
Vivo,X90,59999,2023,3,Patna,Individual,6,128,Dimensity 8200,120,83,50,Fair,No,Minor,Yes,Yes,No,No,5G,,19500
Vivo,V29,32999,2024,2,Hyderabad,Individual,8,128,Snapdragon 8 Gen 2,90,86,48,Good,No,,No,Yes,Yes,No,5G,,15300
Realme,11 Pro+,32999,2023,3,Bengaluru,Individual,4,256,Dimensity 7200,120,75,108,Good,No,,No,Yes,No,No,5G,,12400
Samsung,Galaxy S22,62999,2023,3,Lucknow,Individual,12,128,Dimensity 9200,120,79,64,Good,No,Minor,No,Yes,Yes,No,5G,,26700
Xiaomi,Poco F5,29999,2022,4,Kolkata,Individual,6,128,Snapdragon 8 Gen 3,120,75,64,Good,Yes,Moderate,Yes,Yes,Yes,No,5G,,6500
Realme,Narzo 70,19999,2021,5,Delhi,Individual,6,128,A15 Bionic,90,71,50,Excellent,No,Minor,No,No,Yes,No,5G,,5200
Oppo,Reno 10,32999,2023,3,Kolkata,Individual,8,128,Tensor G2,90,78,50,Poor,No,,Yes,Yes,No,No,5G,,8200
Realme,Narzo 70,19999,2025,1,Delhi,Dealer,12,128,Dimensity 8200,120,82,64,Fair,No,,No,Yes,Yes,No,5G,,9600
Realme,11 Pro+,32999,2024,2,Kolkata,Dealer,12,128,Dimensity 7200,120,82,64,Fair,No,,No,Yes,Yes,No,5G,,13600
Google,Pixel 8,75999,2022,4,Delhi,Individual,8,128,Dimensity 8200,120,73,48,Good,No,Minor,No,Yes,No,No,5G,,26600
Oppo,Find X5,69999,2023,3,Patna,Individual,12,256,Tensor G3,120,78,48,Good,No,Moderate,Yes,Yes,No,No,5G,,26200
Vivo,V29,32999,2025,1,Bengaluru,Dealer,4,512,A16 Bionic,120,86,108,Good,No,Minor,Yes,Yes,Yes,No,5G,,18800
Google,Pixel 7a,43999,2025,1,Hyderabad,Dealer,12,128,Tensor G3,120,95,108,Excellent,No,Minor,Yes,Yes,No,No,5G,,30600
Motorola,Edge 40,29999,2025,1,Hyderabad,Dealer,12,128,A15 Bionic,90,89,200,Excellent,Yes,,Yes,Yes,Yes,No,5G,,14200
Samsung,Galaxy S22,62999,2025,1,Mumbai,Individual,8,128,A15 Bionic,90,86,64,Good,No,,Yes,Yes,No,No,5G,Battery Replaced,40700
Oppo,Find X5,69999,2023,3,Chennai,Individual,4,256,Snapdragon 7 Gen 3,120,73,108,Poor,No,Moderate,No,Yes,Yes,No,5G,,16900
Nothing,Phone (2a),25999,2023,3,Pune,Individual,12,256,Dimensity 8200,120,79,64,Fair,No,Moderate,No,Yes,No,No,5G,,9300
Samsung,Galaxy S21 FE,54999,2026,0,Pune,Dealer,4,128,A16 Bionic,120,98,108,Fair,Yes,Minor,No,Yes,No,No,5G,,27200
Apple,iPhone 13,69999,2024,2,Chennai,Individual,4,128,A16 Bionic,60,83,50,Excellent,No,Minor,No,Yes,Yes,No,5G,,42300
iQOO,Neo 9 Pro,37999,2021,5,Kolkata,Individual,6,128,Snapdragon 8 Gen 3,60,73,64,Excellent,Yes,Heavy,Yes,Yes,No,No,4G,,7700
Apple,iPhone 14,79999,2023,3,Delhi,Individual,6,128,Dimensity 8200,120,84,50,Good,No,Minor,Yes,Yes,Yes,No,5G,,38600
OnePlus,9 Pro,64999,2024,2,Noida,Dealer,8,256,Tensor G3,120,84,200,Good,No,Minor,No,Yes,No,No,5G,,34000
Motorola,Edge 40,29999,2022,4,Chennai,Individual,8,256,Tensor G3,90,69,48,Good,Yes,,Yes,No,No,No,5G,Screen Replaced,5900
Vivo,V29,32999,2024,2,Kolkata,Individual,12,128,Snapdragon 695,120,75,200,Good,No,Moderate,Yes,Yes,No,No,5G,,15500
Xiaomi,Poco F5,29999,2023,3,Bengaluru,Individual,12,256,Dimensity 9200,90,77,64,Good,No,Minor,No,Yes,No,No,5G,Battery Replaced,11500
Realme,GT Neo 3,36999,2024,2,Hyderabad,Dealer,6,128,A16 Bionic,60,88,50,Excellent,No,,Yes,Yes,No,No,5G,,19200
Xiaomi,Redmi Note 12 Pro,25999,2024,2,Delhi,Individual,12,256,Tensor G2,120,89,200,Poor,No,Moderate,Yes,Yes,No,No,5G,,8300
Samsung,Galaxy S23,74999,2025,1,Lucknow,Individual,6,128,Tensor G2,120,86,48,Good,No,Minor,No,No,Yes,No,5G,,46900
Samsung,Galaxy A54,38999,2023,3,Jaipur,Individual,12,64,Snapdragon 7 Gen 3,90,83,50,Excellent,No,Moderate,No,Yes,Yes,No,5G,Screen Replaced,16400
Apple,iPhone 12,65999,2023,3,Chennai,Individual,8,512,Tensor G3,90,76,64,Excellent,No,,Yes,Yes,Yes,No,5G,Battery Replaced,32600
Samsung,Galaxy S23,74999,2021,5,Delhi,Individual,8,128,Tensor G2,120,74,48,Fair,No,Moderate,No,Yes,Yes,No,4G,,18100
iQOO,12,52999,2022,4,Lucknow,Individual,16,256,Dimensity 8200,90,69,200,Good,No,,Yes,Yes,No,No,5G,,17000
Xiaomi,Redmi Note 13 Pro,29999,2024,2,Bengaluru,Individual,8,256,A16 Bionic,120,87,200,Fair,No,Minor,Yes,Yes,No,No,5G,,12300
Xiaomi,Redmi Note 12 Pro,25999,2023,3,Mumbai,Individual,4,256,Dimensity 8200,120,83,48,Good,Yes,Minor,Yes,Yes,Yes,No,5G,,7600
Realme,GT Neo 3,36999,2022,4,Jaipur,Individual,12,128,Dimensity 8200,90,78,50,Good,No,Minor,Yes,Yes,Yes,No,5G,Battery Replaced,11600
Samsung,Galaxy A54,38999,2021,5,Hyderabad,Individual,12,128,A17 Pro,60,66,48,Good,No,Moderate,Yes,Yes,No,No,5G,Screen Replaced,9400
OnePlus,Nord 3,33999,2024,2,Patna,Individual,16,128,Snapdragon 695,120,91,200,Good,No,Moderate,Yes,Yes,No,No,5G,,17500
Oppo,Find X5,69999,2023,3,Chennai,Dealer,12,64,Snapdragon 695,120,82,108,Fair,No,,No,Yes,Yes,No,5G,Battery Replaced,24200
Samsung,Galaxy M35,22999,2022,4,Bengaluru,Dealer,12,128,Dimensity 8200,90,71,48,Poor,No,Minor,Yes,No,Yes,No,5G,,5100
Oppo,Reno 10,32999,2024,2,Jaipur,Individual,8,64,Tensor G3,90,72,48,Good,No,,No,Yes,Yes,No,5G,,14500
OnePlus,9 Pro,64999,2024,2,Noida,Individual,8,128,A17 Pro,90,86,50,Good,No,Minor,No,Yes,No,No,5G,,33600
iQOO,Neo 9 Pro,37999,2023,3,Kolkata,Individual,6,256,Snapdragon 695,120,86,200,Good,No,Minor,No,Yes,Yes,No,5G,,15600
Samsung,Galaxy S21 FE,54999,2025,1,Chennai,Individual,8,512,Snapdragon 8 Gen 3,120,91,200,Excellent,No,Minor,Yes,Yes,No,No,5G,,39400
Xiaomi,Redmi Note 12 Pro,25999,2024,2,Pune,Individual,6,128,Dimensity 8200,60,85,200,Excellent,No,Moderate,Yes,Yes,No,No,5G,,13000
Xiaomi,Redmi Note 13 Pro,29999,2021,5,Chennai,Dealer,4,128,Dimensity 9200,60,78,64,Good,No,Minor,Yes,No,Yes,No,4G,Battery Replaced,7900
iQOO,Z9,21999,2024,2,Chennai,Individual,8,256,Snapdragon 7 Gen 3,60,89,50,Excellent,No,Moderate,No,No,No,No,5G,,11200
Samsung,Galaxy S21 FE,54999,2023,3,Mumbai,Individual,12,128,Snapdragon 8 Gen 3,120,82,48,Good,No,,No,Yes,Yes,No,5G,,24100
Apple,iPhone 15,89999,2024,2,Pune,Individual,8,128,A15 Bionic,120,88,64,Fair,Yes,Minor,Yes,Yes,No,No,5G,,32700
Xiaomi,Xiaomi 13 Pro,79999,2025,1,Delhi,Individual,8,256,Dimensity 9200,90,97,48,Fair,No,,Yes,Yes,No,No,5G,,40400
Apple,iPhone 12,65999,2024,2,Bengaluru,Dealer,12,128,Dimensity 8200,120,84,200,Good,Yes,Minor,Yes,No,No,No,5G,,27400
Xiaomi,Xiaomi 13 Pro,79999,2024,2,Delhi,Individual,6,128,Dimensity 8200,120,97,50,Fair,No,Minor,Yes,Yes,Yes,No,5G,Screen Replaced,31400
Oppo,Reno 10,32999,2024,2,Jaipur,Individual,8,512,Snapdragon 8 Gen 3,90,76,50,Fair,No,,No,Yes,Yes,No,5G,,12800
Xiaomi,Redmi Note 13 Pro,29999,2022,4,Mumbai,Dealer,12,256,Dimensity 9200,90,69,48,Poor,Yes,,No,Yes,No,No,5G,,4600
Xiaomi,Redmi Note 12 Pro,25999,2024,2,Hyderabad,Individual,8,128,A16 Bionic,120,90,50,Excellent,No,Minor,No,Yes,Yes,No,5G,,14000
Xiaomi,Poco F5,29999,2023,3,Chennai,Individual,16,64,Snapdragon 8 Gen 2,90,82,64,Good,No,Minor,Yes,No,No,No,5G,,11000
Xiaomi,Redmi Note 13 Pro,29999,2023,3,Chennai,Individual,12,256,Dimensity 9200,120,80,108,Good,No,Minor,No,Yes,No,No,5G,,11200
Vivo,X90,59999,2024,2,Mumbai,Individual,4,128,Snapdragon 695,120,91,64,Excellent,No,,No,Yes,Yes,No,5G,,32100
Realme,Narzo 70,19999,2024,2,Bengaluru,Individual,12,512,Snapdragon 8 Gen 3,90,86,108,Poor,No,Minor,No,Yes,No,No,5G,,6000
Google,Pixel 7,59999,2021,5,Pune,Individual,12,128,Dimensity 9200,120,69,200,Excellent,No,Minor,Yes,Yes,No,No,4G,,17600
Vivo,T3,22999,2023,3,Hyderabad,Dealer,8,128,A15 Bionic,60,83,64,Good,No,Minor,Yes,Yes,Yes,No,5G,Screen Replaced,8500
OnePlus,11R,39999,2025,1,Mumbai,Individual,12,256,A15 Bionic,120,89,64,Fair,No,Minor,No,Yes,Yes,No,5G,,22200
Samsung,Galaxy A54,38999,2026,0,Bengaluru,Individual,6,256,Snapdragon 7 Gen 3,60,99,200,Poor,No,,No,Yes,Yes,Yes,5G,,20300
Apple,iPhone 12,65999,2024,2,Bengaluru,Individual,8,128,Dimensity 8200,120,89,108,Excellent,No,Moderate,Yes,No,No,No,5G,,42300
Apple,iPhone 14,79999,2023,3,Bengaluru,Individual,16,256,Tensor G2,120,71,64,Good,No,Moderate,No,Yes,No,No,5G,,36000
Apple,iPhone 11,49999,2022,4,Delhi,Dealer,12,128,A16 Bionic,90,74,64,Good,No,Minor,Yes,No,Yes,No,5G,Battery Replaced,19000
OnePlus,12,64999,2021,5,Jaipur,Individual,8,128,Dimensity 8200,90,78,200,Good,Yes,Minor,Yes,Yes,No,No,4G,,13000
Apple,iPhone 15,89999,2024,2,Bengaluru,Dealer,12,128,Snapdragon 8 Gen 2,120,90,108,Good,No,Moderate,No,No,No,No,5G,Motherboard Repair,37800
iQOO,12,52999,2024,2,Hyderabad,Individual,8,128,Snapdragon 8 Gen 3,90,88,48,Good,No,Minor,No,Yes,No,No,5G,,24600
Nothing,Phone (2a),25999,2023,3,Kolkata,Individual,8,64,A16 Bionic,90,90,200,Poor,No,Minor,No,Yes,No,No,5G,,7400
Samsung,Galaxy S23,74999,2026,0,Pune,Individual,8,256,Dimensity 7200,120,100,48,Fair,No,Moderate,No,No,Yes,Yes,5G,,52500
OnePlus,9 Pro,64999,2021,5,Hyderabad,Individual,12,256,Snapdragon 8 Gen 2,120,70,200,Good,No,Heavy,Yes,Yes,No,No,4G,,17200
OnePlus,9 Pro,64999,2024,2,Patna,Dealer,4,512,Snapdragon 8 Gen 2,90,90,48,Good,No,Minor,No,Yes,No,No,5G,,32900
Xiaomi,Redmi Note 12 Pro,25999,2022,4,Jaipur,Dealer,8,128,Snapdragon 695,90,84,200,Good,No,Minor,Yes,Yes,Yes,No,5G,,8300
Oppo,Reno 10,32999,2023,3,Kolkata,Dealer,12,256,Snapdragon 695,60,75,64,Good,No,,Yes,Yes,No,No,5G,Battery Replaced,12000
Vivo,V29,32999,2021,5,Lucknow,Individual,4,512,Tensor G3,90,73,108,Good,No,Moderate,Yes,Yes,No,No,4G,,8000
Vivo,X90,59999,2023,3,Jaipur,Individual,8,128,Snapdragon 8 Gen 2,60,82,64,Fair,No,Moderate,Yes,No,No,No,5G,Battery Replaced,19000
Nothing,Phone (1),32999,2023,3,Lucknow,Individual,8,128,Dimensity 8200,120,79,108,Poor,No,Minor,Yes,Yes,Yes,No,5G,,8800
Oppo,Find X5,69999,2024,2,Noida,Individual,8,128,Tensor G2,120,84,108,Good,Yes,Minor,Yes,No,Yes,No,5G,,22400
Samsung,Galaxy S22,62999,2021,5,Delhi,Dealer,8,256,A16 Bionic,120,70,200,Excellent,No,,Yes,Yes,Yes,No,4G,,18900
Xiaomi,Poco F5,29999,2024,2,Delhi,Individual,8,256,Dimensity 7200,90,84,200,Good,No,Minor,No,Yes,Yes,No,5G,,14100
iQOO,12,52999,2024,2,Jaipur,Individual,12,128,Snapdragon 8 Gen 2,120,85,50,Good,No,Heavy,Yes,Yes,Yes,No,5G,,25500
Nothing,Phone (2),44999,2023,3,Jaipur,Individual,16,128,Dimensity 8200,120,78,50,Poor,No,Moderate,Yes,Yes,Yes,No,5G,,12700
Vivo,T3,22999,2025,1,Jaipur,Individual,8,256,Dimensity 9200,120,92,48,Good,No,Minor,No,Yes,Yes,No,5G,,13100
Apple,iPhone 15,89999,2021,5,Chennai,Individual,12,256,Dimensity 8200,90,67,50,Fair,No,,No,Yes,No,No,4G,,23900
Nothing,Phone (2a),25999,2023,3,Pune,Individual,12,128,Dimensity 8200,120,78,108,Excellent,No,Minor,Yes,Yes,Yes,No,5G,,12200
Motorola,Edge 50 Pro,34999,2025,1,Bengaluru,Individual,16,256,Snapdragon 8 Gen 3,60,90,48,Excellent,No,Heavy,Yes,Yes,Yes,No,5G,,22200
Samsung,Galaxy S21 FE,54999,2023,3,Lucknow,Individual,12,128,Dimensity 7200,90,80,200,Good,No,Moderate,Yes,Yes,Yes,No,5G,,22600
iQOO,12,52999,2022,4,Noida,Individual,6,512,Snapdragon 8 Gen 2,120,76,200,Good,No,,Yes,Yes,No,No,5G,,17400
Nothing,Phone (2a),25999,2025,1,Patna,Dealer,6,128,A16 Bionic,120,82,50,Poor,No,Minor,No,No,No,No,5G,,10000
Xiaomi,Poco F5,29999,2022,4,Hyderabad,Individual,8,256,Snapdragon 7 Gen 3,90,83,108,Excellent,No,Moderate,Yes,No,Yes,No,5G,Battery Replaced,10700
iQOO,Z9,21999,2024,2,Mumbai,Dealer,12,512,Snapdragon 8 Gen 3,120,81,50,Fair,No,Moderate,Yes,Yes,Yes,No,5G,Motherboard Repair,6700
Xiaomi,Redmi Note 13 Pro,29999,2025,1,Patna,Individual,8,128,Tensor G2,90,100,64,Good,No,,Yes,Yes,No,No,5G,Motherboard Repair,13100
Vivo,V29,32999,2024,2,Noida,Dealer,6,128,Snapdragon 695,60,92,108,Good,No,,No,No,No,No,5G,,15000
Google,Pixel 7,59999,2024,2,Patna,Individual,8,128,Snapdragon 7 Gen 3,90,81,50,Good,No,,Yes,Yes,No,No,5G,Screen Replaced,30200
Samsung,Galaxy S22,62999,2026,0,Noida,Individual,12,256,Dimensity 7200,120,100,108,Good,No,Minor,Yes,Yes,No,Yes,5G,Screen Replaced,44600
OnePlus,11R,39999,2023,3,Chennai,Dealer,6,128,A16 Bionic,90,82,50,Excellent,Yes,Heavy,Yes,Yes,Yes,No,5G,,12700
Realme,Narzo 70,19999,2023,3,Pune,Dealer,8,64,Snapdragon 7 Gen 3,90,80,50,Good,No,,Yes,Yes,Yes,No,5G,,7900
Samsung,Galaxy S21 FE,54999,2022,4,Noida,Individual,12,128,Dimensity 9200,120,77,200,Poor,No,,No,Yes,No,No,5G,,11900
Apple,iPhone 14,79999,2022,4,Mumbai,Individual,12,128,Snapdragon 8 Gen 2,60,82,108,Fair,No,Minor,Yes,Yes,Yes,No,5G,,25200
Xiaomi,Redmi Note 13 Pro,29999,2025,1,Hyderabad,Dealer,8,256,Snapdragon 695,120,88,108,Excellent,No,Minor,No,Yes,No,No,5G,Screen Replaced,17200
Xiaomi,Redmi Note 13 Pro,29999,2023,3,Noida,Individual,8,256,Dimensity 9200,60,79,200,Excellent,No,Minor,Yes,Yes,Yes,No,5G,Screen Replaced,12200
iQOO,Neo 9 Pro,37999,2024,2,Noida,Dealer,8,128,Snapdragon 7 Gen 3,120,85,108,Poor,No,Moderate,Yes,Yes,Yes,No,5G,,12000
Motorola,Edge 50 Pro,34999,2024,2,Lucknow,Individual,12,128,A16 Bionic,120,87,48,Good,No,Minor,No,Yes,Yes,No,5G,,17400
Vivo,X90,59999,2022,4,Jaipur,Individual,6,128,Tensor G3,90,72,200,Good,No,Moderate,Yes,No,No,No,5G,,18200
Realme,11 Pro+,32999,2022,4,Bengaluru,Dealer,8,128,A17 Pro,90,71,50,Good,No,Minor,Yes,Yes,Yes,No,5G,,10100
Vivo,T3,22999,2025,1,Pune,Individual,12,128,Snapdragon 8 Gen 3,120,84,50,Good,No,Moderate,Yes,Yes,Yes,No,5G,,13400
Google,Pixel 7,59999,2022,4,Noida,Individual,8,128,A16 Bionic,120,80,48,Good,No,Minor,Yes,Yes,No,No,5G,Battery Replaced,21100
Samsung,Galaxy A54,38999,2023,3,Patna,Individual,12,128,Tensor G3,120,89,48,Fair,No,Minor,Yes,Yes,No,No,5G,Screen Replaced,13800
iQOO,12,52999,2024,2,Noida,Individual,8,256,Snapdragon 8 Gen 2,90,84,50,Good,Yes,Minor,Yes,Yes,Yes,No,5G,Battery Replaced,18400
Oppo,Reno 10,32999,2024,2,Patna,Individual,8,512,Snapdragon 8 Gen 2,120,83,200,Good,Yes,Moderate,Yes,Yes,Yes,No,5G,,11500
Apple,iPhone 15,89999,2024,2,Hyderabad,Individual,16,256,A16 Bionic,120,77,48,Excellent,No,Minor,No,Yes,Yes,No,5G,,52700
Google,Pixel 7a,43999,2024,2,Chennai,Dealer,8,256,Snapdragon 8 Gen 2,90,76,200,Good,No,Minor,Yes,Yes,No,No,5G,Battery Replaced,23800
Apple,iPhone 12,65999,2023,3,Bengaluru,Dealer,12,256,Dimensity 7200,60,76,64,Fair,No,,Yes,Yes,Yes,No,5G,,25800
OnePlus,11R,39999,2023,3,Hyderabad,Dealer,8,512,Snapdragon 8 Gen 3,60,75,50,Excellent,Yes,Minor,Yes,Yes,Yes,No,5G,Motherboard Repair,9900
Samsung,Galaxy A54,38999,2022,4,Lucknow,Dealer,8,128,A15 Bionic,120,71,108,Excellent,No,,Yes,No,Yes,No,5G,,13800
Vivo,T3,22999,2021,5,Bengaluru,Dealer,16,256,Dimensity 9200,90,64,108,Excellent,No,,Yes,Yes,Yes,No,4G,Battery Replaced,6000
Samsung,Galaxy S23,74999,2024,2,Hyderabad,Individual,6,64,A16 Bionic,60,90,200,Fair,Yes,Heavy,No,Yes,Yes,No,5G,Battery Replaced,25400
iQOO,12,52999,2024,2,Patna,Individual,12,256,Tensor G2,120,76,200,Poor,No,Moderate,No,No,No,No,5G,,16600
Vivo,T3,22999,2023,3,Bengaluru,Individual,12,512,A17 Pro,120,77,64,Fair,No,,Yes,Yes,Yes,No,5G,,7700
Xiaomi,Redmi Note 13 Pro,29999,2024,2,Bengaluru,Individual,8,256,Dimensity 9200,60,85,50,Good,No,Moderate,Yes,Yes,Yes,No,5G,,14200
Xiaomi,Poco F5,29999,2022,4,Delhi,Individual,8,256,Tensor G2,60,78,200,Excellent,No,,Yes,Yes,Yes,No,5G,,10400
Vivo,V29,32999,2024,2,Jaipur,Individual,8,64,Snapdragon 8 Gen 2,90,82,50,Fair,No,,Yes,Yes,Yes,No,5G,,12800
Samsung,Galaxy A54,38999,2025,1,Chennai,Dealer,8,512,Dimensity 7200,90,84,64,Excellent,No,Moderate,No,No,No,No,5G,,26100
iQOO,Z9,21999,2021,5,Pune,Individual,8,128,Dimensity 8200,60,71,108,Good,No,Moderate,No,Yes,Yes,No,4G,,5700
Apple,iPhone 14,79999,2024,2,Mumbai,Individual,12,256,Snapdragon 8 Gen 2,120,93,48,Fair,No,Minor,Yes,Yes,No,No,5G,,41800
iQOO,Z9,21999,2024,2,Noida,Individual,8,512,Dimensity 8200,90,88,50,Fair,No,Moderate,Yes,No,Yes,No,5G,,9700
Realme,11 Pro+,32999,2024,2,Noida,Individual,6,128,A17 Pro,90,80,108,Good,No,Minor,Yes,Yes,No,No,5G,,15400
Xiaomi,Redmi Note 13 Pro,29999,2021,5,Lucknow,Individual,12,256,Snapdragon 695,120,75,48,Good,No,,Yes,Yes,No,No,4G,Screen Replaced,7100
Google,Pixel 7a,43999,2024,2,Chennai,Individual,12,128,Dimensity 7200,120,80,64,Fair,Yes,Minor,Yes,No,Yes,No,5G,,14000
Xiaomi,Poco F5,29999,2024,2,Kolkata,Individual,4,256,Tensor G3,120,82,108,Fair,No,Minor,No,Yes,No,No,5G,,11800
OnePlus,Nord 3,33999,2025,1,Kolkata,Individual,8,256,Dimensity 9200,120,95,48,Poor,No,Minor,Yes,Yes,No,No,5G,Screen Replaced,13400
Xiaomi,Poco F5,29999,2023,3,Lucknow,Individual,4,128,A16 Bionic,90,74,108,Fair,No,,Yes,Yes,No,No,5G,,9900
Samsung,Galaxy S23,74999,2023,3,Kolkata,Dealer,12,128,A15 Bionic,60,79,50,Excellent,No,,Yes,Yes,Yes,No,5G,Battery Replaced,36500
Vivo,T3,22999,2024,2,Delhi,Individual,4,64,Snapdragon 695,120,99,50,Excellent,No,Minor,Yes,No,Yes,No,5G,,11400
OnePlus,12,64999,2024,2,Hyderabad,Individual,12,128,Snapdragon 8 Gen 2,90,82,108,Good,No,Minor,No,Yes,No,No,5G,,32500
iQOO,Z9,21999,2023,3,Hyderabad,Individual,8,128,A17 Pro,90,86,48,Good,Yes,,Yes,Yes,No,No,5G,,6400
OnePlus,9 Pro,64999,2024,2,Noida,Individual,12,512,Tensor G2,90,79,200,Excellent,Yes,Moderate,No,Yes,Yes,No,5G,,26800
Motorola,Edge 40,29999,2021,5,Mumbai,Individual,12,128,A15 Bionic,120,71,64,Fair,No,Minor,No,Yes,Yes,No,4G,Battery Replaced,6500
Oppo,Find X5,69999,2023,3,Mumbai,Dealer,16,256,Tensor G2,90,83,200,Good,No,Minor,Yes,Yes,Yes,No,5G,,26900
Apple,iPhone 15,89999,2025,1,Jaipur,Individual,8,128,Snapdragon 695,120,91,48,Excellent,No,Moderate,No,No,Yes,No,5G,,69900
Motorola,Edge 50 Pro,34999,2025,1,Chennai,Individual,6,256,A16 Bionic,120,92,50,Fair,Yes,,Yes,Yes,Yes,No,5G,,13200
Realme,GT Neo 3,36999,2023,3,Chennai,Individual,4,64,A15 Bionic,90,78,200,Fair,No,Moderate,No,No,Yes,No,5G,,12400
Xiaomi,Poco F5,29999,2022,4,Mumbai,Individual,16,64,Tensor G2,60,74,108,Poor,No,Minor,Yes,Yes,No,No,5G,,6400
Apple,iPhone 13,69999,2022,4,Jaipur,Dealer,12,128,Tensor G3,60,80,200,Good,No,Minor,No,Yes,Yes,No,5G,,26300
iQOO,12,52999,2023,3,Lucknow,Dealer,8,256,A17 Pro,90,83,108,Good,No,Minor,No,Yes,Yes,No,5G,Battery Replaced,21000
Vivo,T3,22999,2021,5,Chennai,Dealer,4,128,Tensor G3,120,66,108,Good,Yes,Heavy,Yes,Yes,Yes,No,4G,,3900
Samsung,Galaxy S23,74999,2022,4,Noida,Individual,6,512,A16 Bionic,120,75,108,Good,No,Minor,No,Yes,No,No,5G,Screen Replaced,22900
OnePlus,Nord 3,33999,2024,2,Mumbai,Individual,4,256,Tensor G2,120,86,64,Good,No,Minor,No,Yes,Yes,No,5G,,17300
Xiaomi,Poco F5,29999,2022,4,Pune,Individual,12,256,A17 Pro,90,73,64,Fair,Yes,,Yes,No,Yes,No,5G,,5700
Xiaomi,Xiaomi 13 Pro,79999,2024,2,Kolkata,Individual,12,256,Tensor G3,120,97,50,Good,No,Moderate,Yes,Yes,Yes,No,5G,,38100
Xiaomi,Redmi Note 12 Pro,25999,2023,3,Chennai,Individual,8,128,Snapdragon 8 Gen 3,90,82,50,Fair,No,Minor,Yes,Yes,No,No,5G,,9000
Vivo,X90,59999,2023,3,Patna,Individual,12,256,Dimensity 9200,90,83,50,Excellent,No,,No,No,Yes,No,5G,,24500
Samsung,Galaxy A54,38999,2024,2,Bengaluru,Individual,8,128,Snapdragon 695,90,77,48,Excellent,No,,Yes,No,No,No,5G,Battery Replaced,21100
Vivo,V29,32999,2024,2,Delhi,Individual,12,256,A17 Pro,120,90,64,Good,No,,No,Yes,Yes,No,5G,,15000
Oppo,Find X5,69999,2022,4,Kolkata,Dealer,12,128,Snapdragon 695,120,74,48,Excellent,No,Minor,Yes,Yes,No,No,5G,,22700
iQOO,Z9,21999,2024,2,Pune,Individual,8,64,A16 Bionic,90,80,108,Good,No,,Yes,No,Yes,No,5G,,10600
Google,Pixel 8,75999,2021,5,Jaipur,Individual,8,256,Tensor G2,120,66,108,Excellent,No,Moderate,Yes,Yes,Yes,No,4G,,23600
Vivo,V29,32999,2023,3,Hyderabad,Individual,8,128,Snapdragon 8 Gen 3,90,80,50,Excellent,No,,Yes,Yes,No,No,5G,,13300
Samsung,Galaxy S22,62999,2025,1,Bengaluru,Individual,8,128,Snapdragon 8 Gen 2,120,89,48,Fair,No,,Yes,Yes,No,No,5G,Battery Replaced,35100
Motorola,Edge 40,29999,2026,0,Patna,Individual,12,256,Snapdragon 695,90,89,108,Good,No,Minor,No,Yes,Yes,Yes,5G,,22100
Samsung,Galaxy S23,74999,2025,1,Kolkata,Individual,16,256,Dimensity 8200,120,90,200,Good,No,,Yes,No,No,No,5G,,45600
Samsung,Galaxy S21 FE,54999,2025,1,Mumbai,Individual,8,64,Tensor G2,60,84,48,Fair,No,Moderate,No,Yes,Yes,No,5G,,31200
Oppo,F25,23999,2023,3,Bengaluru,Dealer,8,128,A16 Bionic,120,89,48,Good,No,Moderate,Yes,Yes,Yes,No,5G,Screen Replaced,9000
Motorola,Edge 50 Pro,34999,2022,4,Hyderabad,Individual,12,128,Snapdragon 8 Gen 3,120,76,50,Good,No,,No,Yes,Yes,No,5G,Battery Replaced,11600
Oppo,Find X5,69999,2021,5,Bengaluru,Individual,6,256,A16 Bionic,120,67,64,Good,No,Minor,Yes,Yes,Yes,No,4G,,17600
Vivo,X90,59999,2023,3,Jaipur,Individual,12,512,Snapdragon 695,90,78,64,Good,No,Minor,No,No,Yes,No,5G,,22700
Apple,iPhone 13,69999,2025,1,Kolkata,Individual,8,64,Tensor G2,120,87,64,Good,No,Moderate,No,Yes,Yes,No,5G,,46900
Apple,iPhone 13,69999,2021,5,Chennai,Individual,8,256,Snapdragon 7 Gen 3,120,66,64,Excellent,No,Minor,Yes,No,No,No,5G,,23200
Samsung,Galaxy S23,74999,2023,3,Chennai,Individual,8,128,Snapdragon 695,120,74,48,Fair,No,,No,No,No,No,5G,,25400
Samsung,Galaxy M35,22999,2025,1,Mumbai,Dealer,6,128,Dimensity 7200,120,99,108,Good,No,Minor,No,No,Yes,No,5G,,14300
Samsung,Galaxy S22,62999,2022,4,Pune,Individual,8,128,A16 Bionic,60,73,108,Fair,No,Heavy,No,Yes,No,No,5G,,17300
Motorola,Edge 50 Pro,34999,2025,1,Lucknow,Dealer,12,128,Snapdragon 7 Gen 3,120,87,200,Good,No,,No,Yes,Yes,No,5G,,20000
Realme,Narzo 70,19999,2023,3,Pune,Individual,16,512,Tensor G3,120,77,108,Poor,No,Minor,Yes,Yes,No,No,5G,,5300
Apple,iPhone 15,89999,2023,3,Kolkata,Individual,16,256,Dimensity 7200,120,74,108,Fair,No,Moderate,No,No,No,No,5G,,35900
Samsung,Galaxy A54,38999,2025,1,Hyderabad,Individual,8,256,A17 Pro,90,96,200,Poor,No,Minor,No,Yes,No,No,5G,,17200
Xiaomi,Redmi Note 12 Pro,25999,2022,4,Patna,Dealer,12,128,Snapdragon 8 Gen 2,120,76,48,Good,No,Minor,Yes,Yes,Yes,No,5G,Battery Replaced,8000
Realme,GT Neo 3,36999,2026,0,Bengaluru,Individual,6,256,Snapdragon 7 Gen 3,90,96,108,Good,No,Moderate,Yes,No,Yes,No,5G,Screen Replaced,24500
Samsung,Galaxy S22,62999,2025,1,Patna,Individual,12,128,Dimensity 7200,120,86,64,Fair,No,Minor,Yes,Yes,Yes,No,5G,,33800
Samsung,Galaxy M35,22999,2022,4,Pune,Individual,8,128,A17 Pro,60,64,108,Poor,No,Minor,Yes,Yes,No,No,5G,,5300
iQOO,12,52999,2024,2,Patna,Individual,8,256,Dimensity 8200,90,86,50,Excellent,No,Heavy,Yes,Yes,Yes,No,5G,,27500
Nothing,Phone (1),32999,2021,5,Chennai,Individual,16,64,Snapdragon 7 Gen 3,120,68,200,Excellent,No,Minor,Yes,Yes,Yes,No,5G,,9100
Samsung,Galaxy S22,62999,2023,3,Jaipur,Individual,8,256,A16 Bionic,120,82,108,Excellent,No,Minor,Yes,Yes,No,No,5G,,28500
Samsung,Galaxy A54,38999,2022,4,Patna,Individual,16,128,Snapdragon 695,90,79,48,Good,No,Minor,Yes,No,No,No,5G,,13100
OnePlus,11R,39999,2023,3,Noida,Dealer,8,128,Snapdragon 695,120,79,48,Good,No,,Yes,Yes,Yes,No,5G,,16900
Samsung,Galaxy S23,74999,2024,2,Jaipur,Individual,12,128,Snapdragon 7 Gen 3,60,85,64,Excellent,No,,Yes,Yes,Yes,No,5G,,41800
Samsung,Galaxy S22,62999,2026,0,Pune,Individual,6,128,A16 Bionic,60,95,200,Fair,No,Moderate,Yes,Yes,No,No,5G,Battery Replaced,41800
Google,Pixel 7a,43999,2023,3,Patna,Individual,6,256,Dimensity 8200,120,73,200,Good,No,Moderate,No,Yes,No,No,5G,Screen Replaced,17800
Google,Pixel 8,75999,2024,2,Lucknow,Individual,6,128,A16 Bionic,120,87,200,Good,No,,Yes,Yes,Yes,No,5G,,40500
iQOO,Z9,21999,2024,2,Kolkata,Individual,12,128,Snapdragon 8 Gen 2,120,89,108,Good,No,Minor,Yes,Yes,Yes,No,5G,,10500
Vivo,V29,32999,2024,2,Chennai,Individual,8,64,Snapdragon 8 Gen 2,90,75,48,Good,No,Minor,No,No,Yes,No,5G,Screen Replaced,13200
Google,Pixel 8,75999,2023,3,Patna,Individual,6,256,A15 Bionic,90,86,108,Good,Yes,,No,No,No,No,5G,,23800
Oppo,Find X5,69999,2026,0,Jaipur,Dealer,8,128,Snapdragon 8 Gen 2,90,96,64,Good,Yes,Moderate,Yes,Yes,No,No,5G,Screen Replaced,33100
Google,Pixel 8,75999,2024,2,Bengaluru,Dealer,8,128,Tensor G3,120,83,200,Good,Yes,Moderate,No,Yes,No,No,5G,Battery Replaced,29700
Xiaomi,Xiaomi 13 Pro,79999,2024,2,Jaipur,Individual,8,128,A17 Pro,120,81,108,Good,Yes,Minor,Yes,No,Yes,No,5G,,26300
Samsung,Galaxy M35,22999,2024,2,Kolkata,Individual,8,128,Snapdragon 8 Gen 3,120,85,48,Excellent,No,Minor,Yes,No,Yes,No,5G,,12900
Oppo,Reno 10,32999,2025,1,Bengaluru,Individual,16,128,A16 Bionic,120,87,48,Fair,No,,Yes,No,Yes,No,5G,,16100
Nothing,Phone (2),44999,2024,2,Pune,Individual,12,256,A16 Bionic,90,70,48,Poor,No,Heavy,Yes,No,Yes,No,5G,,15100
Apple,iPhone 14,79999,2023,3,Noida,Individual,6,64,Snapdragon 8 Gen 2,120,80,64,Excellent,No,Minor,Yes,No,Yes,No,5G,,41800
Apple,iPhone 12,65999,2025,1,Jaipur,Individual,6,256,A17 Pro,120,86,108,Good,No,Moderate,No,Yes,No,No,5G,,46300
Apple,iPhone 12,65999,2026,0,Hyderabad,Individual,12,64,A16 Bionic,120,84,48,Good,No,Heavy,Yes,Yes,No,Yes,5G,,54300
Google,Pixel 7,59999,2025,1,Pune,Dealer,8,256,A15 Bionic,90,87,108,Poor,No,Minor,Yes,Yes,No,No,5G,,26700
Xiaomi,Poco F5,29999,2023,3,Kolkata,Individual,12,256,Snapdragon 8 Gen 2,120,80,200,Excellent,No,,No,Yes,Yes,No,5G,,12000
Vivo,V29,32999,2023,3,Noida,Individual,6,128,A17 Pro,90,77,200,Good,No,Moderate,Yes,Yes,Yes,No,5G,,13000
Xiaomi,Poco F5,29999,2023,3,Pune,Individual,6,128,Snapdragon 695,60,86,48,Good,No,Minor,No,Yes,Yes,No,5G,,12000
Xiaomi,Xiaomi 13 Pro,79999,2023,3,Noida,Dealer,12,128,Dimensity 7200,120,89,200,Fair,No,Moderate,Yes,Yes,No,No,5G,,26400
Nothing,Phone (2),44999,2024,2,Lucknow,Individual,8,256,Tensor G2,120,86,200,Good,No,,Yes,Yes,Yes,No,5G,,22000
Samsung,Galaxy A54,38999,2023,3,Mumbai,Individual,8,128,A17 Pro,90,81,48,Good,No,,No,Yes,Yes,No,5G,,16900
Samsung,Galaxy A54,38999,2022,4,Noida,Individual,6,128,Dimensity 8200,90,72,108,Poor,No,Minor,Yes,Yes,Yes,No,5G,Screen Replaced,8400
Realme,GT Neo 3,36999,2025,1,Noida,Individual,4,64,A15 Bionic,120,98,50,Poor,No,,No,Yes,Yes,No,5G,,14500
Google,Pixel 7,59999,2025,1,Delhi,Individual,6,128,Dimensity 9200,90,88,48,Excellent,No,Minor,Yes,No,Yes,No,5G,,44300
Apple,iPhone 15,89999,2021,5,Pune,Individual,8,512,Dimensity 9200,120,71,200,Fair,No,,Yes,Yes,Yes,No,4G,,22900
Samsung,Galaxy S23,74999,2022,4,Bengaluru,Individual,6,128,Snapdragon 7 Gen 3,120,72,200,Good,No,Moderate,No,Yes,No,No,5G,,23900
iQOO,Z9,21999,2022,4,Pune,Individual,6,256,Snapdragon 8 Gen 2,90,68,200,Good,No,,Yes,Yes,No,No,5G,Battery Replaced,7000
Apple,iPhone 12,65999,2023,3,Noida,Dealer,6,128,Snapdragon 8 Gen 3,90,77,50,Poor,No,,Yes,Yes,No,No,5G,Motherboard Repair,16100
Google,Pixel 8,75999,2024,2,Kolkata,Individual,8,128,A17 Pro,90,82,48,Good,No,Minor,No,Yes,No,No,5G,,41000
Nothing,Phone (2a),25999,2026,0,Pune,Dealer,8,128,Dimensity 9200,120,93,200,Excellent,No,Moderate,No,Yes,Yes,Yes,5G,,21600
Realme,Narzo 70,19999,2025,1,Kolkata,Dealer,6,128,Tensor G3,90,88,200,Good,Yes,Heavy,Yes,Yes,No,No,5G,Screen Replaced,7400
iQOO,Neo 9 Pro,37999,2024,2,Kolkata,Individual,8,512,Snapdragon 8 Gen 3,90,87,48,Good,No,,No,Yes,No,No,5G,Screen Replaced,17800
Vivo,X90,59999,2023,3,Delhi,Dealer,8,256,Dimensity 9200,120,77,108,Good,Yes,Moderate,Yes,No,No,No,5G,,16400
Vivo,T3,22999,2021,5,Mumbai,Dealer,6,128,A15 Bionic,120,69,200,Fair,No,,Yes,Yes,Yes,No,5G,,4700
Samsung,Galaxy S21 FE,54999,2021,5,Patna,Dealer,8,256,Snapdragon 695,120,74,64,Fair,No,,Yes,Yes,Yes,No,4G,Battery Replaced,13400
Vivo,T3,22999,2021,5,Noida,Dealer,16,256,Dimensity 8200,120,63,108,Good,No,Moderate,Yes,Yes,Yes,No,5G,,5400
Motorola,Edge 40,29999,2024,2,Bengaluru,Individual,16,128,Snapdragon 8 Gen 2,90,80,200,Good,No,Minor,No,Yes,No,No,5G,,14800
Xiaomi,Poco F5,29999,2023,3,Delhi,Individual,4,128,Snapdragon 695,120,73,200,Good,No,Minor,Yes,Yes,No,No,5G,Screen Replaced,11100
Samsung,Galaxy S22,62999,2023,3,Patna,Individual,4,512,Dimensity 7200,120,79,200,Fair,No,,No,Yes,No,No,5G,,22600
Apple,iPhone 11,49999,2022,4,Pune,Dealer,4,256,Snapdragon 8 Gen 3,90,76,48,Fair,Yes,,Yes,Yes,No,No,5G,Motherboard Repair,8700
OnePlus,9 Pro,64999,2025,1,Pune,Individual,8,256,A15 Bionic,90,93,200,Good,Yes,Moderate,No,Yes,Yes,No,5G,,28800
Oppo,Reno 10,32999,2021,5,Patna,Dealer,6,256,Dimensity 8200,120,77,48,Excellent,No,Minor,No,Yes,No,No,4G,,8700
OnePlus,12,64999,2025,1,Chennai,Individual,12,128,A16 Bionic,120,89,200,Excellent,No,Moderate,No,No,Yes,No,5G,,42200
Xiaomi,Redmi Note 13 Pro,29999,2023,3,Bengaluru,Individual,6,128,Snapdragon 8 Gen 2,120,81,64,Good,No,,No,Yes,No,No,5G,Battery Replaced,11100
Samsung,Galaxy S23,74999,2023,3,Mumbai,Individual,8,128,Dimensity 9200,120,82,50,Excellent,Yes,Minor,Yes,Yes,Yes,No,5G,,25500
Apple,iPhone 15,89999,2023,3,Bengaluru,Individual,16,128,Dimensity 8200,90,79,64,Excellent,No,Minor,Yes,Yes,Yes,No,5G,Battery Replaced,45500
Samsung,Galaxy M35,22999,2024,2,Noida,Dealer,8,128,Snapdragon 8 Gen 3,60,93,50,Fair,No,Minor,Yes,Yes,Yes,No,5G,,10200
iQOO,12,52999,2023,3,Patna,Individual,16,128,Tensor G3,60,78,108,Good,No,Moderate,Yes,Yes,No,No,5G,,21400
Vivo,X90,59999,2026,0,Bengaluru,Individual,12,128,Dimensity 8200,90,87,108,Fair,No,Heavy,No,Yes,No,Yes,5G,,33600
Xiaomi,Poco F5,29999,2023,3,Chennai,Individual,8,256,Snapdragon 7 Gen 3,90,74,64,Good,No,,Yes,Yes,No,No,5G,,11300
Vivo,X90,59999,2024,2,Pune,Dealer,8,128,Tensor G2,90,77,64,Good,No,Minor,No,Yes,No,No,5G,,26300
Xiaomi,Xiaomi 13 Pro,79999,2024,2,Kolkata,Dealer,16,128,Snapdragon 695,120,83,108,Good,No,Minor,Yes,Yes,Yes,No,5G,,38400
Nothing,Phone (2a),25999,2022,4,Noida,Individual,8,256,Snapdragon 695,120,70,108,Good,No,,No,Yes,Yes,No,5G,,8400
Samsung,Galaxy S23,74999,2022,4,Mumbai,Individual,8,128,A15 Bionic,120,69,50,Good,No,,Yes,Yes,No,No,5G,,25900
Xiaomi,Redmi Note 13 Pro,29999,2023,3,Pune,Dealer,12,512,Tensor G2,120,71,200,Good,No,Moderate,No,Yes,No,No,5G,,11100
Xiaomi,Xiaomi 13 Pro,79999,2025,1,Bengaluru,Individual,8,512,A16 Bionic,90,79,64,Fair,No,Minor,Yes,Yes,Yes,No,5G,Motherboard Repair,29100
Realme,Narzo 70,19999,2025,1,Lucknow,Dealer,12,64,Tensor G3,120,99,50,Good,No,Minor,Yes,Yes,Yes,No,5G,,11600
iQOO,Neo 9 Pro,37999,2023,3,Kolkata,Individual,6,128,A15 Bionic,60,83,50,Fair,No,Moderate,No,No,Yes,No,5G,Screen Replaced,12600
Vivo,T3,22999,2024,2,Bengaluru,Individual,12,128,Tensor G2,120,85,108,Good,Yes,Minor,No,Yes,No,No,5G,,7800
Motorola,Edge 50 Pro,34999,2024,2,Lucknow,Individual,8,256,Snapdragon 8 Gen 2,120,83,48,Good,No,Moderate,No,No,No,No,5G,,16400
Xiaomi,Poco F5,29999,2024,2,Chennai,Dealer,12,512,A15 Bionic,90,86,50,Excellent,No,Moderate,Yes,Yes,Yes,No,5G,,16100
Samsung,Galaxy S22,62999,2023,3,Jaipur,Dealer,8,128,A15 Bionic,60,88,200,Good,No,,Yes,Yes,Yes,No,5G,Screen Replaced,26500
Oppo,Find X5,69999,2023,3,Noida,Individual,16,256,Dimensity 8200,90,77,200,Good,No,,Yes,Yes,Yes,No,5G,,26300
iQOO,Neo 9 Pro,37999,2024,2,Delhi,Dealer,8,128,Dimensity 8200,120,85,108,Poor,No,Moderate,No,Yes,No,No,5G,Battery Replaced,12600
Realme,11 Pro+,32999,2021,5,Lucknow,Dealer,4,64,Dimensity 9200,120,63,50,Excellent,No,Heavy,Yes,No,Yes,No,4G,,8900
OnePlus,11R,39999,2023,3,Mumbai,Individual,8,256,Dimensity 8200,120,78,108,Good,No,,Yes,No,Yes,No,5G,Battery Replaced,16600
Vivo,V29,32999,2021,5,Noida,Individual,8,512,Dimensity 7200,60,65,64,Good,No,Minor,Yes,Yes,Yes,No,4G,Battery Replaced,8300
OnePlus,Nord 3,33999,2025,1,Bengaluru,Individual,16,128,Snapdragon 8 Gen 2,60,78,108,Excellent,No,Moderate,Yes,No,Yes,No,5G,,22600
Vivo,V29,32999,2024,2,Delhi,Individual,8,256,Snapdragon 8 Gen 3,60,89,200,Fair,No,Moderate,Yes,Yes,No,No,5G,,13200
Apple,iPhone 14,79999,2025,1,Noida,Dealer,8,256,Dimensity 8200,120,85,50,Fair,No,Moderate,No,Yes,No,No,5G,,46400
Vivo,T3,22999,2022,4,Pune,Individual,8,128,A17 Pro,120,83,64,Good,No,,Yes,Yes,Yes,No,5G,Battery Replaced,7300
Apple,iPhone 15,89999,2022,4,Jaipur,Dealer,8,256,A16 Bionic,90,72,108,Excellent,No,Minor,No,Yes,Yes,No,5G,,35200
Samsung,Galaxy S22,62999,2025,1,Chennai,Individual,6,128,A16 Bionic,90,98,64,Good,No,Minor,Yes,Yes,Yes,No,5G,,40600
Nothing,Phone (2a),25999,2023,3,Mumbai,Individual,12,256,Tensor G2,120,78,108,Good,No,Minor,Yes,Yes,Yes,No,5G,,10300
Xiaomi,Redmi Note 13 Pro,29999,2024,2,Hyderabad,Dealer,6,256,A17 Pro,90,82,50,Excellent,No,Minor,No,Yes,No,No,5G,,14900
Oppo,Reno 10,32999,2025,1,Jaipur,Individual,6,128,Snapdragon 8 Gen 2,90,90,64,Good,No,,Yes,Yes,Yes,No,5G,,18100
Apple,iPhone 13,69999,2025,1,Bengaluru,Individual,8,512,Snapdragon 8 Gen 2,60,91,50,Good,No,,No,Yes,Yes,No,5G,,48400
Apple,iPhone 13,69999,2021,5,Noida,Individual,16,128,Snapdragon 8 Gen 3,120,70,64,Excellent,No,Moderate,Yes,Yes,Yes,No,4G,,22000
Apple,iPhone 15,89999,2025,1,Jaipur,Individual,8,128,Tensor G2,60,93,200,Excellent,Yes,Minor,Yes,No,Yes,No,5G,Battery Replaced,50700
Xiaomi,Redmi Note 13 Pro,29999,2024,2,Bengaluru,Individual,6,128,A17 Pro,60,74,48,Fair,No,Minor,Yes,No,Yes,No,5G,,12500
Vivo,T3,22999,2023,3,Pune,Dealer,16,256,Snapdragon 7 Gen 3,60,77,64,Poor,No,Moderate,No,Yes,Yes,No,5G,,6100
Apple,iPhone 15,89999,2022,4,Delhi,Individual,8,256,A15 Bionic,120,82,50,Fair,No,Moderate,No,Yes,No,No,5G,,29800
Nothing,Phone (1),32999,2022,4,Pune,Dealer,6,512,A15 Bionic,120,72,48,Fair,No,Minor,No,Yes,Yes,No,5G,,8900
Apple,iPhone 11,49999,2022,4,Chennai,Individual,16,256,Dimensity 8200,90,60,108,Good,No,,Yes,Yes,Yes,No,5G,,18800
Vivo,X90,59999,2025,1,Chennai,Individual,12,128,Snapdragon 8 Gen 2,90,87,50,Good,No,Heavy,Yes,Yes,No,No,5G,,32400
Xiaomi,Poco F5,29999,2023,3,Pune,Individual,8,128,Snapdragon 8 Gen 3,90,82,200,Good,Yes,,Yes,Yes,Yes,No,5G,Battery Replaced,8100
Realme,11 Pro+,32999,2025,1,Mumbai,Individual,12,512,Snapdragon 695,120,81,48,Excellent,No,,Yes,Yes,No,No,5G,,20700
Apple,iPhone 12,65999,2026,0,Mumbai,Dealer,12,256,Dimensity 8200,90,95,48,Good,No,Heavy,Yes,No,Yes,Yes,5G,,54500
Apple,iPhone 12,65999,2024,2,Patna,Individual,4,128,Tensor G2,90,79,50,Good,No,Minor,Yes,Yes,Yes,No,5G,Motherboard Repair,27700
Samsung,Galaxy S23,74999,2024,2,Chennai,Individual,8,256,Tensor G3,120,87,48,Good,Yes,Minor,No,Yes,No,No,5G,,26900
OnePlus,9 Pro,64999,2025,1,Noida,Dealer,8,128,Snapdragon 695,120,83,48,Good,No,Minor,Yes,No,No,No,5G,Battery Replaced,39000
Samsung,Galaxy A54,38999,2021,5,Pune,Individual,8,256,Snapdragon 695,60,65,108,Fair,No,Moderate,No,Yes,Yes,No,5G,,8800
Xiaomi,Poco F5,29999,2024,2,Chennai,Individual,12,256,A15 Bionic,90,83,64,Fair,No,Minor,Yes,No,Yes,No,5G,Screen Replaced,12000
Xiaomi,Redmi Note 13 Pro,29999,2025,1,Patna,Dealer,12,64,A17 Pro,120,95,50,Excellent,No,Heavy,Yes,Yes,No,No,5G,Battery Replaced,20100
Nothing,Phone (2),44999,2022,4,Mumbai,Individual,12,512,A17 Pro,120,76,200,Fair,No,,Yes,Yes,No,No,5G,,12600
Vivo,X90,59999,2025,1,Lucknow,Individual,12,512,Tensor G3,60,87,48,Excellent,No,Minor,Yes,Yes,No,No,5G,Screen Replaced,33200
Samsung,Galaxy A54,38999,2024,2,Patna,Dealer,6,512,A15 Bionic,120,85,108,Fair,No,Moderate,No,Yes,Yes,No,5G,,17200
Oppo,Reno 10,32999,2024,2,Hyderabad,Dealer,8,128,Dimensity 7200,120,84,48,Fair,No,,No,No,No,No,5G,,12700
Apple,iPhone 11,49999,2022,4,Lucknow,Individual,8,64,Dimensity 9200,120,74,64,Excellent,Yes,Minor,No,Yes,Yes,No,5G,,14900
Nothing,Phone (2),44999,2025,1,Jaipur,Individual,8,128,Tensor G2,120,90,64,Good,No,Moderate,Yes,Yes,No,No,5G,Screen Replaced,27100
Oppo,Reno 10,32999,2026,0,Lucknow,Individual,4,64,Snapdragon 7 Gen 3,120,100,108,Good,No,,Yes,Yes,Yes,Yes,5G,Screen Replaced,22700
Xiaomi,Redmi Note 13 Pro,29999,2025,1,Noida,Individual,8,256,Dimensity 9200,90,93,200,Good,No,,Yes,Yes,No,No,5G,,17900
Xiaomi,Redmi Note 13 Pro,29999,2025,1,Mumbai,Individual,8,128,A17 Pro,90,82,64,Excellent,No,,No,Yes,Yes,No,5G,,19500
Samsung,Galaxy S23,74999,2024,2,Bengaluru,Individual,12,128,Dimensity 9200,120,86,48,Excellent,Yes,Moderate,Yes,Yes,Yes,No,5G,,30900
Nothing,Phone (1),32999,2022,4,Kolkata,Individual,12,128,Snapdragon 8 Gen 3,120,80,64,Fair,No,Minor,Yes,No,No,No,5G,,9200
Realme,GT Neo 3,36999,2021,5,Patna,Dealer,8,128,Snapdragon 695,120,74,48,Good,Yes,,Yes,No,Yes,No,5G,,6600
OnePlus,11R,39999,2026,0,Mumbai,Individual,8,128,Dimensity 8200,90,100,108,Fair,No,Minor,Yes,Yes,Yes,Yes,5G,,28000
Xiaomi,Redmi Note 13 Pro,29999,2025,1,Delhi,Individual,6,128,A17 Pro,90,93,200,Excellent,No,Minor,Yes,Yes,Yes,No,5G,,18900
Oppo,Find X5,69999,2023,3,Patna,Individual,6,64,Snapdragon 8 Gen 2,60,76,200,Good,No,Minor,Yes,Yes,Yes,No,5G,,26400
Motorola,Edge 40,29999,2026,0,Lucknow,Individual,12,512,Snapdragon 8 Gen 3,120,92,108,Excellent,No,Minor,Yes,Yes,No,Yes,5G,,23900
Xiaomi,Poco F5,29999,2024,2,Delhi,Individual,6,128,Snapdragon 695,120,76,50,Poor,No,Heavy,No,Yes,Yes,No,5G,,9200
Apple,iPhone 13,69999,2025,1,Noida,Dealer,4,64,Snapdragon 8 Gen 2,90,94,48,Fair,No,Moderate,Yes,Yes,Yes,No,5G,,45400
Samsung,Galaxy S21 FE,54999,2026,0,Lucknow,Dealer,6,128,Snapdragon 8 Gen 3,60,93,64,Good,No,Minor,Yes,Yes,Yes,No,5G,,44600
Nothing,Phone (2a),25999,2023,3,Lucknow,Individual,12,128,Snapdragon 8 Gen 3,60,78,64,Good,No,,No,Yes,No,No,5G,,10600
Samsung,Galaxy S21 FE,54999,2022,4,Hyderabad,Dealer,8,64,Snapdragon 695,120,75,48,Good,No,Minor,Yes,Yes,No,No,5G,,17600
Apple,iPhone 13,69999,2024,2,Jaipur,Dealer,12,256,Snapdragon 7 Gen 3,120,80,50,Good,No,Minor,Yes,Yes,No,No,5G,Screen Replaced,38100
Vivo,T3,22999,2023,3,Noida,Individual,6,128,Snapdragon 8 Gen 2,120,85,200,Poor,No,,Yes,No,Yes,No,5G,,5700
Apple,iPhone 15,89999,2023,3,Pune,Individual,8,128,Dimensity 9200,60,80,48,Good,No,Moderate,No,No,Yes,No,5G,,43400
Apple,iPhone 12,65999,2023,3,Chennai,Individual,4,256,Dimensity 8200,120,84,108,Good,No,Minor,Yes,Yes,No,No,5G,,31000
Samsung,Galaxy S23,74999,2022,4,Noida,Dealer,6,256,A15 Bionic,90,72,48,Excellent,No,,No,No,No,No,5G,Screen Replaced,24100
Oppo,F25,23999,2024,2,Kolkata,Individual,8,512,Dimensity 7200,90,82,50,Excellent,No,Moderate,Yes,Yes,No,No,5G,,12100
Samsung,Galaxy S22,62999,2023,3,Patna,Individual,6,128,Dimensity 7200,60,81,50,Excellent,No,Minor,Yes,No,No,No,5G,Screen Replaced,25600
Apple,iPhone 14,79999,2023,3,Patna,Individual,4,128,Dimensity 9200,120,73,200,Good,No,Minor,No,Yes,Yes,No,5G,Battery Replaced,36600
Apple,iPhone 13,69999,2022,4,Pune,Dealer,8,256,Dimensity 8200,90,67,108,Fair,No,Moderate,Yes,Yes,Yes,No,5G,,22300
OnePlus,11R,39999,2023,3,Jaipur,Individual,12,256,A15 Bionic,120,77,200,Excellent,No,Moderate,Yes,Yes,No,No,5G,,17100
Xiaomi,Redmi Note 13 Pro,29999,2021,5,Lucknow,Dealer,12,256,A15 Bionic,90,73,108,Excellent,Yes,,Yes,Yes,Yes,No,4G,,5900
iQOO,Z9,21999,2025,1,Hyderabad,Dealer,8,512,Snapdragon 7 Gen 3,120,93,200,Excellent,Yes,Minor,Yes,Yes,No,No,5G,,10100
Oppo,Reno 10,32999,2025,1,Noida,Dealer,6,128,Snapdragon 8 Gen 2,120,95,200,Good,No,Heavy,No,Yes,No,No,5G,,19500
OnePlus,Nord 3,33999,2022,4,Chennai,Individual,16,256,Snapdragon 695,90,75,64,Good,No,,No,No,No,No,5G,Battery Replaced,11200
Samsung,Galaxy M35,22999,2024,2,Noida,Individual,16,128,A17 Pro,120,87,200,Excellent,No,,Yes,No,Yes,No,5G,,12600
Motorola,G84,19999,2021,5,Mumbai,Individual,8,128,Snapdragon 7 Gen 3,120,75,64,Poor,No,Minor,Yes,Yes,No,No,5G,,3400
Xiaomi,Poco F5,29999,2021,5,Patna,Individual,12,128,Dimensity 7200,120,67,108,Good,No,,Yes,Yes,No,No,5G,,7000
Realme,11 Pro+,32999,2025,1,Pune,Individual,16,256,Snapdragon 8 Gen 3,90,85,64,Excellent,No,,Yes,No,Yes,No,5G,,21300
Xiaomi,Redmi Note 12 Pro,25999,2021,5,Jaipur,Dealer,6,256,Dimensity 8200,90,69,48,Excellent,No,Minor,Yes,No,Yes,No,5G,,6800
Apple,iPhone 11,49999,2025,1,Noida,Dealer,8,256,A16 Bionic,120,87,64,Fair,No,,Yes,Yes,No,No,5G,Screen Replaced,29500
OnePlus,Nord 3,33999,2023,3,Pune,Dealer,12,256,Dimensity 9200,120,76,200,Good,No,,Yes,Yes,Yes,No,5G,,14100
Xiaomi,Redmi Note 13 Pro,29999,2026,0,Kolkata,Individual,12,128,Snapdragon 8 Gen 3,120,100,200,Excellent,No,Moderate,Yes,Yes,Yes,Yes,5G,Motherboard Repair,17200
Apple,iPhone 12,65999,2026,0,Kolkata,Dealer,12,256,A15 Bionic,90,90,64,Excellent,No,,Yes,Yes,Yes,No,5G,,59000
OnePlus,12,64999,2022,4,Hyderabad,Individual,8,128,Snapdragon 695,120,74,200,Fair,No,Moderate,No,Yes,No,No,5G,,19200
Motorola,Edge 40,29999,2023,3,Hyderabad,Individual,16,512,Tensor G2,120,77,108,Excellent,No,,Yes,No,Yes,No,5G,Screen Replaced,12400
OnePlus,11R,39999,2023,3,Chennai,Individual,8,512,Dimensity 7200,90,81,200,Excellent,No,,No,Yes,Yes,No,5G,Screen Replaced,17400
Samsung,Galaxy M35,22999,2025,1,Bengaluru,Dealer,8,256,Snapdragon 8 Gen 3,60,83,48,Excellent,No,Minor,No,No,No,No,5G,,15600
Apple,iPhone 12,65999,2021,5,Mumbai,Dealer,12,512,A17 Pro,120,60,64,Good,No,,Yes,Yes,Yes,No,4G,,19300
Motorola,Edge 40,29999,2023,3,Chennai,Individual,8,128,Snapdragon 8 Gen 3,120,79,108,Good,No,,Yes,No,No,No,5G,,12000
Oppo,Find X5,69999,2024,2,Mumbai,Dealer,8,128,Dimensity 8200,60,86,64,Good,No,Minor,Yes,No,No,No,5G,,32500
Samsung,Galaxy S23,74999,2023,3,Kolkata,Dealer,12,64,Dimensity 7200,120,73,200,Good,No,Minor,Yes,Yes,Yes,No,5G,,30700
Nothing,Phone (2a),25999,2023,3,Bengaluru,Dealer,8,256,Dimensity 7200,90,75,200,Excellent,No,Moderate,No,No,No,No,5G,Motherboard Repair,8700
Oppo,F25,23999,2023,3,Mumbai,Dealer,8,512,Tensor G2,120,76,50,Poor,No,,No,Yes,Yes,No,5G,Battery Replaced,5800
Xiaomi,Poco F5,29999,2026,0,Jaipur,Individual,12,256,Snapdragon 8 Gen 2,90,98,200,Excellent,No,Minor,Yes,No,Yes,Yes,5G,,23200
Apple,iPhone 15,89999,2022,4,Chennai,Individual,12,512,A17 Pro,90,67,108,Fair,No,Moderate,Yes,No,Yes,No,5G,Screen Replaced,25900
Xiaomi,Redmi Note 13 Pro,29999,2023,3,Mumbai,Dealer,6,64,Dimensity 7200,60,76,64,Poor,No,,No,No,No,No,5G,,7400
Samsung,Galaxy S23,74999,2025,1,Lucknow,Individual,16,128,Dimensity 9200,120,90,200,Excellent,No,,Yes,No,No,No,5G,,52600
Apple,iPhone 13,69999,2024,2,Noida,Individual,12,128,Snapdragon 7 Gen 3,90,78,108,Good,No,Minor,Yes,No,Yes,No,5G,,39900
iQOO,12,52999,2026,0,Kolkata,Dealer,6,512,Snapdragon 8 Gen 3,120,94,200,Good,No,Minor,Yes,Yes,No,No,5G,Screen Replaced,37200
Apple,iPhone 11,49999,2024,2,Patna,Dealer,6,256,A17 Pro,120,82,48,Good,No,Minor,Yes,Yes,No,No,5G,,28000
Nothing,Phone (1),32999,2021,5,Delhi,Dealer,8,128,Dimensity 8200,120,70,50,Excellent,No,Heavy,Yes,No,No,No,4G,,9100
Motorola,Edge 50 Pro,34999,2024,2,Kolkata,Individual,8,256,Tensor G3,120,97,48,Poor,No,Moderate,No,Yes,Yes,No,5G,,11400
Apple,iPhone 15,89999,2026,0,Chennai,Individual,6,512,A16 Bionic,120,97,64,Good,No,Minor,Yes,Yes,Yes,No,5G,,78800
Apple,iPhone 13,69999,2024,2,Delhi,Individual,12,128,A15 Bionic,120,84,200,Good,No,Minor,Yes,Yes,No,No,5G,Screen Replaced,38100
Vivo,X90,59999,2025,1,Noida,Individual,8,256,Snapdragon 8 Gen 2,120,88,50,Fair,No,Minor,Yes,Yes,Yes,No,5G,,29600
Xiaomi,Redmi Note 12 Pro,25999,2021,5,Pune,Individual,16,64,Tensor G3,120,66,64,Good,No,Minor,Yes,Yes,Yes,No,5G,,6100
iQOO,12,52999,2025,1,Bengaluru,Dealer,8,128,Snapdragon 8 Gen 3,120,86,50,Good,No,Minor,Yes,Yes,Yes,No,5G,,32100
Samsung,Galaxy M35,22999,2024,2,Kolkata,Dealer,6,256,A17 Pro,90,88,200,Good,Yes,Minor,No,Yes,No,No,5G,Battery Replaced,8800
Samsung,Galaxy S23,74999,2025,1,Kolkata,Individual,16,256,Snapdragon 7 Gen 3,120,96,48,Poor,Yes,Minor,No,Yes,No,No,5G,Battery Replaced,22900
Apple,iPhone 11,49999,2023,3,Mumbai,Dealer,8,256,Tensor G2,90,71,200,Excellent,No,Moderate,Yes,Yes,No,No,5G,Battery Replaced,24000
Realme,11 Pro+,32999,2023,3,Pune,Individual,8,128,Snapdragon 695,90,81,64,Fair,Yes,,Yes,Yes,Yes,No,5G,,8200
Oppo,F25,23999,2024,2,Mumbai,Individual,8,128,Snapdragon 8 Gen 2,120,87,108,Excellent,No,Minor,Yes,Yes,Yes,No,5G,,12300
Xiaomi,Redmi Note 13 Pro,29999,2023,3,Bengaluru,Dealer,6,256,Dimensity 7200,90,79,64,Excellent,Yes,Moderate,No,Yes,No,No,5G,,9200
Motorola,G84,19999,2024,2,Kolkata,Individual,12,256,Snapdragon 8 Gen 2,120,91,48,Good,No,Minor,Yes,No,No,No,5G,,9800
Realme,11 Pro+,32999,2021,5,Mumbai,Individual,12,128,Dimensity 7200,90,66,64,Fair,No,Heavy,Yes,Yes,Yes,No,4G,,6900
Nothing,Phone (2),44999,2024,2,Jaipur,Individual,8,256,Dimensity 7200,90,84,64,Excellent,No,Minor,No,Yes,Yes,No,5G,Screen Replaced,23100
Xiaomi,Poco F5,29999,2026,0,Mumbai,Individual,12,256,Dimensity 9200,60,88,48,Excellent,Yes,Minor,Yes,No,Yes,Yes,5G,,17200
Motorola,G84,19999,2022,4,Chennai,Dealer,4,128,Snapdragon 695,60,84,48,Good,No,Minor,No,Yes,Yes,No,5G,,6700
Samsung,Galaxy S23,74999,2025,1,Jaipur,Dealer,12,256,Dimensity 7200,90,88,200,Fair,Yes,Heavy,No,Yes,No,No,5G,,30800
Samsung,Galaxy M35,22999,2025,1,Pune,Individual,6,256,Tensor G3,90,84,200,Poor,No,,Yes,Yes,Yes,No,5G,,10300
Nothing,Phone (1),32999,2022,4,Lucknow,Dealer,8,128,Snapdragon 8 Gen 3,90,66,48,Fair,No,Minor,Yes,Yes,Yes,No,5G,,9400
OnePlus,11R,39999,2025,1,Bengaluru,Individual,8,128,Snapdragon 7 Gen 3,90,93,64,Good,No,,Yes,Yes,No,No,5G,,26400
Samsung,Galaxy A54,38999,2024,2,Pune,Dealer,4,512,Snapdragon 8 Gen 3,60,88,48,Poor,No,Minor,No,Yes,Yes,No,5G,,13800
Motorola,Edge 50 Pro,34999,2024,2,Kolkata,Dealer,6,128,A17 Pro,60,81,50,Good,No,Minor,No,No,No,No,5G,,17100
Apple,iPhone 14,79999,2025,1,Jaipur,Individual,8,256,Snapdragon 7 Gen 3,90,90,50,Fair,No,,No,Yes,Yes,No,5G,,48400
OnePlus,9 Pro,64999,2024,2,Jaipur,Individual,8,128,A15 Bionic,90,82,50,Good,No,Moderate,No,Yes,No,No,5G,Battery Replaced,31400
iQOO,Z9,21999,2025,1,Pune,Individual,16,256,A15 Bionic,120,85,108,Excellent,No,Minor,Yes,Yes,Yes,No,5G,,14700
Samsung,Galaxy S21 FE,54999,2022,4,Bengaluru,Individual,6,128,Tensor G2,90,83,50,Good,No,,Yes,No,No,No,5G,Screen Replaced,17900
Motorola,Edge 50 Pro,34999,2023,3,Hyderabad,Individual,8,256,Dimensity 7200,120,87,48,Fair,No,Minor,Yes,Yes,No,No,5G,,12800
Motorola,Edge 40,29999,2022,4,Hyderabad,Dealer,12,256,Dimensity 7200,120,79,48,Good,No,Minor,No,No,No,No,5G,,9000
Samsung,Galaxy S22,62999,2023,3,Mumbai,Individual,6,256,Tensor G3,120,83,48,Excellent,No,Moderate,Yes,No,Yes,No,5G,,28100
Apple,iPhone 14,79999,2024,2,Mumbai,Dealer,8,256,Snapdragon 8 Gen 3,90,69,64,Fair,No,Minor,Yes,Yes,No,No,5G,,40200
Vivo,T3,22999,2022,4,Chennai,Individual,4,256,Tensor G2,60,80,64,Good,No,Moderate,Yes,Yes,No,No,5G,,6800
Apple,iPhone 13,69999,2022,4,Bengaluru,Dealer,8,128,A17 Pro,120,73,200,Poor,No,,Yes,Yes,Yes,No,5G,,17000
Vivo,T3,22999,2023,3,Delhi,Individual,8,128,Snapdragon 7 Gen 3,120,82,108,Good,No,,Yes,Yes,No,No,5G,Screen Replaced,7900
Apple,iPhone 14,79999,2024,2,Chennai,Dealer,16,256,A17 Pro,90,81,48,Fair,No,Moderate,Yes,Yes,Yes,No,5G,,38800
Google,Pixel 7,59999,2026,0,Pune,Individual,6,128,Snapdragon 8 Gen 2,120,94,64,Good,No,,Yes,Yes,Yes,Yes,5G,Screen Replaced,43700
Samsung,Galaxy S22,62999,2023,3,Noida,Individual,8,128,A17 Pro,60,76,48,Excellent,No,Moderate,No,Yes,Yes,No,5G,,28100
Samsung,Galaxy S22,62999,2025,1,Mumbai,Individual,4,256,Tensor G3,120,87,50,Excellent,No,Minor,Yes,Yes,Yes,No,5G,,43400
Google,Pixel 7a,43999,2023,3,Lucknow,Individual,12,128,Dimensity 9200,60,79,64,Good,Yes,,No,Yes,Yes,No,5G,,13600
OnePlus,11R,39999,2023,3,Kolkata,Dealer,12,256,Snapdragon 7 Gen 3,90,80,108,Good,No,Minor,Yes,Yes,No,No,5G,,16000
Motorola,Edge 40,29999,2022,4,Hyderabad,Dealer,6,256,Tensor G3,60,72,48,Excellent,No,,No,Yes,Yes,No,5G,Screen Replaced,9400
Samsung,Galaxy A54,38999,2024,2,Hyderabad,Dealer,8,256,A15 Bionic,60,91,64,Good,No,Minor,No,Yes,No,No,5G,,21300
OnePlus,12,64999,2023,3,Mumbai,Individual,8,128,Snapdragon 8 Gen 3,60,80,64,Good,Yes,Moderate,Yes,No,Yes,No,5G,,19100
Oppo,F25,23999,2026,0,Delhi,Individual,8,128,Dimensity 9200,120,96,200,Excellent,No,Minor,No,Yes,Yes,Yes,5G,,17300
Apple,iPhone 14,79999,2024,2,Chennai,Individual,8,256,Snapdragon 7 Gen 3,90,82,48,Good,No,,Yes,No,No,No,5G,,42900
iQOO,Z9,21999,2024,2,Mumbai,Individual,16,128,A16 Bionic,60,87,200,Good,No,,Yes,Yes,No,No,5G,,10400
Samsung,Galaxy S23,74999,2025,1,Delhi,Dealer,6,256,Dimensity 9200,120,90,64,Good,No,,No,Yes,Yes,No,5G,,45600
iQOO,12,52999,2025,1,Mumbai,Individual,12,512,A17 Pro,90,91,48,Good,Yes,Moderate,Yes,Yes,Yes,No,5G,Battery Replaced,24100
OnePlus,11R,39999,2026,0,Chennai,Individual,8,256,Dimensity 7200,120,98,50,Poor,No,,Yes,Yes,No,No,5G,,21400
iQOO,Neo 9 Pro,37999,2022,4,Patna,Dealer,8,64,Snapdragon 695,120,72,48,Excellent,No,Heavy,Yes,No,No,No,5G,,12200
Apple,iPhone 15,89999,2024,2,Mumbai,Dealer,6,128,Snapdragon 8 Gen 2,90,86,200,Poor,No,,No,Yes,No,No,5G,Battery Replaced,32900
Xiaomi,Redmi Note 13 Pro,29999,2022,4,Hyderabad,Individual,12,64,Snapdragon 7 Gen 3,120,76,48,Excellent,No,Minor,No,Yes,Yes,No,5G,Battery Replaced,9800
Samsung,Galaxy A54,38999,2024,2,Pune,Individual,6,128,Tensor G3,90,87,200,Fair,No,Minor,No,Yes,No,No,5G,,17100
Motorola,Edge 40,29999,2025,1,Patna,Individual,8,256,A17 Pro,60,86,64,Poor,No,Minor,Yes,Yes,No,No,5G,,12200
iQOO,Z9,21999,2024,2,Noida,Individual,8,128,Snapdragon 8 Gen 3,120,82,200,Fair,No,Moderate,Yes,Yes,Yes,No,5G,Screen Replaced,9000
Apple,iPhone 12,65999,2023,3,Patna,Dealer,6,128,Tensor G3,60,87,48,Good,Yes,Minor,Yes,Yes,No,No,5G,Battery Replaced,23100
Oppo,Reno 10,32999,2023,3,Kolkata,Individual,12,256,Snapdragon 8 Gen 2,90,77,200,Good,No,Minor,Yes,Yes,Yes,No,5G,,12100
Motorola,Edge 40,29999,2024,2,Delhi,Individual,8,256,Dimensity 9200,90,79,64,Good,No,,Yes,Yes,Yes,No,5G,,14100
Apple,iPhone 11,49999,2025,1,Chennai,Individual,8,512,Dimensity 7200,90,89,64,Good,No,,No,Yes,No,No,5G,,33800
Apple,iPhone 12,65999,2023,3,Hyderabad,Individual,12,128,Tensor G3,120,83,50,Good,No,,Yes,No,No,No,5G,,30000
Apple,iPhone 13,69999,2023,3,Pune,Individual,8,512,Snapdragon 8 Gen 2,60,71,108,Good,Yes,Moderate,Yes,Yes,No,No,5G,,22000
iQOO,Neo 9 Pro,37999,2022,4,Mumbai,Individual,16,128,Tensor G3,120,76,200,Good,No,Minor,Yes,Yes,Yes,No,5G,,11700
Samsung,Galaxy M35,22999,2024,2,Patna,Individual,16,128,Dimensity 8200,90,85,64,Poor,No,Moderate,No,No,No,No,5G,,8200
Vivo,V29,32999,2023,3,Chennai,Individual,4,128,Tensor G3,60,83,108,Good,No,Moderate,No,No,Yes,No,5G,,12600
Motorola,Edge 50 Pro,34999,2023,3,Bengaluru,Individual,8,256,Dimensity 8200,120,80,50,Excellent,No,Minor,Yes,Yes,Yes,No,5G,,14600
Apple,iPhone 12,65999,2025,1,Patna,Individual,4,128,Snapdragon 695,120,85,48,Poor,Yes,,No,Yes,Yes,No,5G,Motherboard Repair,16600
Google,Pixel 8,75999,2023,3,Lucknow,Dealer,12,256,Dimensity 7200,120,84,64,Fair,No,,No,Yes,Yes,No,5G,Battery Replaced,28400
Xiaomi,Redmi Note 12 Pro,25999,2023,3,Chennai,Individual,8,512,Snapdragon 695,90,81,108,Excellent,No,Heavy,No,No,Yes,No,5G,,11300
Xiaomi,Redmi Note 13 Pro,29999,2022,4,Hyderabad,Individual,12,256,Tensor G2,120,74,64,Good,No,Heavy,No,Yes,Yes,No,5G,,9500
Xiaomi,Xiaomi 13 Pro,79999,2026,0,Hyderabad,Individual,4,128,A17 Pro,120,100,200,Excellent,No,Minor,No,Yes,No,Yes,5G,,62600
Vivo,T3,22999,2022,4,Mumbai,Individual,6,128,Dimensity 9200,120,74,64,Good,No,,Yes,Yes,No,No,5G,,7200
Motorola,G84,19999,2024,2,Bengaluru,Individual,8,128,Tensor G3,120,86,64,Good,No,,Yes,Yes,Yes,No,5G,,10200
Xiaomi,Redmi Note 12 Pro,25999,2026,0,Hyderabad,Individual,8,256,A16 Bionic,120,100,64,Excellent,No,Moderate,Yes,Yes,No,Yes,5G,,21000
Samsung,Galaxy A54,38999,2025,1,Chennai,Individual,16,256,Dimensity 7200,120,77,50,Fair,No,Minor,Yes,Yes,No,No,5G,,20000
Motorola,Edge 50 Pro,34999,2022,4,Pune,Individual,8,256,Dimensity 7200,60,74,48,Good,No,Minor,No,No,Yes,No,5G,,10500
Oppo,Reno 10,32999,2024,2,Kolkata,Individual,12,256,Snapdragon 695,120,93,50,Good,No,Minor,No,Yes,Yes,No,5G,,15800
Samsung,Galaxy A54,38999,2026,0,Jaipur,Individual,8,128,Snapdragon 8 Gen 2,120,100,50,Good,No,Minor,Yes,Yes,No,Yes,5G,,30300
Samsung,Galaxy M35,22999,2022,4,Hyderabad,Individual,8,256,Snapdragon 7 Gen 3,120,79,64,Good,No,,No,Yes,No,No,5G,,7400
OnePlus,11R,39999,2025,1,Hyderabad,Individual,12,128,Snapdragon 7 Gen 3,120,90,50,Poor,No,Minor,No,No,Yes,No,5G,Screen Replaced,16100
Apple,iPhone 13,69999,2021,5,Hyderabad,Individual,6,256,Snapdragon 695,120,70,64,Excellent,No,Moderate,No,Yes,Yes,No,4G,,22400
Xiaomi,Redmi Note 13 Pro,29999,2024,2,Delhi,Individual,8,128,Snapdragon 7 Gen 3,120,93,64,Good,No,,No,Yes,Yes,No,5G,,14100
Apple,iPhone 15,89999,2024,2,Hyderabad,Dealer,12,256,A16 Bionic,120,91,50,Good,Yes,Minor,Yes,Yes,Yes,No,5G,,37100
Samsung,Galaxy S23,74999,2026,0,Chennai,Individual,16,128,Snapdragon 8 Gen 3,120,86,200,Good,Yes,,Yes,Yes,Yes,Yes,5G,,43300
OnePlus,9 Pro,64999,2023,3,Kolkata,Individual,6,128,Snapdragon 8 Gen 2,90,75,64,Fair,No,Minor,Yes,Yes,No,No,5G,,22800
Motorola,Edge 50 Pro,34999,2024,2,Kolkata,Individual,8,256,A17 Pro,120,87,108,Excellent,No,Moderate,No,Yes,Yes,No,5G,,18000
Samsung,Galaxy S21 FE,54999,2024,2,Lucknow,Individual,12,512,Dimensity 7200,60,87,50,Excellent,No,,Yes,Yes,Yes,No,5G,,31400
Samsung,Galaxy S23,74999,2025,1,Kolkata,Individual,6,256,Snapdragon 7 Gen 3,120,92,200,Poor,No,Minor,No,Yes,No,No,5G,Motherboard Repair,23700
iQOO,Neo 9 Pro,37999,2022,4,Kolkata,Individual,6,128,Snapdragon 8 Gen 2,120,72,48,Fair,No,Minor,Yes,Yes,No,No,5G,,10100
Xiaomi,Redmi Note 12 Pro,25999,2025,1,Chennai,Dealer,12,256,Dimensity 7200,120,89,48,Good,No,Moderate,Yes,Yes,Yes,No,5G,,14500
Samsung,Galaxy S23,74999,2022,4,Kolkata,Individual,8,256,A16 Bionic,120,76,64,Excellent,No,,Yes,No,Yes,No,5G,,27600
Google,Pixel 7a,43999,2025,1,Kolkata,Individual,8,128,Dimensity 7200,90,84,50,Good,No,,Yes,Yes,Yes,No,5G,Battery Replaced,29700
Xiaomi,Xiaomi 13 Pro,79999,2025,1,Chennai,Individual,4,128,Tensor G3,60,89,108,Good,No,,No,Yes,Yes,No,5G,Battery Replaced,48000
Nothing,Phone (1),32999,2022,4,Jaipur,Individual,6,256,Snapdragon 8 Gen 2,90,77,64,Excellent,No,,Yes,Yes,Yes,No,5G,,12300
Apple,iPhone 14,79999,2024,2,Kolkata,Individual,12,256,Dimensity 8200,60,86,50,Excellent,No,,Yes,No,Yes,No,5G,Screen Replaced,45900
Nothing,Phone (2a),25999,2023,3,Noida,Individual,12,256,Tensor G2,120,86,48,Fair,No,Moderate,No,Yes,No,No,5G,,9000
Realme,11 Pro+,32999,2024,2,Kolkata,Individual,6,64,Snapdragon 8 Gen 2,120,91,64,Fair,No,Moderate,Yes,Yes,No,No,5G,,14000
Apple,iPhone 14,79999,2025,1,Mumbai,Individual,8,128,Snapdragon 7 Gen 3,60,92,64,Good,Yes,Minor,Yes,Yes,Yes,No,5G,,39400
Xiaomi,Redmi Note 13 Pro,29999,2023,3,Bengaluru,Individual,12,128,Snapdragon 8 Gen 2,120,74,200,Good,No,Minor,No,Yes,Yes,No,5G,,12000
Samsung,Galaxy S22,62999,2022,4,Kolkata,Individual,6,256,Dimensity 9200,120,78,108,Good,No,,No,No,Yes,No,5G,,21900
Nothing,Phone (1),32999,2023,3,Jaipur,Individual,4,256,Dimensity 7200,120,84,48,Fair,No,Minor,Yes,Yes,Yes,No,5G,,11400
iQOO,Z9,21999,2023,3,Noida,Individual,8,256,Snapdragon 8 Gen 3,120,82,200,Excellent,Yes,Moderate,Yes,Yes,No,No,5G,,6800
Samsung,Galaxy A54,38999,2025,1,Jaipur,Dealer,6,256,Dimensity 8200,120,90,50,Excellent,No,,Yes,Yes,No,No,5G,,26900
OnePlus,9 Pro,64999,2024,2,Patna,Individual,8,128,Tensor G2,60,81,50,Good,Yes,Heavy,Yes,No,No,No,5G,,24000
Xiaomi,Poco F5,29999,2025,1,Chennai,Individual,8,256,Snapdragon 7 Gen 3,120,92,108,Good,No,Minor,Yes,No,No,No,5G,,18000
iQOO,Neo 9 Pro,37999,2024,2,Hyderabad,Individual,8,64,Snapdragon 8 Gen 2,120,78,48,Good,Yes,,Yes,Yes,Yes,No,5G,Battery Replaced,12600
Google,Pixel 7a,43999,2025,1,Kolkata,Individual,8,64,Dimensity 9200,120,81,200,Good,No,Minor,No,Yes,Yes,No,5G,,28300
Nothing,Phone (2a),25999,2025,1,Bengaluru,Dealer,16,64,Snapdragon 8 Gen 3,90,92,108,Good,No,Minor,Yes,No,No,No,5G,,15600
Vivo,X90,59999,2025,1,Mumbai,Individual,12,256,Snapdragon 8 Gen 3,90,92,108,Good,No,,Yes,Yes,No,No,5G,Screen Replaced,33000
Xiaomi,Xiaomi 13 Pro,79999,2025,1,Jaipur,Individual,8,128,Snapdragon 8 Gen 3,120,94,48,Good,No,Minor,Yes,Yes,Yes,No,5G,,48900
Oppo,Reno 10,32999,2023,3,Chennai,Individual,16,256,Dimensity 7200,120,84,200,Fair,No,,Yes,No,Yes,No,5G,,10400
Apple,iPhone 13,69999,2024,2,Pune,Individual,8,256,A17 Pro,60,79,64,Excellent,No,Minor,Yes,Yes,Yes,No,5G,,44300
Apple,iPhone 13,69999,2022,4,Kolkata,Individual,12,256,Snapdragon 8 Gen 3,120,66,108,Good,No,Minor,Yes,Yes,No,No,5G,,26100
Vivo,T3,22999,2023,3,Noida,Dealer,8,128,A16 Bionic,120,82,64,Fair,No,,No,Yes,Yes,No,5G,,7600
Apple,iPhone 11,49999,2025,1,Lucknow,Dealer,8,64,Dimensity 7200,120,87,48,Fair,No,Minor,Yes,No,Yes,No,5G,,29400
Xiaomi,Poco F5,29999,2025,1,Mumbai,Individual,12,256,Snapdragon 7 Gen 3,120,82,50,Good,No,Heavy,No,Yes,No,No,5G,,17400
Motorola,Edge 50 Pro,34999,2025,1,Kolkata,Individual,12,128,A15 Bionic,120,83,48,Fair,No,,Yes,Yes,No,No,5G,,18800
OnePlus,9 Pro,64999,2025,1,Pune,Individual,6,256,Dimensity 7200,120,91,64,Fair,No,Heavy,Yes,Yes,No,No,5G,,35400
Vivo,T3,22999,2024,2,Delhi,Individual,8,256,Snapdragon 8 Gen 2,120,75,200,Excellent,No,Minor,Yes,Yes,Yes,No,5G,Screen Replaced,11000
Samsung,Galaxy S21 FE,54999,2024,2,Jaipur,Individual,6,256,Snapdragon 7 Gen 3,60,78,108,Excellent,No,,Yes,Yes,No,No,5G,,30300
Apple,iPhone 11,49999,2023,3,Chennai,Dealer,4,128,A17 Pro,120,84,50,Good,No,Moderate,Yes,Yes,Yes,No,5G,,23000
Apple,iPhone 12,65999,2024,2,Pune,Individual,8,256,Snapdragon 8 Gen 3,90,87,108,Good,No,Minor,Yes,Yes,No,No,5G,,38100
Vivo,X90,59999,2024,2,Bengaluru,Dealer,4,128,Tensor G3,90,94,48,Fair,No,Heavy,No,Yes,Yes,No,5G,,24100
Oppo,F25,23999,2026,0,Delhi,Individual,8,128,Dimensity 8200,120,98,48,Poor,No,Minor,Yes,Yes,No,Yes,5G,,11400
Apple,iPhone 12,65999,2023,3,Noida,Individual,8,256,Snapdragon 695,120,80,108,Fair,No,,Yes,No,No,No,5G,,26500
Apple,iPhone 14,79999,2022,4,Delhi,Dealer,4,128,Snapdragon 8 Gen 3,120,77,48,Poor,No,,Yes,No,Yes,No,5G,,21000
Vivo,X90,59999,2024,2,Mumbai,Dealer,4,256,A17 Pro,90,85,64,Fair,No,Minor,Yes,No,Yes,No,5G,,25100
Google,Pixel 7,59999,2024,2,Kolkata,Individual,4,256,A17 Pro,120,86,50,Excellent,No,Minor,No,Yes,Yes,No,5G,,36500
Apple,iPhone 15,89999,2025,1,Lucknow,Individual,12,128,A16 Bionic,60,86,50,Excellent,No,,Yes,Yes,Yes,No,5G,,70500
Nothing,Phone (2),44999,2025,1,Pune,Individual,6,256,Snapdragon 8 Gen 2,90,88,200,Fair,No,Moderate,Yes,No,Yes,No,5G,Battery Replaced,24500
OnePlus,Nord 3,33999,2025,1,Jaipur,Dealer,12,512,A17 Pro,120,79,48,Good,No,Moderate,No,No,No,No,5G,,21300
Motorola,Edge 40,29999,2025,1,Jaipur,Individual,8,64,Tensor G2,120,85,50,Excellent,No,Minor,No,Yes,No,No,5G,,18500
iQOO,Neo 9 Pro,37999,2024,2,Bengaluru,Individual,8,256,A17 Pro,120,83,48,Excellent,Yes,,No,No,No,No,5G,,14200
Samsung,Galaxy A54,38999,2023,3,Chennai,Dealer,12,128,Tensor G3,60,69,108,Good,No,Minor,Yes,Yes,No,No,5G,,16200
Samsung,Galaxy M35,22999,2022,4,Mumbai,Individual,8,256,Dimensity 8200,90,72,48,Good,Yes,Minor,Yes,Yes,Yes,No,5G,Battery Replaced,5400
Vivo,T3,22999,2023,3,Kolkata,Individual,8,128,Tensor G2,120,80,48,Good,No,Minor,No,Yes,Yes,No,5G,,8300
Oppo,Find X5,69999,2024,2,Delhi,Individual,6,128,Snapdragon 8 Gen 2,120,84,64,Fair,No,Moderate,Yes,Yes,No,No,5G,Screen Replaced,27400
OnePlus,12,64999,2023,3,Delhi,Individual,6,256,Tensor G2,120,77,50,Good,No,Minor,No,No,Yes,No,5G,Screen Replaced,24000
Google,Pixel 7a,43999,2023,3,Hyderabad,Individual,12,64,Snapdragon 8 Gen 2,90,84,48,Good,No,,Yes,Yes,Yes,No,5G,Screen Replaced,17600
Samsung,Galaxy S22,62999,2022,4,Pune,Dealer,8,128,Snapdragon 8 Gen 2,60,77,48,Good,No,Minor,Yes,No,No,No,5G,,21500
Nothing,Phone (2a),25999,2025,1,Bengaluru,Individual,12,512,A15 Bionic,60,90,200,Fair,No,Minor,Yes,No,Yes,No,5G,,14300
Oppo,Find X5,69999,2025,1,Bengaluru,Individual,8,128,A15 Bionic,90,88,50,Fair,No,Heavy,Yes,Yes,Yes,No,5G,,34700
Google,Pixel 7,59999,2022,4,Mumbai,Individual,12,512,A16 Bionic,90,76,50,Excellent,No,,No,Yes,No,No,5G,,22200
Oppo,Find X5,69999,2022,4,Hyderabad,Dealer,8,128,Dimensity 7200,90,83,108,Fair,No,Minor,No,Yes,No,No,5G,,18400
Realme,Narzo 70,19999,2025,1,Hyderabad,Individual,16,256,A16 Bionic,120,88,50,Fair,No,,No,No,Yes,No,5G,,9800
iQOO,Neo 9 Pro,37999,2024,2,Lucknow,Individual,8,64,Dimensity 7200,90,88,200,Good,No,Heavy,Yes,No,No,No,5G,,17500
Realme,Narzo 70,19999,2025,1,Patna,Individual,8,128,A16 Bionic,120,92,108,Excellent,No,Minor,No,Yes,No,No,5G,,12000
iQOO,12,52999,2021,5,Mumbai,Individual,12,256,A15 Bionic,120,64,200,Good,No,Minor,Yes,Yes,Yes,No,4G,,12900
Apple,iPhone 14,79999,2025,1,Delhi,Individual,8,128,Snapdragon 695,90,81,108,Excellent,No,Moderate,No,No,No,No,5G,,58200
Realme,GT Neo 3,36999,2023,3,Noida,Individual,8,512,Dimensity 7200,60,82,50,Good,No,,Yes,No,Yes,No,5G,,14100
Nothing,Phone (2),44999,2023,3,Delhi,Individual,8,128,Dimensity 9200,90,70,200,Good,No,Minor,Yes,Yes,Yes,No,5G,,17800
Motorola,G84,19999,2023,3,Noida,Dealer,8,128,Snapdragon 7 Gen 3,120,79,50,Good,No,,Yes,Yes,No,No,5G,,7800
OnePlus,9 Pro,64999,2024,2,Jaipur,Dealer,8,256,Tensor G3,120,86,48,Good,No,,Yes,No,Yes,No,5G,,31900
Google,Pixel 7,59999,2023,3,Lucknow,Individual,4,256,Snapdragon 7 Gen 3,120,79,200,Excellent,Yes,,Yes,Yes,No,No,5G,,21100
Apple,iPhone 13,69999,2021,5,Delhi,Individual,6,256,A15 Bionic,60,71,48,Good,No,Minor,No,Yes,Yes,No,4G,,21200
Apple,iPhone 14,79999,2025,1,Jaipur,Individual,6,128,Tensor G2,120,90,64,Fair,No,Heavy,Yes,No,No,No,5G,Screen Replaced,43100
Vivo,T3,22999,2021,5,Delhi,Individual,8,128,Snapdragon 7 Gen 3,90,64,64,Excellent,No,,No,Yes,Yes,No,4G,Screen Replaced,5700
Samsung,Galaxy S23,74999,2023,3,Jaipur,Individual,6,512,Snapdragon 7 Gen 3,60,77,200,Fair,No,Minor,Yes,Yes,No,No,5G,Battery Replaced,26000
OnePlus,Nord 3,33999,2024,2,Pune,Individual,8,128,A16 Bionic,90,80,200,Fair,Yes,Moderate,Yes,Yes,Yes,No,5G,Screen Replaced,9900
Oppo,Find X5,69999,2025,1,Patna,Dealer,12,128,Dimensity 7200,120,92,64,Fair,No,Minor,Yes,Yes,Yes,No,5G,,34700
Realme,Narzo 70,19999,2024,2,Lucknow,Dealer,6,128,Dimensity 7200,120,82,48,Fair,No,Minor,No,Yes,No,No,5G,,8200
Oppo,Find X5,69999,2024,2,Kolkata,Individual,6,256,A16 Bionic,90,77,64,Good,No,,Yes,Yes,Yes,No,5G,,33100
Xiaomi,Poco F5,29999,2023,3,Pune,Individual,6,256,Snapdragon 695,120,82,48,Good,No,Minor,No,Yes,Yes,No,5G,,11300
iQOO,Z9,21999,2024,2,Kolkata,Individual,16,128,Dimensity 8200,120,77,50,Good,No,Minor,Yes,Yes,No,No,5G,,10300
iQOO,Neo 9 Pro,37999,2023,3,Kolkata,Individual,12,256,Tensor G2,120,78,50,Good,No,,Yes,No,Yes,No,5G,,14900
OnePlus,12,64999,2024,2,Lucknow,Individual,12,128,Dimensity 7200,90,90,200,Excellent,No,Minor,Yes,Yes,No,No,5G,Battery Replaced,35100
iQOO,Z9,21999,2021,5,Pune,Individual,12,512,A15 Bionic,60,69,50,Good,No,,No,No,Yes,No,5G,,5300
Apple,iPhone 15,89999,2023,3,Jaipur,Dealer,8,128,A16 Bionic,120,74,50,Fair,No,Minor,No,Yes,Yes,No,5G,Battery Replaced,34300
Oppo,F25,23999,2024,2,Hyderabad,Dealer,12,128,A15 Bionic,90,88,50,Fair,No,Moderate,No,Yes,Yes,No,5G,,9600
Motorola,Edge 40,29999,2025,1,Noida,Individual,12,128,A17 Pro,90,86,50,Good,No,Moderate,Yes,Yes,Yes,No,5G,,18700
Vivo,V29,32999,2024,2,Chennai,Dealer,8,128,Dimensity 9200,60,93,200,Poor,Yes,,Yes,Yes,No,No,5G,,7500
Apple,iPhone 11,49999,2023,3,Pune,Individual,8,256,Dimensity 8200,120,79,50,Fair,No,,No,Yes,Yes,No,5G,,20000
Samsung,Galaxy S22,62999,2022,4,Bengaluru,Individual,8,128,Snapdragon 7 Gen 3,120,69,50,Excellent,No,Minor,Yes,Yes,Yes,No,5G,,21900
OnePlus,9 Pro,64999,2023,3,Jaipur,Dealer,6,128,A17 Pro,120,85,64,Excellent,No,Moderate,Yes,Yes,No,No,5G,,29000
Google,Pixel 7a,43999,2024,2,Pune,Individual,12,128,Snapdragon 7 Gen 3,120,89,64,Fair,No,,Yes,No,Yes,No,5G,Battery Replaced,19700
Google,Pixel 7a,43999,2024,2,Mumbai,Individual,16,512,Dimensity 7200,120,87,64,Good,No,Minor,Yes,Yes,Yes,No,5G,,23100
Realme,11 Pro+,32999,2024,2,Mumbai,Individual,8,512,A17 Pro,120,79,200,Good,No,Moderate,Yes,Yes,No,No,5G,,15100
OnePlus,12,64999,2023,3,Hyderabad,Individual,12,256,A16 Bionic,90,78,50,Good,Yes,Minor,No,Yes,Yes,No,5G,,20100
Oppo,Reno 10,32999,2025,1,Jaipur,Individual,12,128,A16 Bionic,120,88,108,Good,No,Moderate,Yes,No,Yes,No,5G,,19200
Samsung,Galaxy S21 FE,54999,2023,3,Jaipur,Individual,4,256,Snapdragon 8 Gen 3,90,73,50,Poor,No,,No,Yes,No,No,5G,Battery Replaced,14800
Samsung,Galaxy M35,22999,2024,2,Pune,Individual,6,128,Snapdragon 7 Gen 3,60,79,200,Good,No,Minor,Yes,Yes,Yes,No,5G,,12200
Xiaomi,Poco F5,29999,2024,2,Jaipur,Individual,12,128,Tensor G3,120,92,200,Excellent,No,,No,Yes,Yes,No,5G,,16100
Xiaomi,Redmi Note 13 Pro,29999,2023,3,Noida,Dealer,8,64,Snapdragon 8 Gen 3,90,69,200,Excellent,No,Minor,Yes,Yes,No,No,5G,,12600
Xiaomi,Poco F5,29999,2026,0,Mumbai,Individual,8,256,Snapdragon 8 Gen 3,120,93,200,Fair,Yes,Minor,Yes,Yes,Yes,Yes,5G,,13400
Motorola,Edge 50 Pro,34999,2025,1,Pune,Individual,6,64,Tensor G2,60,90,64,Fair,No,,Yes,Yes,Yes,No,5G,,18800
Apple,iPhone 15,89999,2025,1,Patna,Individual,12,128,Snapdragon 8 Gen 3,60,86,48,Fair,No,,Yes,Yes,No,No,5G,,53800
Motorola,Edge 40,29999,2024,2,Hyderabad,Individual,12,256,A15 Bionic,120,90,50,Poor,No,,Yes,No,No,No,5G,,10400
Google,Pixel 8,75999,2025,1,Lucknow,Dealer,8,128,A15 Bionic,120,93,50,Good,Yes,Moderate,No,Yes,Yes,No,5G,,35400
OnePlus,Nord 3,33999,2024,2,Jaipur,Individual,8,256,A15 Bionic,90,79,200,Good,No,Minor,No,Yes,Yes,No,5G,,16400
Realme,GT Neo 3,36999,2023,3,Bengaluru,Dealer,8,128,A16 Bionic,120,88,200,Excellent,No,Minor,No,Yes,Yes,No,5G,,15200
OnePlus,12,64999,2024,2,Lucknow,Individual,8,128,Dimensity 9200,60,82,64,Excellent,Yes,,Yes,No,Yes,No,5G,,25600
Samsung,Galaxy M35,22999,2022,4,Jaipur,Dealer,6,256,Snapdragon 8 Gen 2,90,70,64,Good,No,Minor,No,Yes,No,No,5G,,7800
iQOO,Neo 9 Pro,37999,2023,3,Chennai,Individual,6,128,Tensor G2,120,81,64,Excellent,No,,Yes,Yes,No,No,5G,,16700
Oppo,Reno 10,32999,2025,1,Patna,Individual,6,128,Snapdragon 8 Gen 3,120,97,64,Fair,No,Minor,Yes,Yes,Yes,No,5G,,16900
Google,Pixel 7a,43999,2023,3,Bengaluru,Individual,8,256,Snapdragon 7 Gen 3,120,80,200,Fair,No,Minor,No,Yes,Yes,No,5G,,17200
Samsung,Galaxy S22,62999,2024,2,Pune,Individual,6,512,Tensor G3,120,95,50,Poor,No,Moderate,Yes,Yes,Yes,No,5G,,23600
Vivo,V29,32999,2025,1,Chennai,Dealer,8,128,Snapdragon 7 Gen 3,120,96,200,Good,No,Minor,Yes,Yes,Yes,No,5G,,19900
Oppo,Find X5,69999,2026,0,Mumbai,Individual,8,128,Snapdragon 8 Gen 3,120,90,64,Excellent,No,Minor,No,No,Yes,Yes,5G,,49800
Samsung,Galaxy S23,74999,2022,4,Mumbai,Individual,12,128,A17 Pro,120,82,200,Fair,No,,Yes,Yes,No,No,5G,,22000
Apple,iPhone 12,65999,2023,3,Kolkata,Dealer,6,128,Tensor G2,120,79,200,Excellent,No,Minor,No,Yes,Yes,No,5G,,32000
Apple,iPhone 12,65999,2023,3,Patna,Individual,6,256,Snapdragon 8 Gen 2,90,78,200,Fair,No,,Yes,Yes,No,No,5G,,26500
OnePlus,Nord 3,33999,2025,1,Patna,Dealer,4,256,Snapdragon 695,120,92,64,Fair,Yes,,Yes,Yes,Yes,No,5G,,13900
Realme,Narzo 70,19999,2023,3,Noida,Individual,8,256,Tensor G3,90,84,48,Good,No,,Yes,No,Yes,No,5G,,7500
Google,Pixel 8,75999,2024,2,Pune,Individual,8,128,Snapdragon 8 Gen 2,60,86,108,Good,No,Minor,Yes,No,Yes,No,5G,,40300
Samsung,Galaxy S21 FE,54999,2026,0,Hyderabad,Individual,8,64,Dimensity 7200,120,99,64,Good,No,Minor,Yes,Yes,Yes,Yes,5G,,45100
Apple,iPhone 12,65999,2025,1,Kolkata,Individual,8,256,Tensor G2,90,88,200,Excellent,No,Minor,Yes,Yes,No,No,5G,,51200
Vivo,X90,59999,2023,3,Jaipur,Individual,8,256,Dimensity 9200,120,85,48,Good,No,Moderate,No,Yes,Yes,No,5G,,22400
Apple,iPhone 11,49999,2023,3,Chennai,Dealer,8,256,A17 Pro,120,81,200,Poor,No,Minor,Yes,No,Yes,No,5G,,15400
Motorola,G84,19999,2023,3,Chennai,Dealer,12,256,Snapdragon 8 Gen 2,90,75,200,Excellent,No,Moderate,No,Yes,Yes,No,5G,,9000
Vivo,X90,59999,2023,3,Patna,Dealer,6,128,Snapdragon 7 Gen 3,120,81,108,Good,No,Minor,No,Yes,Yes,No,5G,,23100
Samsung,Galaxy A54,38999,2025,1,Patna,Individual,12,256,A15 Bionic,90,91,50,Excellent,Yes,Moderate,No,Yes,Yes,No,5G,Battery Replaced,19500
Realme,11 Pro+,32999,2026,0,Patna,Dealer,8,128,Dimensity 7200,90,91,64,Fair,No,,Yes,No,Yes,No,5G,,19400
Apple,iPhone 15,89999,2025,1,Kolkata,Individual,8,512,A17 Pro,120,92,200,Good,No,Moderate,Yes,Yes,No,No,5G,,65600
Samsung,Galaxy M35,22999,2026,0,Jaipur,Individual,8,256,Snapdragon 8 Gen 3,120,90,64,Good,No,,No,Yes,No,Yes,5G,,17300
Xiaomi,Poco F5,29999,2023,3,Pune,Individual,8,256,Snapdragon 8 Gen 3,120,81,48,Fair,No,Minor,No,No,Yes,No,5G,Battery Replaced,9900
Apple,iPhone 14,79999,2022,4,Delhi,Individual,8,128,Dimensity 7200,120,76,48,Good,No,Minor,No,Yes,Yes,No,5G,Battery Replaced,29600
Nothing,Phone (2),44999,2021,5,Pune,Dealer,12,128,Tensor G3,120,73,108,Good,No,Minor,Yes,Yes,Yes,No,4G,,12200
Oppo,Find X5,69999,2022,4,Kolkata,Dealer,12,128,A17 Pro,60,71,108,Excellent,No,Moderate,No,No,No,No,5G,,22900
Realme,11 Pro+,32999,2026,0,Hyderabad,Individual,8,128,Tensor G2,120,91,48,Excellent,No,Minor,No,Yes,No,Yes,5G,,24800
Samsung,Galaxy M35,22999,2025,1,Noida,Individual,4,128,A16 Bionic,120,87,48,Excellent,No,Moderate,Yes,Yes,Yes,No,5G,Screen Replaced,15600
Nothing,Phone (2),44999,2022,4,Pune,Individual,6,512,Dimensity 8200,120,80,50,Excellent,No,Minor,No,No,Yes,No,5G,,15900
Vivo,V29,32999,2022,4,Chennai,Individual,8,256,Dimensity 7200,90,73,108,Excellent,No,Moderate,Yes,Yes,Yes,No,5G,Battery Replaced,10800
Apple,iPhone 15,89999,2022,4,Patna,Individual,12,512,Snapdragon 695,90,80,108,Poor,No,,Yes,Yes,Yes,No,5G,,23000
OnePlus,12,64999,2026,0,Delhi,Individual,8,128,Tensor G2,120,97,64,Fair,No,Minor,No,Yes,Yes,No,5G,,43700
OnePlus,11R,39999,2022,4,Bengaluru,Individual,12,128,Snapdragon 8 Gen 2,90,77,200,Good,No,Minor,Yes,No,No,No,5G,,13400
Apple,iPhone 13,69999,2025,1,Kolkata,Dealer,8,128,Tensor G2,60,93,50,Good,No,Moderate,Yes,No,No,No,5G,Screen Replaced,45900
Oppo,F25,23999,2023,3,Hyderabad,Individual,8,512,Snapdragon 8 Gen 2,90,78,64,Good,No,Minor,Yes,Yes,Yes,No,5G,,9100
iQOO,Neo 9 Pro,37999,2024,2,Lucknow,Individual,12,256,Dimensity 7200,120,95,50,Fair,No,Minor,Yes,Yes,No,No,5G,Battery Replaced,15700
OnePlus,11R,39999,2021,5,Chennai,Dealer,6,128,Dimensity 9200,90,76,200,Fair,No,Moderate,Yes,No,No,No,4G,,9000
Google,Pixel 7,59999,2024,2,Chennai,Dealer,12,256,Tensor G3,60,87,50,Good,No,Minor,Yes,No,No,No,5G,,32300
Xiaomi,Redmi Note 13 Pro,29999,2024,2,Patna,Individual,12,128,Dimensity 8200,120,81,48,Good,No,Minor,No,Yes,Yes,No,5G,Screen Replaced,13800
Apple,iPhone 12,65999,2021,5,Jaipur,Individual,6,128,A15 Bionic,120,71,108,Excellent,No,Minor,Yes,Yes,Yes,No,4G,,21500
Xiaomi,Poco F5,29999,2025,1,Patna,Dealer,8,512,Tensor G3,60,100,200,Poor,No,Minor,No,Yes,Yes,No,5G,,12300
Xiaomi,Xiaomi 13 Pro,79999,2022,4,Kolkata,Individual,8,256,Dimensity 9200,90,74,48,Excellent,No,,Yes,Yes,Yes,No,5G,,26800
OnePlus,11R,39999,2024,2,Delhi,Individual,6,256,Snapdragon 8 Gen 3,120,86,50,Good,No,Moderate,No,No,No,No,5G,Screen Replaced,19000
Apple,iPhone 14,79999,2024,2,Patna,Dealer,8,128,A17 Pro,60,86,200,Good,No,,Yes,No,No,No,5G,,45200
Apple,iPhone 14,79999,2022,4,Delhi,Individual,8,128,A16 Bionic,90,81,108,Good,No,Minor,Yes,Yes,Yes,No,5G,,29500
OnePlus,Nord 3,33999,2024,2,Jaipur,Individual,4,256,Dimensity 9200,90,87,50,Excellent,No,Minor,Yes,No,No,No,5G,Battery Replaced,18500
Realme,11 Pro+,32999,2025,1,Kolkata,Individual,4,256,Dimensity 9200,90,94,50,Excellent,No,Minor,Yes,Yes,No,No,5G,Screen Replaced,19400
Apple,iPhone 15,89999,2021,5,Noida,Dealer,8,512,A17 Pro,60,68,108,Excellent,No,Minor,Yes,Yes,No,No,4G,,28200
Realme,Narzo 70,19999,2024,2,Hyderabad,Dealer,8,256,A17 Pro,90,86,64,Excellent,No,Minor,No,Yes,Yes,No,5G,,9700
Samsung,Galaxy S22,62999,2026,0,Jaipur,Individual,4,256,Dimensity 7200,60,98,48,Poor,No,Moderate,Yes,No,Yes,Yes,5G,Motherboard Repair,25200
Google,Pixel 7a,43999,2026,0,Noida,Individual,6,128,Tensor G3,90,86,200,Fair,No,Moderate,No,Yes,Yes,No,5G,Screen Replaced,28200
Vivo,X90,59999,2023,3,Jaipur,Dealer,8,256,Snapdragon 8 Gen 3,120,78,48,Fair,No,Moderate,Yes,No,Yes,No,5G,,20400
Samsung,Galaxy M35,22999,2024,2,Chennai,Individual,12,128,Snapdragon 8 Gen 2,120,80,64,Good,No,Minor,Yes,No,No,No,5G,,11800
Apple,iPhone 11,49999,2023,3,Pune,Individual,8,64,Dimensity 8200,120,71,200,Poor,No,,Yes,Yes,Yes,No,5G,,15600
Xiaomi,Xiaomi 13 Pro,79999,2023,3,Chennai,Dealer,12,64,Tensor G2,120,80,48,Good,No,Moderate,No,Yes,Yes,No,5G,,30500
Motorola,Edge 50 Pro,34999,2024,2,Kolkata,Dealer,8,128,Snapdragon 695,90,84,50,Good,No,Minor,Yes,No,No,No,5G,,17300
Xiaomi,Xiaomi 13 Pro,79999,2024,2,Noida,Individual,6,128,Dimensity 9200,60,83,64,Good,No,Moderate,Yes,Yes,Yes,No,5G,,36900
Vivo,T3,22999,2023,3,Patna,Individual,8,512,Dimensity 9200,90,84,108,Excellent,No,Minor,Yes,Yes,No,No,5G,Screen Replaced,9100
iQOO,12,52999,2023,3,Kolkata,Dealer,4,128,Snapdragon 8 Gen 3,120,67,64,Fair,No,Minor,No,Yes,Yes,No,5G,,17700
Apple,iPhone 15,89999,2024,2,Noida,Individual,6,512,Snapdragon 7 Gen 3,120,87,48,Excellent,No,Heavy,Yes,Yes,Yes,No,5G,,56800
Realme,11 Pro+,32999,2024,2,Patna,Individual,8,128,Snapdragon 7 Gen 3,120,87,108,Good,No,Minor,Yes,No,No,No,5G,Battery Replaced,15700
Vivo,T3,22999,2022,4,Delhi,Individual,8,128,A15 Bionic,60,74,108,Good,No,Moderate,Yes,Yes,No,No,5G,,6700
Motorola,Edge 50 Pro,34999,2022,4,Bengaluru,Individual,6,128,Tensor G2,90,78,48,Excellent,No,Minor,Yes,Yes,Yes,No,5G,,11900
Motorola,G84,19999,2021,5,Chennai,Dealer,6,512,A15 Bionic,120,71,64,Good,No,Minor,Yes,Yes,Yes,No,4G,Battery Replaced,5300
iQOO,Z9,21999,2023,3,Jaipur,Individual,12,64,Dimensity 7200,120,76,50,Good,No,,Yes,Yes,Yes,No,5G,,8900
Motorola,Edge 40,29999,2024,2,Noida,Individual,8,256,A15 Bionic,120,86,200,Good,No,Minor,Yes,Yes,Yes,No,5G,,15100
iQOO,Neo 9 Pro,37999,2024,2,Noida,Individual,8,256,Dimensity 9200,90,84,108,Good,No,,Yes,Yes,No,No,5G,,18400
Xiaomi,Xiaomi 13 Pro,79999,2023,3,Delhi,Individual,16,256,Snapdragon 7 Gen 3,120,87,48,Fair,No,,Yes,No,No,No,5G,,27300
Samsung,Galaxy S21 FE,54999,2021,5,Pune,Individual,4,128,Tensor G3,120,71,200,Good,No,Minor,Yes,No,Yes,No,4G,Screen Replaced,13300
Realme,GT Neo 3,36999,2023,3,Lucknow,Individual,12,128,A15 Bionic,120,80,50,Good,No,,Yes,Yes,Yes,No,5G,,14300
Samsung,Galaxy S23,74999,2023,3,Patna,Individual,8,256,Tensor G2,60,73,108,Excellent,No,Heavy,Yes,No,Yes,No,5G,,32700
Xiaomi,Xiaomi 13 Pro,79999,2025,1,Kolkata,Dealer,12,512,Dimensity 7200,120,93,108,Fair,No,,Yes,Yes,Yes,No,5G,,40800
Samsung,Galaxy S21 FE,54999,2025,1,Kolkata,Dealer,4,128,A16 Bionic,120,94,108,Fair,Yes,,No,Yes,No,No,5G,,21400
Nothing,Phone (2),44999,2024,2,Bengaluru,Dealer,12,128,Dimensity 9200,120,80,64,Fair,No,Moderate,Yes,Yes,No,No,5G,,19600
Google,Pixel 7a,43999,2021,5,Jaipur,Dealer,8,256,Dimensity 8200,120,71,48,Good,No,,Yes,Yes,No,No,4G,,12400
iQOO,12,52999,2023,3,Kolkata,Dealer,8,256,Dimensity 7200,90,76,64,Good,No,Minor,No,Yes,Yes,No,5G,,20300
Vivo,X90,59999,2026,0,Kolkata,Dealer,6,128,A17 Pro,120,98,200,Excellent,No,Minor,Yes,No,Yes,No,5G,Battery Replaced,44400
Xiaomi,Poco F5,29999,2022,4,Patna,Dealer,8,256,Dimensity 9200,120,72,50,Fair,No,,No,No,Yes,No,5G,Battery Replaced,8100
Apple,iPhone 12,65999,2024,2,Pune,Dealer,16,128,A17 Pro,120,86,200,Excellent,No,Moderate,No,No,Yes,No,5G,,41900
Xiaomi,Redmi Note 12 Pro,25999,2022,4,Hyderabad,Individual,4,128,Dimensity 8200,120,73,64,Fair,No,Heavy,Yes,No,No,No,5G,Battery Replaced,7000
Apple,iPhone 13,69999,2026,0,Chennai,Individual,8,128,Dimensity 9200,60,96,64,Poor,No,,No,Yes,No,Yes,5G,,41000
Realme,GT Neo 3,36999,2022,4,Noida,Individual,4,128,Snapdragon 8 Gen 3,120,71,50,Good,No,Moderate,Yes,Yes,No,No,5G,,11200
Xiaomi,Poco F5,29999,2024,2,Chennai,Individual,12,128,Dimensity 8200,120,82,48,Good,No,Minor,Yes,Yes,Yes,No,5G,,14600
Oppo,F25,23999,2022,4,Delhi,Dealer,8,128,Dimensity 7200,90,78,50,Good,No,,No,Yes,Yes,No,5G,,7400
Oppo,Reno 10,32999,2024,2,Chennai,Dealer,12,256,Snapdragon 8 Gen 3,60,78,50,Good,No,,No,Yes,No,No,5G,,14800
iQOO,Z9,21999,2023,3,Patna,Dealer,8,512,Tensor G2,120,66,50,Excellent,No,Moderate,Yes,Yes,Yes,No,5G,,9300
Samsung,Galaxy S23,74999,2025,1,Lucknow,Individual,16,256,Snapdragon 8 Gen 3,90,84,64,Poor,No,Heavy,Yes,Yes,Yes,No,5G,,32000
Xiaomi,Xiaomi 13 Pro,79999,2024,2,Pune,Individual,12,128,Snapdragon 8 Gen 2,120,81,108,Excellent,No,,Yes,Yes,No,No,5G,Battery Replaced,39700
Xiaomi,Redmi Note 12 Pro,25999,2024,2,Kolkata,Dealer,12,128,Snapdragon 8 Gen 2,120,84,108,Fair,No,Minor,No,Yes,Yes,No,5G,,10400
Samsung,Galaxy S22,62999,2022,4,Jaipur,Dealer,4,128,Snapdragon 7 Gen 3,90,76,64,Fair,No,Minor,Yes,No,No,No,5G,,18600
iQOO,12,52999,2023,3,Mumbai,Individual,16,256,Snapdragon 8 Gen 3,120,76,64,Good,No,Minor,Yes,Yes,No,No,5G,,21000
Realme,GT Neo 3,36999,2022,4,Mumbai,Individual,8,256,Dimensity 9200,90,78,200,Excellent,No,Moderate,Yes,Yes,No,No,5G,Screen Replaced,11200
Xiaomi,Redmi Note 13 Pro,29999,2024,2,Pune,Dealer,12,128,Snapdragon 695,120,80,200,Good,No,,No,Yes,Yes,No,5G,,14400
Samsung,Galaxy S21 FE,54999,2024,2,Chennai,Dealer,12,256,Dimensity 9200,120,85,200,Good,No,Minor,Yes,Yes,Yes,No,5G,,28400
OnePlus,Nord 3,33999,2023,3,Lucknow,Dealer,16,512,Snapdragon 7 Gen 3,120,70,108,Good,No,Heavy,Yes,No,No,No,5G,,13400
OnePlus,9 Pro,64999,2026,0,Kolkata,Individual,6,256,A17 Pro,90,88,64,Excellent,No,Minor,Yes,Yes,No,No,5G,,52400
Apple,iPhone 12,65999,2025,1,Kolkata,Dealer,8,256,Tensor G2,120,94,200,Good,No,,No,Yes,Yes,No,5G,,46500
Vivo,T3,22999,2023,3,Lucknow,Individual,12,64,A17 Pro,120,75,50,Fair,No,Minor,No,Yes,Yes,No,5G,,7800
Apple,iPhone 13,69999,2021,5,Hyderabad,Individual,16,256,Dimensity 8200,90,64,50,Fair,No,Minor,No,Yes,Yes,No,4G,,18100
Realme,11 Pro+,32999,2026,0,Noida,Individual,8,128,Dimensity 9200,90,95,108,Good,No,Minor,No,Yes,Yes,No,5G,,22300
Oppo,Reno 10,32999,2026,0,Chennai,Individual,8,128,Dimensity 9200,120,95,48,Good,No,Minor,No,Yes,No,Yes,5G,,22100
Apple,iPhone 13,69999,2026,0,Hyderabad,Individual,12,256,Tensor G3,120,91,50,Excellent,No,,Yes,Yes,No,No,5G,,64000
Apple,iPhone 12,65999,2023,3,Bengaluru,Individual,8,512,A16 Bionic,90,72,108,Excellent,Yes,Minor,No,Yes,No,No,5G,,24100
Oppo,F25,23999,2024,2,Patna,Dealer,16,256,Snapdragon 695,120,85,64,Good,No,,Yes,Yes,Yes,No,5G,,11000
Vivo,V29,32999,2023,3,Noida,Individual,6,128,Tensor G2,90,83,50,Excellent,No,Minor,No,Yes,Yes,No,5G,,12900
Samsung,Galaxy S22,62999,2025,1,Jaipur,Individual,12,128,Tensor G3,120,93,50,Excellent,Yes,Moderate,Yes,Yes,No,No,5G,,32600
Realme,GT Neo 3,36999,2022,4,Jaipur,Individual,12,128,Dimensity 8200,120,70,50,Fair,No,Minor,Yes,No,Yes,No,5G,,9900
Samsung,Galaxy S23,74999,2023,3,Hyderabad,Dealer,12,256,Snapdragon 8 Gen 3,90,76,108,Good,No,Moderate,Yes,Yes,Yes,No,5G,,31800
Samsung,Galaxy M35,22999,2021,5,Chennai,Individual,8,256,Dimensity 7200,60,71,108,Excellent,No,,No,Yes,Yes,No,5G,Screen Replaced,6600
Xiaomi,Redmi Note 13 Pro,29999,2022,4,Kolkata,Individual,8,128,Snapdragon 695,90,82,64,Good,No,Moderate,Yes,No,Yes,No,5G,Screen Replaced,9000
Apple,iPhone 13,69999,2023,3,Noida,Individual,8,256,Snapdragon 8 Gen 2,120,84,64,Poor,Yes,Minor,Yes,Yes,Yes,No,5G,,16100
Xiaomi,Redmi Note 12 Pro,25999,2026,0,Lucknow,Individual,4,128,Tensor G3,120,100,50,Excellent,No,,Yes,Yes,No,Yes,5G,,19600
Realme,Narzo 70,19999,2024,2,Delhi,Individual,8,512,Snapdragon 8 Gen 3,90,87,50,Fair,No,Minor,Yes,Yes,No,No,5G,,7900
Realme,GT Neo 3,36999,2024,2,Delhi,Individual,4,128,Tensor G2,120,86,50,Good,No,,No,Yes,No,No,5G,,17700
iQOO,12,52999,2023,3,Mumbai,Individual,6,256,Dimensity 7200,120,76,48,Excellent,No,,Yes,Yes,No,No,5G,,22900
Realme,GT Neo 3,36999,2021,5,Delhi,Individual,8,256,A15 Bionic,120,68,48,Excellent,No,Minor,No,Yes,Yes,No,4G,Battery Replaced,9900
Google,Pixel 7a,43999,2022,4,Delhi,Individual,8,128,Snapdragon 8 Gen 2,90,78,64,Excellent,No,Minor,Yes,No,No,No,5G,Motherboard Repair,12000
Apple,iPhone 11,49999,2021,5,Bengaluru,Dealer,6,256,Dimensity 8200,60,67,48,Excellent,No,Moderate,Yes,No,Yes,No,4G,Screen Replaced,15400
Oppo,Reno 10,32999,2022,4,Patna,Individual,16,128,A17 Pro,120,77,50,Good,No,,Yes,No,Yes,No,5G,,9900
Xiaomi,Xiaomi 13 Pro,79999,2026,0,Lucknow,Dealer,8,256,Dimensity 9200,120,97,64,Excellent,No,,No,Yes,Yes,No,5G,Screen Replaced,54900
OnePlus,12,64999,2024,2,Patna,Dealer,12,128,Snapdragon 7 Gen 3,120,80,48,Good,No,Minor,Yes,No,No,No,5G,,33400
Realme,11 Pro+,32999,2025,1,Noida,Individual,12,128,A16 Bionic,90,90,200,Good,No,Minor,No,Yes,No,No,5G,,18600
OnePlus,11R,39999,2023,3,Mumbai,Dealer,4,256,A16 Bionic,90,84,48,Poor,No,Minor,No,Yes,No,No,5G,,11200
OnePlus,12,64999,2022,4,Kolkata,Individual,8,64,Snapdragon 8 Gen 3,120,72,50,Good,No,Minor,Yes,Yes,Yes,No,5G,,22400
Realme,GT Neo 3,36999,2023,3,Patna,Individual,8,128,Tensor G2,120,80,48,Fair,No,Moderate,Yes,Yes,No,No,5G,,12200
Apple,iPhone 14,79999,2025,1,Pune,Individual,8,128,Dimensity 8200,120,85,108,Fair,No,Minor,Yes,No,No,No,5G,Screen Replaced,42900
Samsung,Galaxy S21 FE,54999,2024,2,Kolkata,Individual,12,256,Tensor G2,90,77,50,Excellent,No,Minor,Yes,Yes,Yes,No,5G,,31200
Nothing,Phone (1),32999,2024,2,Bengaluru,Individual,8,256,Snapdragon 8 Gen 2,120,79,108,Good,Yes,,No,Yes,Yes,No,5G,,12400
iQOO,Neo 9 Pro,37999,2022,4,Chennai,Individual,8,128,Dimensity 8200,90,74,108,Good,No,Minor,Yes,Yes,No,No,5G,,11600
Oppo,F25,23999,2026,0,Hyderabad,Individual,12,128,Dimensity 9200,90,100,50,Good,Yes,Minor,No,Yes,Yes,Yes,5G,Screen Replaced,10800
Oppo,Find X5,69999,2026,0,Kolkata,Individual,8,128,Tensor G2,90,90,108,Good,No,,No,Yes,Yes,Yes,5G,,47800
Oppo,F25,23999,2025,1,Noida,Individual,12,512,Tensor G2,120,87,200,Excellent,No,,No,Yes,Yes,No,5G,Screen Replaced,13200
Nothing,Phone (2a),25999,2023,3,Patna,Individual,8,128,A15 Bionic,120,71,200,Good,Yes,Minor,Yes,Yes,Yes,No,5G,,7400
Vivo,V29,32999,2025,1,Patna,Individual,6,128,Snapdragon 8 Gen 2,120,96,200,Excellent,Yes,Minor,No,No,Yes,No,5G,,14400
Realme,11 Pro+,32999,2025,1,Mumbai,Dealer,12,64,Tensor G2,60,89,48,Good,No,Minor,Yes,Yes,Yes,No,5G,,19700
Oppo,Reno 10,32999,2024,2,Noida,Dealer,8,256,Snapdragon 695,60,92,48,Good,No,,Yes,No,No,No,5G,,14900
Realme,Narzo 70,19999,2023,3,Bengaluru,Dealer,8,64,Tensor G3,120,78,48,Good,No,Minor,Yes,Yes,Yes,No,5G,,7600
Realme,GT Neo 3,36999,2025,1,Delhi,Individual,8,128,Snapdragon 8 Gen 2,120,86,64,Poor,No,Minor,No,Yes,Yes,No,5G,,13600
OnePlus,9 Pro,64999,2025,1,Chennai,Individual,8,256,Dimensity 8200,90,99,108,Good,No,Heavy,No,No,No,No,5G,,42500
Apple,iPhone 13,69999,2022,4,Bengaluru,Individual,4,64,Dimensity 8200,60,75,50,Fair,No,Minor,Yes,Yes,No,No,5G,,23600
Apple,iPhone 12,65999,2022,4,Chennai,Dealer,16,256,Dimensity 8200,120,69,108,Excellent,No,,Yes,No,No,No,5G,,26700
Realme,11 Pro+,32999,2025,1,Lucknow,Individual,6,256,Snapdragon 8 Gen 3,120,82,200,Poor,No,Minor,Yes,No,Yes,No,5G,,12800
Apple,iPhone 12,65999,2026,0,Noida,Individual,4,128,Tensor G3,120,98,200,Good,No,Minor,Yes,Yes,No,No,5G,,59300
iQOO,Neo 9 Pro,37999,2025,1,Mumbai,Individual,12,256,A16 Bionic,120,100,50,Fair,No,Minor,No,Yes,No,No,5G,,19200
Nothing,Phone (1),32999,2023,3,Patna,Dealer,12,256,A17 Pro,90,79,48,Excellent,No,,No,Yes,Yes,No,5G,,15300
Vivo,T3,22999,2021,5,Kolkata,Individual,12,256,Dimensity 8200,120,65,50,Excellent,No,Minor,Yes,Yes,Yes,No,4G,,6000
iQOO,Neo 9 Pro,37999,2024,2,Noida,Individual,8,256,Snapdragon 8 Gen 2,120,83,200,Good,No,Minor,Yes,No,Yes,No,5G,,17900
Motorola,G84,19999,2023,3,Delhi,Individual,8,128,Snapdragon 7 Gen 3,90,74,200,Excellent,No,Moderate,Yes,No,No,No,5G,,8100
Realme,GT Neo 3,36999,2022,4,Jaipur,Individual,4,128,A15 Bionic,90,73,64,Excellent,No,Minor,Yes,No,Yes,No,5G,Motherboard Repair,9000
Apple,iPhone 14,79999,2021,5,Chennai,Individual,8,128,Tensor G2,120,64,108,Good,No,Minor,No,Yes,Yes,No,4G,,24300
Motorola,Edge 50 Pro,34999,2024,2,Lucknow,Individual,12,256,Snapdragon 695,120,80,48,Excellent,No,Moderate,Yes,Yes,Yes,No,5G,,18200
Samsung,Galaxy M35,22999,2023,3,Chennai,Individual,12,256,Dimensity 9200,60,76,200,Fair,No,Moderate,Yes,Yes,No,No,5G,,8600
Realme,GT Neo 3,36999,2026,0,Mumbai,Individual,4,256,A16 Bionic,120,93,48,Fair,No,Minor,Yes,Yes,No,Yes,5G,,21800
Apple,iPhone 15,89999,2024,2,Bengaluru,Dealer,6,256,Snapdragon 7 Gen 3,120,83,50,Poor,No,Minor,Yes,Yes,Yes,No,5G,,35900
Xiaomi,Poco F5,29999,2023,3,Pune,Individual,8,128,Snapdragon 8 Gen 2,120,79,200,Good,Yes,Minor,No,Yes,No,No,5G,Motherboard Repair,6300
Samsung,Galaxy S22,62999,2023,3,Delhi,Dealer,8,512,Snapdragon 8 Gen 2,120,85,64,Excellent,No,Minor,Yes,Yes,Yes,No,5G,,29300
Google,Pixel 8,75999,2026,0,Pune,Individual,8,256,A15 Bionic,60,89,200,Excellent,No,,No,Yes,Yes,Yes,5G,,65700
Xiaomi,Xiaomi 13 Pro,79999,2022,4,Kolkata,Individual,12,256,Snapdragon 695,60,73,64,Excellent,No,,Yes,Yes,No,No,5G,,26300
Oppo,Find X5,69999,2021,5,Lucknow,Individual,12,128,Tensor G3,120,67,64,Good,Yes,,No,Yes,Yes,No,4G,Battery Replaced,11600
OnePlus,Nord 3,33999,2024,2,Jaipur,Individual,8,128,Snapdragon 8 Gen 2,120,92,50,Fair,No,Minor,Yes,Yes,No,No,5G,Screen Replaced,14600
Xiaomi,Poco F5,29999,2025,1,Lucknow,Individual,12,128,Tensor G3,120,89,108,Good,No,Minor,No,Yes,No,No,5G,,17900
OnePlus,12,64999,2022,4,Jaipur,Dealer,6,128,Dimensity 9200,90,73,64,Excellent,No,,No,Yes,No,No,5G,,23500
Apple,iPhone 13,69999,2022,4,Delhi,Individual,6,256,A17 Pro,90,71,64,Excellent,No,,Yes,Yes,No,No,5G,,27100
OnePlus,9 Pro,64999,2021,5,Bengaluru,Individual,8,128,Dimensity 7200,120,67,200,Fair,No,Minor,Yes,Yes,No,No,5G,,14600
Xiaomi,Redmi Note 12 Pro,25999,2026,0,Bengaluru,Dealer,12,512,Tensor G3,90,100,64,Good,No,Moderate,Yes,No,Yes,Yes,5G,,18700
Xiaomi,Redmi Note 13 Pro,29999,2023,3,Patna,Individual,4,128,A15 Bionic,120,81,200,Fair,No,Moderate,Yes,Yes,No,No,5G,,10300
Motorola,Edge 50 Pro,34999,2023,3,Delhi,Dealer,16,256,Snapdragon 7 Gen 3,120,82,64,Good,Yes,Moderate,No,Yes,Yes,No,5G,Battery Replaced,9700
iQOO,Neo 9 Pro,37999,2022,4,Mumbai,Individual,8,128,A17 Pro,90,78,64,Good,No,,No,Yes,No,No,5G,,11900
Oppo,F25,23999,2022,4,Delhi,Individual,12,256,Snapdragon 695,90,70,200,Fair,No,,Yes,No,Yes,No,5G,,5900
Xiaomi,Poco F5,29999,2023,3,Jaipur,Dealer,8,128,Dimensity 9200,90,78,50,Poor,Yes,Moderate,No,Yes,No,No,5G,,5400
Motorola,Edge 40,29999,2021,5,Hyderabad,Individual,4,256,A17 Pro,120,63,200,Excellent,No,Moderate,Yes,Yes,Yes,No,4G,,8600
Xiaomi,Poco F5,29999,2025,1,Lucknow,Dealer,8,256,Dimensity 8200,120,94,64,Excellent,No,,No,Yes,Yes,No,5G,,18400
Samsung,Galaxy S23,74999,2022,4,Noida,Individual,12,256,A15 Bionic,120,80,108,Excellent,No,Moderate,Yes,No,Yes,No,5G,,28400
Google,Pixel 7,59999,2024,2,Pune,Individual,8,256,Dimensity 8200,120,87,64,Excellent,No,Minor,No,Yes,Yes,No,5G,Screen Replaced,34100
Oppo,F25,23999,2024,2,Mumbai,Individual,12,256,A16 Bionic,60,80,50,Good,No,,Yes,Yes,Yes,No,5G,Motherboard Repair,8700
Vivo,X90,59999,2026,0,Bengaluru,Individual,6,256,Dimensity 7200,90,94,50,Fair,No,Moderate,No,Yes,No,No,5G,,36500
Apple,iPhone 14,79999,2023,3,Delhi,Individual,8,64,Snapdragon 695,90,79,50,Fair,No,,No,Yes,Yes,No,5G,,32100
Motorola,G84,19999,2024,2,Chennai,Individual,12,128,A16 Bionic,90,86,48,Excellent,No,,No,Yes,No,No,5G,,10600
Oppo,Reno 10,32999,2022,4,Delhi,Individual,12,256,A15 Bionic,120,82,50,Fair,Yes,Minor,No,Yes,Yes,No,5G,,6300
Xiaomi,Redmi Note 12 Pro,25999,2024,2,Patna,Dealer,6,128,A15 Bionic,60,86,50,Good,No,Moderate,No,Yes,No,No,5G,,12600
Xiaomi,Redmi Note 13 Pro,29999,2022,4,Chennai,Individual,8,256,A16 Bionic,90,69,64,Good,No,Minor,Yes,Yes,Yes,No,5G,Battery Replaced,9600
Samsung,Galaxy A54,38999,2024,2,Lucknow,Individual,12,128,A15 Bionic,90,80,48,Fair,No,Minor,No,Yes,No,No,5G,,18100
Apple,iPhone 13,69999,2023,3,Hyderabad,Individual,8,64,A16 Bionic,120,73,200,Good,No,Moderate,Yes,Yes,No,No,5G,,33400
Xiaomi,Redmi Note 13 Pro,29999,2025,1,Jaipur,Individual,8,128,Snapdragon 695,120,84,108,Fair,No,,Yes,Yes,Yes,No,5G,,15100
Vivo,V29,32999,2024,2,Pune,Individual,8,256,Tensor G3,120,83,48,Good,No,,No,Yes,No,No,5G,,14900
Nothing,Phone (2a),25999,2024,2,Pune,Individual,8,64,A16 Bionic,120,90,200,Fair,No,Moderate,Yes,No,Yes,No,5G,,11900
Nothing,Phone (2a),25999,2023,3,Lucknow,Individual,8,256,Dimensity 9200,120,75,108,Fair,No,,Yes,Yes,Yes,No,5G,,9200
Apple,iPhone 12,65999,2026,0,Lucknow,Dealer,16,256,A16 Bionic,90,86,64,Fair,Yes,Moderate,Yes,Yes,No,Yes,5G,,34200
Xiaomi,Xiaomi 13 Pro,79999,2025,1,Lucknow,Individual,12,128,Snapdragon 8 Gen 2,90,92,64,Good,No,,Yes,Yes,No,No,5G,Battery Replaced,47500
Google,Pixel 8,75999,2025,1,Jaipur,Dealer,12,128,Snapdragon 7 Gen 3,60,84,200,Fair,No,Minor,No,Yes,Yes,No,5G,,42800
Samsung,Galaxy A54,38999,2026,0,Kolkata,Individual,8,256,A16 Bionic,120,85,50,Excellent,No,Moderate,No,Yes,Yes,Yes,5G,,32400
OnePlus,Nord 3,33999,2024,2,Jaipur,Individual,12,512,A17 Pro,60,87,50,Fair,No,Minor,Yes,No,No,No,5G,,15100
Samsung,Galaxy M35,22999,2026,0,Jaipur,Dealer,16,128,Tensor G2,90,93,108,Good,No,Minor,Yes,No,Yes,Yes,5G,,18200
Realme,GT Neo 3,36999,2025,1,Jaipur,Individual,8,256,Tensor G3,120,88,48,Good,No,,No,Yes,Yes,No,5G,Screen Replaced,20400
iQOO,12,52999,2026,0,Kolkata,Individual,16,512,Tensor G3,60,91,48,Excellent,No,Minor,Yes,No,Yes,No,5G,Battery Replaced,42000
Xiaomi,Poco F5,29999,2026,0,Delhi,Individual,6,128,Tensor G2,60,89,48,Poor,No,,No,No,No,No,5G,,13500
Google,Pixel 8,75999,2022,4,Kolkata,Dealer,8,128,Snapdragon 8 Gen 2,120,75,64,Fair,No,Minor,Yes,No,No,No,5G,,21800
iQOO,Z9,21999,2022,4,Kolkata,Individual,8,256,Dimensity 7200,90,82,50,Good,No,,Yes,Yes,Yes,No,5G,,7300
Samsung,Galaxy S22,62999,2025,1,Chennai,Individual,8,64,Snapdragon 7 Gen 3,90,93,200,Fair,Yes,Minor,Yes,No,Yes,No,5G,,24500
Nothing,Phone (2),44999,2022,4,Pune,Dealer,6,256,Snapdragon 8 Gen 2,90,79,108,Good,No,Minor,Yes,No,No,No,5G,,14300
Oppo,Find X5,69999,2025,1,Patna,Individual,8,128,Snapdragon 695,120,95,50,Excellent,No,,Yes,Yes,Yes,No,5G,,44600
Xiaomi,Redmi Note 13 Pro,29999,2023,3,Chennai,Individual,8,512,Snapdragon 8 Gen 3,90,83,64,Fair,No,Minor,No,Yes,Yes,No,5G,Battery Replaced,10500
Samsung,Galaxy S21 FE,54999,2022,4,Pune,Individual,12,256,A15 Bionic,120,70,48,Fair,No,Moderate,Yes,Yes,Yes,No,5G,Battery Replaced,15800
Google,Pixel 7,59999,2025,1,Patna,Dealer,12,128,A15 Bionic,60,82,108,Good,No,Moderate,Yes,Yes,No,No,5G,,40300
Google,Pixel 8,75999,2024,2,Kolkata,Individual,8,256,Dimensity 7200,90,89,50,Good,No,Minor,No,Yes,No,No,5G,,40000
Nothing,Phone (2a),25999,2022,4,Jaipur,Individual,16,64,Snapdragon 8 Gen 3,120,77,48,Good,No,Minor,No,Yes,Yes,No,5G,,8300
Samsung,Galaxy M35,22999,2021,5,Patna,Individual,12,128,Tensor G3,90,72,108,Good,No,,Yes,Yes,No,No,5G,Battery Replaced,5900
Apple,iPhone 11,49999,2025,1,Noida,Individual,12,128,A15 Bionic,90,86,108,Excellent,No,Minor,Yes,Yes,Yes,No,5G,,40000
Apple,iPhone 13,69999,2022,4,Patna,Dealer,4,256,Snapdragon 8 Gen 2,60,75,200,Good,No,Moderate,Yes,Yes,Yes,No,5G,Screen Replaced,24800
Vivo,T3,22999,2023,3,Delhi,Individual,6,128,Dimensity 9200,120,73,50,Good,No,Moderate,No,Yes,Yes,No,5G,,8700
Xiaomi,Xiaomi 13 Pro,79999,2022,4,Chennai,Dealer,8,128,Tensor G2,60,86,48,Excellent,Yes,Minor,Yes,No,Yes,No,5G,Battery Replaced,19600
Apple,iPhone 14,79999,2022,4,Mumbai,Individual,6,256,Dimensity 8200,90,75,64,Good,No,,No,No,Yes,No,5G,,30000
Samsung,Galaxy S23,74999,2024,2,Bengaluru,Individual,16,256,Snapdragon 695,120,85,48,Excellent,No,Moderate,No,No,Yes,No,5G,Battery Replaced,41700
Realme,11 Pro+,32999,2023,3,Bengaluru,Individual,12,256,Tensor G3,120,77,64,Excellent,No,Moderate,Yes,Yes,No,No,5G,,13000
OnePlus,9 Pro,64999,2024,2,Mumbai,Individual,12,256,Snapdragon 8 Gen 2,120,89,200,Good,No,,Yes,No,Yes,No,5G,Screen Replaced,32000
Apple,iPhone 13,69999,2023,3,Noida,Individual,12,128,Snapdragon 8 Gen 3,90,92,108,Good,No,,Yes,No,Yes,No,5G,,34500
Apple,iPhone 13,69999,2025,1,Lucknow,Individual,12,512,Snapdragon 7 Gen 3,60,90,108,Good,No,Minor,Yes,Yes,No,No,5G,,49000
Oppo,F25,23999,2024,2,Bengaluru,Dealer,4,128,A15 Bionic,60,82,50,Fair,No,Heavy,Yes,No,Yes,No,5G,,9800
Motorola,G84,19999,2023,3,Hyderabad,Dealer,8,128,Tensor G2,120,86,200,Excellent,No,Heavy,No,Yes,Yes,No,5G,,8900
Google,Pixel 8,75999,2023,3,Lucknow,Individual,8,64,A15 Bionic,90,72,64,Good,No,Moderate,No,Yes,Yes,No,5G,,32000
iQOO,Neo 9 Pro,37999,2025,1,Mumbai,Individual,16,128,Dimensity 7200,60,82,200,Excellent,Yes,,No,Yes,No,No,5G,,18000
Motorola,Edge 40,29999,2021,5,Noida,Individual,12,512,Snapdragon 7 Gen 3,90,76,64,Fair,No,,Yes,Yes,No,No,4G,,6500
Samsung,Galaxy A54,38999,2024,2,Delhi,Individual,8,128,Snapdragon 8 Gen 3,90,79,200,Good,No,Moderate,Yes,Yes,Yes,No,5G,,21000
Realme,Narzo 70,19999,2023,3,Lucknow,Individual,12,128,Snapdragon 695,90,80,48,Fair,No,,Yes,Yes,No,No,5G,Battery Replaced,6600
Google,Pixel 7a,43999,2024,2,Patna,Individual,6,256,A16 Bionic,90,84,50,Good,Yes,Minor,Yes,Yes,Yes,No,5G,,17300
Samsung,Galaxy S23,74999,2025,1,Pune,Individual,8,128,Dimensity 9200,120,83,64,Good,No,,Yes,Yes,Yes,No,5G,Motherboard Repair,35200
Oppo,F25,23999,2026,0,Bengaluru,Individual,8,128,Snapdragon 8 Gen 2,120,99,108,Fair,No,Minor,Yes,Yes,No,Yes,5G,,14500
Oppo,F25,23999,2024,2,Patna,Individual,8,512,Snapdragon 8 Gen 2,90,88,48,Good,No,,No,Yes,No,No,5G,,11100
Xiaomi,Redmi Note 13 Pro,29999,2023,3,Jaipur,Dealer,4,128,Tensor G3,90,80,48,Fair,Yes,Minor,Yes,Yes,No,No,5G,Screen Replaced,6500
Apple,iPhone 11,49999,2026,0,Lucknow,Dealer,6,128,Dimensity 8200,90,90,108,Poor,No,Heavy,Yes,Yes,No,Yes,5G,,27800
iQOO,Z9,21999,2025,1,Bengaluru,Dealer,8,128,Snapdragon 8 Gen 3,120,87,48,Excellent,No,Minor,Yes,Yes,No,No,5G,,13900
Vivo,X90,59999,2026,0,Chennai,Individual,8,128,Dimensity 7200,120,100,48,Poor,No,Moderate,No,Yes,Yes,Yes,5G,,29200
Vivo,X90,59999,2023,3,Kolkata,Individual,12,256,Snapdragon 7 Gen 3,120,86,64,Good,No,,No,Yes,Yes,No,5G,,22200
Google,Pixel 7a,43999,2025,1,Bengaluru,Individual,8,128,Dimensity 7200,120,88,200,Good,No,Minor,No,Yes,No,No,5G,,29300
Motorola,Edge 40,29999,2024,2,Jaipur,Individual,6,256,Dimensity 9200,120,82,200,Good,No,,No,No,No,No,5G,,14200
Samsung,Galaxy S22,62999,2024,2,Lucknow,Individual,12,256,Dimensity 7200,60,74,200,Fair,Yes,Minor,No,Yes,No,No,5G,,18900
Apple,iPhone 15,89999,2021,5,Chennai,Dealer,8,128,Tensor G2,90,78,50,Good,No,,No,No,Yes,No,4G,,25700
Samsung,Galaxy S22,62999,2025,1,Pune,Individual,8,128,Snapdragon 8 Gen 3,120,89,64,Good,No,Moderate,No,Yes,Yes,No,5G,,40600
Samsung,Galaxy S22,62999,2022,4,Delhi,Individual,6,128,Tensor G2,90,70,48,Excellent,Yes,Moderate,Yes,Yes,No,No,5G,,16500
OnePlus,11R,39999,2023,3,Hyderabad,Individual,12,512,Snapdragon 695,90,80,50,Good,No,Minor,Yes,Yes,Yes,No,5G,,16300
Xiaomi,Redmi Note 12 Pro,25999,2023,3,Patna,Individual,6,256,Snapdragon 7 Gen 3,120,79,50,Good,No,Moderate,Yes,Yes,No,No,5G,,10200
Samsung,Galaxy A54,38999,2025,1,Jaipur,Individual,12,128,Dimensity 8200,120,85,50,Poor,No,,No,Yes,Yes,No,5G,,17400
Realme,Narzo 70,19999,2024,2,Bengaluru,Dealer,12,128,Dimensity 7200,90,81,48,Excellent,No,,Yes,No,Yes,No,5G,,10100
Samsung,Galaxy S23,74999,2024,2,Patna,Dealer,12,128,A16 Bionic,120,84,64,Excellent,No,Heavy,Yes,Yes,Yes,No,5G,,40900
Samsung,Galaxy M35,22999,2025,1,Bengaluru,Individual,8,256,Dimensity 7200,120,88,108,Good,No,Minor,Yes,No,Yes,No,5G,,15200
Nothing,Phone (2a),25999,2024,2,Pune,Dealer,6,128,Snapdragon 8 Gen 3,90,82,200,Fair,No,Minor,No,Yes,Yes,No,5G,,10800
Nothing,Phone (2),44999,2025,1,Noida,Individual,6,256,Tensor G2,90,89,48,Good,Yes,Moderate,No,Yes,No,No,5G,,19700
Vivo,T3,22999,2025,1,Pune,Individual,8,512,Dimensity 7200,120,88,64,Good,No,Minor,No,Yes,Yes,No,5G,Battery Replaced,12500
Motorola,Edge 50 Pro,34999,2022,4,Delhi,Individual,12,128,Tensor G3,90,80,50,Good,No,Moderate,No,No,Yes,No,5G,,11200
Samsung,Galaxy S23,74999,2024,2,Noida,Dealer,8,256,Snapdragon 8 Gen 2,120,97,50,Poor,No,Minor,Yes,Yes,Yes,No,5G,,28300
Samsung,Galaxy A54,38999,2023,3,Lucknow,Individual,4,512,Snapdragon 8 Gen 3,120,81,48,Good,No,,Yes,No,Yes,No,5G,,17200
Oppo,Reno 10,32999,2024,2,Patna,Individual,4,64,Tensor G3,120,86,200,Poor,No,Moderate,No,Yes,Yes,No,5G,,10100
Xiaomi,Redmi Note 13 Pro,29999,2023,3,Bengaluru,Individual,6,128,Dimensity 9200,120,87,64,Good,No,Moderate,Yes,No,No,No,5G,,11200
iQOO,Z9,21999,2023,3,Pune,Individual,8,128,Snapdragon 695,60,71,48,Poor,Yes,,No,Yes,Yes,No,5G,Screen Replaced,3800
Realme,Narzo 70,19999,2025,1,Mumbai,Individual,6,128,A17 Pro,120,84,50,Excellent,No,Minor,Yes,Yes,No,No,5G,,12600
Realme,GT Neo 3,36999,2024,2,Pune,Dealer,6,128,Dimensity 8200,120,88,48,Poor,No,Moderate,Yes,No,No,No,5G,,11600
iQOO,Neo 9 Pro,37999,2026,0,Lucknow,Individual,8,128,Snapdragon 8 Gen 2,90,90,64,Fair,Yes,,Yes,Yes,No,Yes,5G,Screen Replaced,16400
Vivo,T3,22999,2022,4,Noida,Individual,6,128,Snapdragon 7 Gen 3,90,71,108,Excellent,No,Moderate,No,Yes,No,No,5G,,7200
Motorola,Edge 40,29999,2023,3,Noida,Dealer,12,128,A15 Bionic,120,69,64,Excellent,No,Minor,No,Yes,Yes,No,5G,,12300
Apple,iPhone 14,79999,2022,4,Mumbai,Individual,6,256,Tensor G2,90,78,108,Good,No,,No,No,Yes,No,5G,Motherboard Repair,22700
Realme,11 Pro+,32999,2025,1,Patna,Dealer,8,256,Snapdragon 695,60,84,108,Fair,Yes,Moderate,Yes,Yes,No,No,5G,Screen Replaced,11400
Xiaomi,Poco F5,29999,2025,1,Noida,Individual,12,128,A16 Bionic,90,97,108,Poor,No,Moderate,No,No,No,No,5G,Screen Replaced,10400
Oppo,Find X5,69999,2023,3,Delhi,Individual,8,256,Snapdragon 8 Gen 3,60,86,50,Good,No,,Yes,Yes,Yes,No,5G,,25800
Samsung,Galaxy S21 FE,54999,2023,3,Lucknow,Individual,8,128,Snapdragon 695,120,79,64,Excellent,No,,No,Yes,Yes,No,5G,,25800
Motorola,Edge 40,29999,2022,4,Mumbai,Individual,6,128,Dimensity 7200,120,81,50,Excellent,No,Moderate,Yes,No,Yes,No,5G,,10500
Samsung,Galaxy S23,74999,2024,2,Delhi,Individual,12,128,Snapdragon 695,90,85,48,Excellent,Yes,Minor,No,Yes,No,No,5G,,30000
Samsung,Galaxy M35,22999,2023,3,Chennai,Individual,6,128,Snapdragon 8 Gen 2,90,84,50,Good,No,Moderate,Yes,Yes,Yes,No,5G,Motherboard Repair,7400
Vivo,V29,32999,2024,2,Patna,Individual,16,256,Tensor G3,120,91,108,Good,No,Minor,No,Yes,No,No,5G,,15100
iQOO,12,52999,2024,2,Lucknow,Individual,16,256,Snapdragon 8 Gen 2,60,85,64,Good,No,Moderate,Yes,Yes,No,No,5G,,26500
Xiaomi,Redmi Note 12 Pro,25999,2026,0,Patna,Individual,4,256,Dimensity 8200,90,95,64,Fair,No,Moderate,Yes,Yes,No,No,5G,,16600
Oppo,F25,23999,2022,4,Lucknow,Individual,8,256,A15 Bionic,60,86,50,Excellent,No,,Yes,Yes,No,No,5G,,8300
Xiaomi,Redmi Note 13 Pro,29999,2024,2,Jaipur,Individual,12,128,Dimensity 9200,120,93,50,Fair,No,Moderate,No,Yes,Yes,No,5G,Battery Replaced,12300
iQOO,Neo 9 Pro,37999,2023,3,Mumbai,Individual,8,128,A15 Bionic,60,80,50,Good,No,Moderate,No,Yes,Yes,No,5G,,15100
Nothing,Phone (2a),25999,2026,0,Chennai,Individual,12,512,Tensor G3,60,93,50,Good,No,Minor,Yes,No,Yes,Yes,5G,,19800
Nothing,Phone (2),44999,2023,3,Hyderabad,Individual,6,128,Dimensity 8200,120,84,108,Fair,No,,No,Yes,Yes,No,5G,,16300
Xiaomi,Xiaomi 13 Pro,79999,2024,2,Delhi,Individual,16,128,Snapdragon 695,120,90,200,Excellent,No,Minor,Yes,Yes,Yes,No,5G,Screen Replaced,38700
Apple,iPhone 15,89999,2021,5,Chennai,Dealer,8,256,A15 Bionic,120,72,200,Good,No,Moderate,No,Yes,Yes,No,4G,Screen Replaced,23800
Samsung,Galaxy S21 FE,54999,2022,4,Noida,Individual,8,256,Snapdragon 695,60,69,108,Poor,No,Minor,Yes,No,Yes,No,5G,,12300
Samsung,Galaxy S23,74999,2024,2,Mumbai,Individual,8,256,Snapdragon 8 Gen 2,90,85,48,Excellent,No,Minor,Yes,Yes,No,No,5G,,42600
Samsung,Galaxy S22,62999,2025,1,Pune,Individual,8,128,A16 Bionic,120,96,50,Good,Yes,Moderate,No,Yes,No,No,5G,,29200
Apple,iPhone 14,79999,2022,4,Pune,Individual,8,256,A16 Bionic,60,75,48,Fair,No,Minor,Yes,No,No,No,5G,Screen Replaced,23700
OnePlus,Nord 3,33999,2025,1,Hyderabad,Dealer,8,512,A16 Bionic,120,88,48,Good,No,Minor,Yes,Yes,Yes,No,5G,Battery Replaced,20500
Google,Pixel 8,75999,2022,4,Bengaluru,Individual,12,128,Dimensity 8200,90,77,50,Good,No,Minor,No,Yes,No,No,5G,,26200
Xiaomi,Redmi Note 13 Pro,29999,2025,1,Patna,Individual,12,256,Snapdragon 695,90,89,200,Good,Yes,Minor,No,No,No,No,5G,Battery Replaced,12300
Oppo,Find X5,69999,2024,2,Kolkata,Individual,8,128,Snapdragon 8 Gen 2,90,86,50,Fair,No,Heavy,Yes,Yes,No,No,5G,,28500
Apple,iPhone 13,69999,2022,4,Noida,Individual,6,512,Dimensity 9200,60,74,64,Excellent,No,Moderate,No,Yes,Yes,No,5G,Battery Replaced,26700
iQOO,Z9,21999,2024,2,Chennai,Dealer,8,128,Tensor G3,120,90,200,Good,No,Minor,Yes,Yes,Yes,No,5G,,10900
Samsung,Galaxy S23,74999,2021,5,Jaipur,Individual,8,128,Dimensity 9200,120,66,200,Fair,No,Minor,No,Yes,No,No,4G,,18100
Samsung,Galaxy S21 FE,54999,2023,3,Delhi,Dealer,4,256,Snapdragon 8 Gen 3,120,80,50,Good,Yes,Minor,No,Yes,No,No,5G,,16900
Apple,iPhone 14,79999,2023,3,Delhi,Individual,12,128,A16 Bionic,90,81,64,Good,No,Minor,Yes,No,Yes,No,5G,,37400
OnePlus,11R,39999,2023,3,Lucknow,Individual,12,256,Snapdragon 695,120,81,108,Good,No,Moderate,Yes,No,No,No,5G,,16300
Apple,iPhone 12,65999,2021,5,Noida,Individual,8,128,A15 Bionic,120,70,108,Good,No,Minor,Yes,Yes,No,No,4G,,19600
iQOO,12,52999,2024,2,Chennai,Individual,16,512,Dimensity 7200,120,87,108,Good,No,,Yes,Yes,Yes,No,5G,,25600
Xiaomi,Redmi Note 12 Pro,25999,2025,1,Mumbai,Individual,6,128,Dimensity 8200,120,98,200,Excellent,No,,Yes,Yes,Yes,No,5G,Screen Replaced,16000
Xiaomi,Poco F5,29999,2022,4,Lucknow,Individual,4,128,A17 Pro,120,80,64,Good,No,Minor,Yes,No,No,No,5G,,9000
Apple,iPhone 12,65999,2022,4,Lucknow,Individual,6,256,Snapdragon 695,120,75,200,Fair,No,Minor,Yes,Yes,Yes,No,5G,,21300
Oppo,F25,23999,2022,4,Lucknow,Dealer,6,512,Dimensity 8200,90,80,50,Good,No,Minor,Yes,No,Yes,No,5G,,7000
Xiaomi,Redmi Note 12 Pro,25999,2025,1,Bengaluru,Dealer,8,128,A17 Pro,120,86,200,Excellent,No,Moderate,No,Yes,No,No,5G,,16400
Google,Pixel 7,59999,2023,3,Lucknow,Individual,8,256,Snapdragon 695,120,88,64,Good,No,Moderate,No,Yes,Yes,No,5G,Battery Replaced,26000
Samsung,Galaxy S23,74999,2025,1,Pune,Individual,4,128,Snapdragon 8 Gen 3,90,87,200,Fair,No,Minor,Yes,Yes,Yes,No,5G,Motherboard Repair,32300
Google,Pixel 8,75999,2022,4,Jaipur,Dealer,8,64,A15 Bionic,120,75,64,Excellent,Yes,,Yes,No,Yes,No,5G,,19800
Samsung,Galaxy A54,38999,2024,2,Bengaluru,Individual,8,128,Dimensity 9200,120,84,48,Poor,No,Moderate,No,Yes,Yes,No,5G,,14100
Google,Pixel 7a,43999,2024,2,Noida,Individual,8,256,Snapdragon 8 Gen 3,60,80,50,Good,No,Moderate,No,No,No,No,5G,Battery Replaced,23100
Samsung,Galaxy S22,62999,2022,4,Lucknow,Individual,8,256,Dimensity 9200,120,62,48,Fair,No,Minor,Yes,No,No,No,5G,,18400
OnePlus,9 Pro,64999,2022,4,Delhi,Dealer,8,128,A15 Bionic,120,70,64,Good,No,,Yes,Yes,Yes,No,5G,,22000
Xiaomi,Xiaomi 13 Pro,79999,2024,2,Hyderabad,Individual,6,512,A16 Bionic,90,80,200,Fair,No,Moderate,Yes,No,No,No,5G,Battery Replaced,33600
Apple,iPhone 13,69999,2022,4,Noida,Individual,12,256,Snapdragon 8 Gen 2,90,76,50,Excellent,No,Heavy,Yes,Yes,Yes,No,5G,,28900
Samsung,Galaxy S21 FE,54999,2022,4,Jaipur,Individual,8,128,A16 Bionic,60,71,64,Fair,No,Minor,Yes,No,Yes,No,5G,,15900
Motorola,Edge 50 Pro,34999,2022,4,Chennai,Individual,6,512,Snapdragon 8 Gen 3,120,83,108,Excellent,No,,No,No,No,No,5G,,11600
Samsung,Galaxy S21 FE,54999,2023,3,Hyderabad,Dealer,6,128,Snapdragon 695,120,80,48,Fair,Yes,,Yes,Yes,No,No,5G,,14400
Xiaomi,Poco F5,29999,2025,1,Lucknow,Individual,8,128,Snapdragon 8 Gen 2,120,98,200,Good,No,Moderate,No,No,Yes,No,5G,,17400
Nothing,Phone (2),44999,2022,4,Kolkata,Individual,6,128,Dimensity 7200,120,73,108,Poor,No,Moderate,No,Yes,Yes,No,5G,Battery Replaced,9900
Realme,GT Neo 3,36999,2022,4,Delhi,Individual,6,512,A17 Pro,90,69,50,Good,No,Minor,Yes,Yes,No,No,5G,,10900
Motorola,Edge 50 Pro,34999,2024,2,Delhi,Dealer,8,256,Snapdragon 695,120,84,108,Good,Yes,Minor,Yes,Yes,No,No,5G,,11900
OnePlus,9 Pro,64999,2024,2,Kolkata,Individual,12,128,Tensor G2,90,86,64,Excellent,No,Minor,No,Yes,No,No,5G,,34000
Oppo,Reno 10,32999,2025,1,Patna,Individual,12,256,Snapdragon 7 Gen 3,90,82,200,Excellent,No,Moderate,No,Yes,No,No,5G,,19900
Samsung,Galaxy M35,22999,2026,0,Jaipur,Individual,12,256,Snapdragon 695,120,90,50,Good,No,Moderate,Yes,Yes,Yes,Yes,5G,,17100
Samsung,Galaxy S21 FE,54999,2023,3,Mumbai,Dealer,8,128,Dimensity 7200,120,85,64,Good,No,,Yes,Yes,Yes,No,5G,,23300
Motorola,G84,19999,2025,1,Noida,Individual,8,128,Tensor G2,90,86,108,Good,Yes,Minor,Yes,Yes,Yes,No,5G,Motherboard Repair,6200
Oppo,Reno 10,32999,2024,2,Delhi,Individual,8,128,Snapdragon 7 Gen 3,120,80,50,Good,Yes,Moderate,No,Yes,No,No,5G,,10400
Samsung,Galaxy S23,74999,2023,3,Noida,Individual,8,128,A15 Bionic,60,73,48,Excellent,No,,No,Yes,No,No,5G,,34500
Motorola,G84,19999,2022,4,Mumbai,Dealer,8,128,Snapdragon 7 Gen 3,90,70,64,Good,No,Minor,Yes,Yes,Yes,No,5G,,6600
Vivo,V29,32999,2024,2,Bengaluru,Individual,12,256,Snapdragon 7 Gen 3,120,95,64,Good,No,,No,Yes,Yes,No,5G,,15700
Apple,iPhone 15,89999,2023,3,Delhi,Individual,6,256,Dimensity 7200,90,75,50,Excellent,No,,Yes,Yes,Yes,No,5G,,46300
Xiaomi,Redmi Note 12 Pro,25999,2024,2,Chennai,Individual,12,512,Tensor G2,120,75,64,Good,No,Moderate,Yes,Yes,Yes,No,5G,,12600
Nothing,Phone (1),32999,2021,5,Mumbai,Individual,12,128,Dimensity 7200,90,78,64,Excellent,No,Moderate,Yes,No,Yes,No,5G,,9200
Nothing,Phone (1),32999,2024,2,Delhi,Individual,8,128,A17 Pro,120,83,48,Good,No,Minor,Yes,Yes,No,No,5G,,17000
Vivo,X90,59999,2022,4,Delhi,Individual,12,128,A17 Pro,120,75,48,Good,No,Moderate,Yes,Yes,Yes,No,5G,,18800
Realme,GT Neo 3,36999,2024,2,Pune,Individual,4,128,Snapdragon 695,120,85,108,Excellent,No,,No,Yes,Yes,No,5G,,19600
Xiaomi,Poco F5,29999,2023,3,Hyderabad,Individual,6,256,Dimensity 8200,120,75,50,Poor,No,Minor,No,Yes,No,No,5G,,7700
OnePlus,Nord 3,33999,2024,2,Jaipur,Individual,12,256,Snapdragon 8 Gen 3,120,89,108,Poor,Yes,Minor,No,Yes,Yes,No,5G,,8100
Samsung,Galaxy S23,74999,2024,2,Jaipur,Individual,6,128,Tensor G3,120,79,108,Fair,Yes,Minor,Yes,No,Yes,No,5G,,23400
Samsung,Galaxy S22,62999,2023,3,Lucknow,Individual,12,256,Tensor G3,90,83,50,Good,No,,No,Yes,No,No,5G,,25700
Oppo,F25,23999,2024,2,Delhi,Dealer,4,128,Tensor G2,90,85,50,Fair,No,Minor,Yes,Yes,No,No,5G,,9300
iQOO,12,52999,2023,3,Mumbai,Individual,8,256,A17 Pro,90,85,108,Good,No,,Yes,Yes,No,No,5G,,22100
Vivo,X90,59999,2021,5,Patna,Dealer,8,128,Tensor G3,120,70,48,Fair,No,Minor,Yes,Yes,No,No,4G,,12400
Xiaomi,Redmi Note 12 Pro,25999,2022,4,Delhi,Dealer,12,256,Snapdragon 8 Gen 3,60,71,64,Good,No,,Yes,Yes,No,No,5G,,8000
Samsung,Galaxy A54,38999,2026,0,Kolkata,Dealer,12,128,Snapdragon 8 Gen 3,120,98,48,Good,Yes,Minor,Yes,Yes,Yes,Yes,5G,Screen Replaced,20300
Vivo,X90,59999,2025,1,Bengaluru,Dealer,6,512,A16 Bionic,120,90,200,Good,No,Minor,No,No,No,No,5G,Screen Replaced,30700
Nothing,Phone (2a),25999,2024,2,Patna,Individual,8,64,A15 Bionic,90,77,48,Fair,No,Minor,No,Yes,Yes,No,5G,,10800
Nothing,Phone (2),44999,2021,5,Patna,Individual,16,512,Snapdragon 8 Gen 3,120,75,64,Fair,No,Moderate,No,Yes,Yes,No,5G,,9900
Apple,iPhone 13,69999,2024,2,Hyderabad,Individual,8,128,A15 Bionic,60,89,50,Excellent,No,Minor,Yes,Yes,Yes,No,5G,Battery Replaced,46100
Oppo,Find X5,69999,2023,3,Noida,Individual,8,128,A15 Bionic,120,80,64,Good,No,Moderate,No,Yes,Yes,No,5G,,26600
Apple,iPhone 13,69999,2024,2,Delhi,Individual,12,256,Tensor G2,120,84,64,Good,No,Heavy,No,No,No,No,5G,,38100
Vivo,V29,32999,2022,4,Kolkata,Individual,12,128,Dimensity 9200,120,73,108,Good,No,Minor,No,Yes,Yes,No,5G,Battery Replaced,9800
Nothing,Phone (2a),25999,2021,5,Kolkata,Individual,8,256,Dimensity 7200,120,65,64,Excellent,No,,No,No,Yes,No,4G,Screen Replaced,6800
Samsung,Galaxy M35,22999,2023,3,Lucknow,Individual,6,256,Snapdragon 7 Gen 3,120,91,108,Good,No,Minor,Yes,Yes,No,No,5G,,10000
Samsung,Galaxy S22,62999,2024,2,Jaipur,Dealer,8,512,Dimensity 9200,120,88,50,Fair,No,Minor,Yes,Yes,No,No,5G,Battery Replaced,29500
OnePlus,9 Pro,64999,2022,4,Delhi,Individual,12,512,A15 Bionic,90,73,108,Excellent,No,Moderate,No,Yes,Yes,No,5G,,22700
iQOO,Z9,21999,2023,3,Pune,Individual,8,256,Snapdragon 8 Gen 2,120,83,48,Good,No,Heavy,No,Yes,Yes,No,5G,,8400
Apple,iPhone 14,79999,2025,1,Chennai,Individual,12,128,Dimensity 9200,120,95,108,Good,No,Moderate,Yes,No,Yes,No,5G,,53800
Motorola,Edge 50 Pro,34999,2022,4,Kolkata,Individual,16,64,Tensor G3,90,77,48,Excellent,No,Minor,No,Yes,Yes,No,5G,Battery Replaced,12200
OnePlus,12,64999,2026,0,Patna,Individual,6,256,Dimensity 9200,120,95,108,Good,No,,Yes,Yes,Yes,No,5G,Battery Replaced,51100
Xiaomi,Poco F5,29999,2023,3,Jaipur,Individual,8,128,Dimensity 9200,120,70,50,Fair,No,,Yes,Yes,Yes,No,5G,,9500
Realme,11 Pro+,32999,2024,2,Hyderabad,Dealer,6,512,Tensor G2,120,88,108,Good,No,Heavy,Yes,Yes,No,No,5G,Screen Replaced,14200
Apple,iPhone 12,65999,2022,4,Kolkata,Individual,12,512,A16 Bionic,90,65,50,Fair,No,Minor,Yes,Yes,No,No,5G,,21600
Apple,iPhone 11,49999,2026,0,Mumbai,Dealer,6,128,Tensor G3,60,95,200,Fair,No,Heavy,Yes,Yes,Yes,Yes,5G,,36700
OnePlus,11R,39999,2024,2,Lucknow,Individual,8,128,A15 Bionic,60,84,48,Excellent,No,Minor,Yes,No,No,No,5G,,22800
Vivo,X90,59999,2024,2,Hyderabad,Individual,8,256,Snapdragon 695,120,88,48,Good,No,Minor,No,Yes,Yes,No,5G,,29000
Apple,iPhone 14,79999,2026,0,Kolkata,Individual,8,128,Snapdragon 695,120,93,50,Fair,No,Moderate,No,Yes,Yes,Yes,5G,Battery Replaced,61100
Samsung,Galaxy S22,62999,2026,0,Pune,Individual,16,256,Snapdragon 8 Gen 2,120,98,108,Excellent,No,,No,Yes,Yes,Yes,5G,Battery Replaced,55000
Vivo,V29,32999,2024,2,Lucknow,Individual,8,128,Snapdragon 695,120,86,64,Excellent,No,Minor,Yes,Yes,No,No,5G,,16300
Google,Pixel 8,75999,2022,4,Lucknow,Individual,12,128,Snapdragon 8 Gen 3,120,81,48,Excellent,No,Minor,Yes,Yes,Yes,No,5G,,30400
Apple,iPhone 13,69999,2021,5,Pune,Individual,8,128,Snapdragon 695,60,74,200,Excellent,No,Minor,No,No,Yes,No,4G,,23200
OnePlus,11R,39999,2023,3,Patna,Individual,4,256,A17 Pro,120,82,200,Excellent,No,Minor,No,Yes,Yes,No,5G,,17500
Vivo,X90,59999,2026,0,Mumbai,Individual,12,128,Dimensity 8200,90,85,108,Fair,No,,Yes,Yes,No,No,5G,Battery Replaced,37200
Motorola,G84,19999,2026,0,Patna,Individual,8,128,A17 Pro,120,92,50,Excellent,No,Moderate,No,Yes,No,Yes,5G,,15600
Apple,iPhone 11,49999,2022,4,Patna,Individual,12,128,Snapdragon 8 Gen 3,90,66,108,Good,No,,No,Yes,Yes,No,5G,,17900
Oppo,Reno 10,32999,2022,4,Kolkata,Individual,12,256,Tensor G3,120,79,200,Good,No,Minor,No,Yes,Yes,No,5G,,10200
OnePlus,Nord 3,33999,2024,2,Chennai,Individual,8,128,Tensor G2,120,86,48,Good,No,Minor,Yes,Yes,Yes,No,5G,,17100
Xiaomi,Poco F5,29999,2026,0,Patna,Individual,6,512,Dimensity 8200,90,99,48,Excellent,No,Minor,Yes,Yes,No,Yes,5G,Battery Replaced,24100
Vivo,X90,59999,2024,2,Mumbai,Dealer,16,512,Dimensity 9200,120,94,200,Fair,No,Moderate,Yes,No,No,No,5G,,25600
Oppo,F25,23999,2021,5,Delhi,Individual,8,256,Tensor G3,90,77,64,Good,No,Heavy,Yes,Yes,Yes,No,4G,,5700
Nothing,Phone (2a),25999,2022,4,Bengaluru,Individual,4,128,A16 Bionic,90,73,64,Excellent,No,,No,Yes,No,No,5G,Battery Replaced,8800
Realme,11 Pro+,32999,2025,1,Kolkata,Dealer,8,64,Tensor G3,120,93,50,Excellent,No,,Yes,Yes,No,No,5G,,21700
Google,Pixel 8,75999,2022,4,Patna,Dealer,8,256,Dimensity 9200,120,78,48,Good,No,Minor,Yes,Yes,Yes,No,5G,,27300
Motorola,Edge 40,29999,2021,5,Hyderabad,Dealer,12,64,Snapdragon 8 Gen 3,60,70,64,Excellent,No,Moderate,No,Yes,Yes,No,5G,,8300
Xiaomi,Xiaomi 13 Pro,79999,2025,1,Bengaluru,Individual,16,256,Tensor G3,120,92,64,Fair,No,,Yes,Yes,Yes,No,5G,,40800
Samsung,Galaxy S22,62999,2025,1,Patna,Individual,4,256,Snapdragon 8 Gen 3,60,89,108,Excellent,No,Minor,Yes,Yes,Yes,No,5G,,43600
